# Converted from signal_jammer_draft.glb for SBW Drone Warfare
# Source asset: Signal Jammer {Draft} by AspectStudios, CC-BY-4.0
mtllib drone_jammer.mtl
o drone_jammer
v -0.169010 0.045456 0.027026
v -0.157390 0.045088 0.031300
v -0.165041 0.043597 0.027679
v -0.167815 0.044263 -0.025840
v -0.182613 0.044201 -0.003051
v -0.143661 0.043699 -0.028157
v -0.126483 0.044461 0.017947
v -0.121371 0.044256 0.001331
v -0.143232 0.043704 0.029677
v -0.133667 0.122116 0.012733
v -0.141140 0.118731 0.022298
v -0.142483 0.123150 0.020341
v -0.130089 0.122709 0.001008
v -0.132178 0.116836 0.016168
v -0.130417 0.117810 -0.010281
v -0.127675 0.118134 0.001993
v -0.134542 0.123085 -0.012207
v -0.145314 0.122211 -0.020114
v -0.134045 0.113645 -0.017900
v -0.164857 0.122121 -0.017270
v -0.171599 0.122090 -0.009552
v -0.170155 0.118422 -0.015449
v -0.176194 0.117006 -0.006303
v -0.161823 0.675000 0.006723
v -0.144024 0.674671 0.008363
v -0.155839 0.672516 0.015547
v -0.137621 0.672894 -0.001581
v -0.137775 0.672124 0.006109
v -0.148775 0.674707 -0.010075
v -0.141264 0.672285 -0.009886
v -0.151889 0.672152 -0.014801
v -0.167666 0.671818 -0.001158
v -0.160973 0.672775 -0.011125
v -0.147379 0.046035 0.031474
v -0.159609 0.062446 0.025035
v -0.176878 0.044159 0.019313
v -0.170677 0.062624 0.018187
v -0.182078 0.045382 0.009724
v -0.182613 0.044201 -0.003051
v -0.177420 0.062298 -0.000261
v -0.176239 0.045229 -0.018715
v -0.167815 0.044263 -0.025840
v -0.170070 0.062703 -0.017147
v -0.155419 0.045351 -0.030214
v -0.158663 0.062646 -0.023782
v -0.140663 0.045652 -0.028104
v -0.147144 0.062713 -0.023918
v -0.130766 0.044530 -0.021426
v -0.139004 0.062054 -0.020947
v -0.124307 0.044474 -0.012281
v -0.121947 0.046221 -0.005501
v -0.130251 0.062458 -0.012038
v -0.121371 0.044256 0.001331
v -0.126994 0.062524 -0.000298
v -0.122676 0.045068 0.009988
v -0.128115 0.062552 0.007938
v -0.126483 0.044461 0.017947
v -0.134226 0.045202 0.026226
v -0.137475 0.062700 0.021341
v -0.147379 0.046035 0.031474
v -0.146504 0.062182 0.025602
v -0.068304 0.044453 0.019616
v -0.074666 0.044121 0.003148
v -0.072990 0.045706 0.011665
v -0.027166 0.043705 -0.023894
v -0.050729 0.044200 -0.029204
v -0.016029 0.043694 -0.009954
v -0.022065 0.045448 0.022968
v -0.015723 0.044811 0.013619
v -0.024564 0.043629 0.023443
v -0.040089 0.122214 0.022507
v -0.030698 0.122147 0.018260
v -0.030845 0.118531 0.021401
v -0.024117 0.122539 0.010789
v -0.022102 0.122716 -0.002704
v -0.028229 0.122354 -0.014567
v -0.021064 0.117457 -0.008776
v -0.037809 0.122072 -0.020447
v -0.025525 0.117660 -0.015910
v -0.045946 0.122482 -0.020951
v -0.038910 0.118232 -0.023325
v -0.049138 0.116901 -0.023528
v -0.062501 0.121974 -0.011204
v -0.065364 0.121939 -0.003939
v -0.068744 0.117043 -0.003218
v -0.065399 0.121732 0.006889
v -0.067730 0.117460 0.007456
v -0.063887 0.115519 0.016634
v -0.045993 0.117344 0.025540
v -0.050394 0.122342 0.021735
v -0.044304 0.674520 0.012231
v -0.032529 0.674010 0.006480
v -0.034590 0.671889 0.013362
v -0.033095 0.674569 -0.002002
v -0.028002 0.671366 -0.000532
v -0.028804 0.671223 0.005674
v -0.044728 0.674244 -0.011417
v -0.031668 0.672303 -0.008116
v -0.038685 0.671512 -0.014328
v -0.053718 0.672867 -0.010023
v -0.050800 0.670614 -0.014026
v -0.058412 0.671162 -0.005661
v -0.054792 0.674628 -0.002738
v -0.053745 0.672886 0.011759
v -0.059222 0.672234 0.002032
v -0.043868 0.045949 0.031893
v -0.054823 0.045260 0.029820
v -0.049776 0.062506 0.025570
v -0.062341 0.044477 0.025505
v -0.059224 0.062191 0.020867
v -0.068304 0.044453 0.019616
v -0.072990 0.045706 0.011665
v -0.065389 0.062500 0.013976
v -0.074666 0.044121 0.003148
v -0.068708 0.062439 0.005355
v -0.072620 0.044503 -0.011073
v -0.064203 0.044743 -0.022956
v -0.065351 0.062649 -0.012847
v -0.050729 0.044200 -0.029204
v -0.055221 0.062377 -0.022014
v -0.037047 0.044843 -0.029603
v -0.023907 0.045178 -0.023124
v -0.034878 0.062415 -0.022771
v -0.014172 0.045663 -0.008671
v -0.026074 0.062612 -0.017153
v -0.013451 0.044344 0.005366
v -0.018753 0.062141 -0.001163
v -0.015723 0.044811 0.013619
v -0.022065 0.045448 0.022968
v -0.024853 0.062042 0.017530
v -0.032575 0.045130 0.029653
v -0.031571 0.062275 0.022810
v -0.043868 0.045949 0.031893
v -0.039728 0.062727 0.025611
v 0.175274 0.044346 0.028446
v 0.188993 0.044600 0.031842
v 0.160154 0.044057 -0.009567
v 0.202350 0.044615 0.028798
v 0.210763 0.044214 0.022810
v 0.205707 0.116085 0.019824
v 0.200382 0.116611 0.023337
v 0.196464 0.122331 0.021585
v 0.207887 0.122876 0.012621
v 0.206053 0.122301 -0.013224
v 0.200136 0.121498 -0.018805
v 0.209027 0.117250 -0.014281
v 0.180188 0.122294 -0.019264
v 0.172489 0.121712 -0.013789
v 0.175213 0.116933 -0.019919
v 0.169594 0.121974 -0.009042
v 0.167371 0.122157 -0.001421
v 0.165238 0.117004 -0.006399
v 0.164786 0.117905 0.004682
v 0.168923 0.122940 0.008781
v 0.170436 0.118112 0.016441
v 0.177395 0.122294 0.019468
v 0.203584 0.672475 0.005589
v 0.200037 0.671708 0.012130
v 0.192819 0.674339 0.012069
v 0.203754 0.671773 -0.004821
v 0.200375 0.674724 -0.000995
v 0.186313 0.674400 -0.010783
v 0.177805 0.674597 -0.001157
v 0.175430 0.672024 -0.006737
v 0.180321 0.674477 0.008330
v 0.186361 0.672393 0.015597
v 0.180437 0.671531 0.013909
v 0.188993 0.044600 0.031842
v 0.175274 0.044346 0.028446
v 0.178377 0.062529 0.023558
v 0.165078 0.045070 0.020666
v 0.170926 0.062389 0.018345
v 0.159721 0.044290 0.009652
v 0.158242 0.045253 0.000798
v 0.163900 0.062580 0.000836
v 0.160154 0.044057 -0.009567
v 0.165677 0.044727 -0.019491
v 0.165843 0.062513 -0.008971
v 0.173933 0.044984 -0.026153
v 0.172105 0.062134 -0.018077
v 0.210966 0.045029 -0.021421
v 0.219159 0.045232 -0.007887
v 0.207578 0.062477 -0.016583
v 0.219971 0.044489 0.003385
v 0.214377 0.062508 -0.000450
v 0.202350 0.044615 0.028798
v 0.188993 0.044600 0.031842
v 0.198866 0.062754 0.024288
v 0.044097 0.046189 0.003524
v 0.047446 0.045283 0.014789
v 0.044828 0.043643 0.002010
v 0.071454 0.045722 -0.030216
v 0.059308 0.045087 -0.025911
v 0.073092 0.043762 -0.029352
v 0.085199 0.044765 -0.028417
v 0.094483 0.043711 -0.021921
v 0.075744 0.122305 0.022547
v 0.083160 0.122701 0.021252
v 0.071143 0.117552 0.025499
v 0.091843 0.123007 0.014871
v 0.089716 0.116597 0.021108
v 0.095949 0.122229 -0.006096
v 0.092551 0.122308 -0.013024
v 0.099814 0.116120 -0.005176
v 0.079706 0.122277 -0.020501
v 0.073218 0.122807 -0.021143
v 0.081179 0.117141 -0.023368
v 0.065580 0.122168 -0.018926
v 0.056073 0.119056 -0.013804
v 0.064547 0.117954 -0.021315
v 0.056967 0.123036 -0.011611
v 0.053519 0.122103 -0.002487
v 0.061993 0.122346 0.018336
v 0.052967 0.117778 0.012130
v 0.056843 0.122224 0.012599
v 0.089215 0.672226 0.007050
v 0.080874 0.671534 0.015517
v 0.079881 0.674635 0.011228
v 0.083587 0.674722 -0.006952
v 0.072659 0.672142 -0.014562
v 0.079584 0.671539 -0.014305
v 0.066094 0.674631 -0.005948
v 0.061985 0.673169 0.006902
v 0.060252 0.672469 -0.001632
v 0.085054 0.044331 0.030080
v 0.070142 0.045892 0.031752
v 0.081893 0.062544 0.025018
v 0.055606 0.044452 0.024912
v 0.057126 0.062315 0.018336
v 0.052460 0.062615 0.011683
v 0.051896 0.044347 -0.019519
v 0.059308 0.045087 -0.025911
v 0.063847 0.062671 -0.021871
v 0.071454 0.045722 -0.030216
v 0.085199 0.044765 -0.028417
v 0.081691 0.062526 -0.023536
v 0.092479 0.045953 -0.025033
v 0.102551 0.044667 -0.013772
v 0.089838 0.062130 -0.019919
v 0.106434 0.045662 0.003288
v 0.097529 0.062612 -0.011452
v 0.100927 0.044388 0.017780
v 0.097461 0.062202 0.012537
v 0.093158 0.045947 0.026116
v 0.091591 0.062158 0.020192
v -0.023052 -0.100465 -0.069610
v -0.029388 -0.101340 -0.069631
v -0.033160 -0.113079 -0.069702
v -0.029057 -0.127089 -0.069728
v -0.028697 -0.114996 -0.069677
v -0.024356 -0.065611 -0.069646
v -0.029392 -0.067257 -0.069627
v -0.032854 -0.078203 -0.069644
v 0.053309 -0.094253 -0.069694
v 0.055482 -0.094563 -0.069825
v 0.062088 -0.087866 -0.069673
v 0.202740 -0.622232 0.065954
v -0.178280 -0.622122 0.065837
v 0.202989 -0.438647 0.065834
v -0.178377 -0.438750 0.065828
v -0.221748 -0.135937 0.033669
v -0.221748 -0.135937 0.033669
v -0.221748 -0.135937 0.033669
v -0.221748 -0.135937 0.033669
v -0.221748 -0.135937 0.033669
v -0.221748 -0.135937 0.033669
v -0.221748 -0.135937 0.033669
v -0.221795 -0.135821 0.033605
v -0.221795 -0.135821 0.033605
v -0.221795 -0.135821 0.033605
v -0.221795 -0.135821 0.033605
v -0.221905 -0.135727 0.033536
v -0.221795 -0.135821 0.033605
v -0.221795 -0.135821 0.033605
v -0.221795 -0.135821 0.033605
v -0.221795 -0.135821 0.033605
v -0.221795 -0.135821 0.033605
v -0.221795 -0.135821 0.033605
v -0.221795 -0.135821 0.033605
v -0.221795 -0.135821 0.033605
v -0.221795 -0.135821 0.033605
v -0.221002 -0.137554 -0.032220
v -0.221002 -0.137554 -0.032220
v -0.221001 -0.137554 -0.032220
v -0.221001 -0.137554 -0.032220
v -0.221001 -0.137554 -0.032220
v -0.221001 -0.137554 -0.032220
v -0.221001 -0.137554 -0.032220
v -0.221764 -0.135875 0.033643
v -0.221748 -0.135937 0.033669
v -0.221303 -0.136436 0.033598
v -0.221795 -0.135821 0.033605
v -0.221795 -0.135821 0.033605
v -0.221054 -0.137398 0.033748
v -0.221002 -0.137554 0.033780
v -0.221054 -0.137398 0.033748
v -0.221303 -0.136436 0.033598
v -0.221002 -0.137554 0.033780
v -0.221001 -0.137555 0.033780
v -0.221053 -0.137399 -0.032189
v -0.221002 -0.137554 -0.032220
v -0.221484 -0.135988 -0.031978
v -0.221054 -0.137398 -0.032189
v -0.221054 -0.137398 -0.032189
v -0.228787 -0.130231 0.030034
v -0.228787 -0.130182 0.030151
v -0.217530 -0.130231 0.030034
v -0.245673 -0.130231 0.030034
v -0.228786 -0.130180 0.030151
v -0.228787 -0.130231 0.030034
v -0.240045 -0.130231 0.030034
v -0.228787 -0.130231 0.030034
v -0.228787 -0.130053 0.030259
v -0.228787 -0.129852 0.030354
v -0.228786 -0.130047 0.030262
v -0.228787 -0.128937 0.030486
v -0.228787 -0.129270 0.030469
v -0.228787 -0.129273 0.030469
v -0.228787 -0.128936 0.030486
v -0.228777 -0.129471 0.030443
v -0.228787 -0.129852 0.030354
v -0.228787 -0.129852 0.030354
v -0.228787 -0.129852 0.030354
v -0.227351 -0.025348 0.030907
v -0.227295 -0.025111 0.031016
v -0.227351 -0.025348 0.030907
v -0.227471 -0.026004 0.030716
v -0.227296 -0.025113 0.031015
v -0.227499 -0.025572 0.030762
v -0.227499 -0.025572 0.030762
v -0.227351 -0.025348 0.030907
v -0.227499 -0.025572 0.030762
v -0.228787 -0.130187 0.030151
v -0.228787 -0.130187 0.030152
v -0.228787 -0.130058 0.030260
v -0.228787 -0.130058 0.030260
v -0.228787 -0.129852 0.030354
v -0.228787 -0.129852 0.030354
v -0.228787 -0.128936 0.030486
v -0.228787 -0.128936 0.030486
v -0.228787 -0.129271 0.030470
v -0.228787 -0.128936 0.030486
v -0.228787 -0.129271 0.030470
v -0.221138 -0.020492 -0.032114
v -0.221001 -0.137554 -0.032220
v -0.221002 -0.137554 -0.032220
v -0.228787 -0.130231 0.030034
v -0.228787 -0.130231 0.030034
v 0.230899 -0.673704 -0.065385
v 0.223390 -0.675000 -0.063111
v 0.230899 -0.673704 -0.065385
v 0.230899 -0.673704 -0.065385
v 0.223390 -0.675000 0.064671
v 0.230898 -0.673704 0.066946
v 0.223390 -0.675000 0.064671
v 0.230899 -0.673704 0.066944
v 0.223390 -0.675000 0.064671
v 0.230899 -0.673704 0.066944
v 0.223390 -0.675000 0.064671
v 0.223390 -0.675000 0.064671
v 0.230900 -0.673704 0.066944
v 0.223390 -0.675000 0.064671
v 0.235231 -0.672323 0.067827
v 0.230900 -0.673704 0.066944
v 0.230899 -0.673704 0.066944
v 0.230841 -0.673543 -0.065669
v 0.230899 -0.673704 -0.065385
v 0.235725 -0.672323 -0.066180
v -0.229228 -0.129878 -0.028475
v -0.228787 -0.130187 0.030151
v -0.228787 -0.130058 0.030260
v -0.228787 -0.130182 0.030151
v -0.228787 -0.130053 0.030259
v -0.228787 -0.129852 0.030354
v -0.229302 -0.026410 0.030243
v -0.229894 -0.129813 0.030257
v -0.229894 -0.129813 0.030257
v -0.125542 0.107776 -0.005028
v -0.126662 0.107174 0.009884
v -0.147364 0.117544 -0.023699
v -0.139331 0.093505 -0.024690
v -0.146792 0.103143 -0.026156
v -0.174776 0.108126 -0.014064
v -0.168693 0.090328 -0.022197
v -0.165841 0.108033 -0.022489
v -0.175698 0.088047 -0.014917
v -0.178945 0.107040 0.005709
v -0.180580 0.090706 0.001710
v -0.177368 0.088226 0.013602
v -0.172953 0.118815 0.013055
v -0.173159 0.104292 0.019004
v -0.154066 0.118052 0.025352
v -0.146931 0.106582 0.027663
v -0.162843 0.107066 0.025813
v -0.141262 0.656692 0.017100
v -0.142111 0.672288 0.012388
v -0.134446 0.649127 0.011755
v -0.142955 0.635922 0.020304
v -0.132244 0.648565 0.006449
v -0.133348 0.660513 0.000316
v -0.131164 0.636400 -0.003273
v -0.135296 0.642732 -0.011973
v -0.134578 0.659573 -0.006654
v -0.141741 0.663310 -0.014290
v -0.149929 0.648916 -0.019948
v -0.153994 0.664180 -0.017204
v -0.159245 0.635669 -0.019487
v -0.160396 0.659847 -0.016464
v -0.167037 0.648825 -0.013917
v -0.165476 0.671131 -0.007941
v -0.171408 0.658769 -0.001267
v -0.162630 0.659194 0.016972
v -0.163456 0.671501 0.011775
v -0.158565 0.633876 0.021600
v -0.167836 0.643756 0.014950
v -0.169010 0.045456 0.027026
v -0.165041 0.043597 0.027679
v -0.176878 0.044159 0.019313
v -0.140663 0.045652 -0.028104
v -0.155419 0.045351 -0.030214
v -0.130766 0.044530 -0.021426
v -0.134226 0.045202 0.026226
v -0.154282 0.122145 0.022744
v -0.155379 0.122095 -0.020854
v -0.160837 0.118100 -0.022123
v -0.174584 0.121660 0.000742
v -0.172223 0.123220 0.009498
v -0.164533 0.121715 0.019402
v -0.149340 0.671156 0.016418
v -0.166913 0.671868 0.005694
v -0.146504 0.062182 0.025602
v -0.176154 0.062318 0.008733
v -0.181254 0.044880 -0.010062
v -0.175722 0.062771 -0.008408
v -0.131571 0.062638 0.015342
v -0.045993 0.117344 0.025540
v -0.037622 0.107407 0.027106
v -0.042150 0.092377 0.029312
v -0.030492 0.091087 0.025864
v -0.026358 0.108703 0.021175
v -0.016449 0.105251 0.000934
v -0.019386 0.118203 0.001087
v -0.018146 0.092595 -0.011454
v -0.039923 0.104273 -0.026479
v -0.028851 0.106394 -0.021918
v -0.059130 0.103933 -0.022604
v -0.065659 0.086944 -0.017389
v -0.052025 0.092164 -0.026512
v -0.056858 0.121894 -0.017329
v -0.064940 0.109431 -0.015808
v -0.070062 0.100053 -0.009370
v -0.071371 0.082869 -0.003876
v -0.072008 0.097688 0.002286
v -0.068065 0.097991 0.015445
v -0.063187 0.092238 0.021987
v -0.070693 0.087068 0.009434
v -0.056425 0.117965 0.021837
v -0.052731 0.106913 0.026446
v -0.042150 0.092377 0.029312
v -0.045935 0.654977 0.020475
v -0.037562 0.662005 0.018267
v -0.036141 0.640430 0.020794
v -0.045382 0.671552 0.016435
v -0.025588 0.658245 0.006418
v -0.023592 0.645558 -0.004720
v -0.029103 0.662255 -0.010811
v -0.047286 0.659009 -0.018177
v -0.061314 0.659867 -0.007609
v -0.062876 0.657354 0.005441
v -0.065340 0.635733 0.002324
v -0.061539 0.636321 0.012946
v -0.058382 0.666919 0.010901
v -0.053448 0.664434 0.016073
v -0.051740 0.640924 0.020812
v -0.032575 0.045130 0.029653
v -0.057594 0.122824 0.017649
v -0.013451 0.044344 0.005366
v -0.072620 0.044503 -0.011073
v -0.044426 0.043787 0.030951
v -0.049776 0.062506 0.025570
v -0.069009 0.062478 -0.002241
v -0.043793 0.062578 -0.024506
v -0.020658 0.062624 -0.009035
v -0.019726 0.062490 0.008626
v 0.192211 0.108475 0.027554
v 0.194530 0.087827 0.028513
v 0.184100 0.093196 0.028817
v 0.214689 0.109483 0.009401
v 0.212157 0.092240 0.017888
v 0.217476 0.088912 -0.001763
v 0.216430 0.090770 0.008460
v 0.215972 0.108266 -0.002328
v 0.166198 0.108842 -0.012894
v 0.162398 0.089690 -0.008410
v 0.168957 0.093242 -0.019332
v 0.160696 0.093224 0.002735
v 0.165834 0.092312 0.017246
v 0.164742 0.107853 0.011973
v 0.210275 0.643500 0.002472
v 0.208388 0.657846 -0.003386
v 0.209193 0.637811 -0.006713
v 0.205662 0.642229 -0.012422
v 0.199789 0.664374 -0.014010
v 0.197675 0.643145 -0.018742
v 0.191069 0.664058 -0.017243
v 0.181021 0.660858 -0.016241
v 0.174333 0.663912 -0.009357
v 0.168748 0.633987 0.008228
v 0.174664 0.661452 0.012765
v 0.177443 0.636248 0.018665
v 0.184100 0.093196 0.028817
v 0.187358 0.062470 0.026001
v 0.178240 0.096725 -0.025445
v 0.184747 0.062535 -0.024261
v 0.159721 0.044290 0.009652
v 0.196009 0.045293 -0.029730
v 0.200913 0.043754 -0.026856
v 0.210798 0.121306 -0.005649
v 0.185059 0.117376 -0.023672
v 0.191690 0.122244 -0.021396
v 0.180597 0.117431 0.024067
v 0.189323 0.121734 0.023090
v 0.194267 0.671137 0.015831
v 0.196962 0.672426 -0.012345
v 0.185009 0.671644 -0.014301
v 0.174081 0.671842 0.004291
v 0.216246 0.043669 -0.011952
v 0.182412 0.044359 -0.029307
v 0.165940 0.062589 0.010297
v 0.182412 0.044359 -0.029307
v 0.212870 0.062560 -0.007952
v 0.212958 0.062510 0.009735
v 0.217721 0.045398 0.013383
v 0.207053 0.062614 0.018668
v 0.210763 0.044214 0.022810
v 0.079031 0.108164 0.027549
v 0.087359 0.092317 0.026413
v 0.076274 0.088735 0.029141
v 0.098084 0.105690 0.016219
v 0.093755 0.093574 0.022266
v 0.089716 0.116597 0.021108
v 0.102281 0.103504 0.006160
v 0.101327 0.087096 0.011299
v 0.098084 0.105690 0.016219
v 0.103474 0.091471 -0.000850
v 0.088727 0.104811 -0.023109
v 0.083380 0.092909 -0.026471
v 0.092331 0.089728 -0.021537
v 0.081179 0.117141 -0.023368
v 0.086547 0.122340 -0.018184
v 0.093985 0.111443 -0.017565
v 0.064547 0.117954 -0.021315
v 0.064324 0.099189 -0.025108
v 0.071843 0.108794 -0.025847
v 0.056111 0.105022 -0.019321
v 0.050469 0.108376 -0.009894
v 0.049660 0.088797 -0.011716
v 0.056111 0.105022 -0.019321
v 0.047787 0.106179 0.001181
v 0.059914 0.109717 0.022699
v 0.051954 0.093997 0.017478
v 0.052967 0.117778 0.012130
v 0.066088 0.094251 0.027791
v 0.057814 0.089327 0.023014
v 0.071143 0.117552 0.025499
v 0.079031 0.108164 0.027549
v 0.074952 0.658256 0.020142
v 0.072939 0.671699 0.016160
v 0.080874 0.671534 0.015517
v 0.087410 0.664205 0.014081
v 0.089215 0.672226 0.007050
v 0.093065 0.661667 0.006637
v 0.096305 0.642420 -0.000446
v 0.094584 0.651096 -0.005865
v 0.086887 0.671897 -0.009421
v 0.088094 0.663393 -0.012116
v 0.090210 0.672083 -0.001972
v 0.090231 0.642218 -0.014240
v 0.081132 0.656528 -0.017942
v 0.079195 0.635884 -0.020387
v 0.057498 0.647065 -0.010672
v 0.062054 0.671061 -0.008154
v 0.056887 0.664024 0.000104
v 0.053968 0.637624 0.003938
v 0.057511 0.658567 0.008792
v 0.057730 0.635599 0.013293
v 0.066045 0.672095 0.013171
v 0.065636 0.663192 0.016347
v 0.070142 0.045892 0.031752
v 0.071155 0.043743 0.030325
v 0.055606 0.044452 0.024912
v 0.044828 0.043643 0.002010
v 0.045942 0.045228 -0.009846
v 0.044828 0.043643 0.002010
v 0.051896 0.044347 -0.019519
v 0.073092 0.043762 -0.029352
v 0.102551 0.044667 -0.013772
v 0.092479 0.045953 -0.025033
v 0.104649 0.043836 0.006579
v 0.085054 0.044331 0.030080
v 0.093158 0.045947 0.026116
v 0.100927 0.044388 0.017780
v 0.096788 0.123292 0.004689
v 0.099138 0.116158 0.007898
v 0.086547 0.122340 -0.018184
v 0.050809 0.118295 -0.001571
v 0.053645 0.121574 0.005812
v 0.068611 0.122538 0.021649
v 0.072939 0.671699 0.016160
v 0.090210 0.672083 -0.001972
v 0.086887 0.671897 -0.009421
v 0.067249 0.671830 -0.012885
v 0.062054 0.671061 -0.008154
v 0.066045 0.672095 0.013171
v 0.104649 0.043836 0.006579
v 0.072468 0.061743 0.026037
v 0.064755 0.063118 0.023852
v 0.050203 0.062766 0.004413
v 0.050560 0.062631 -0.005566
v 0.055704 0.062286 -0.015514
v 0.073817 0.062576 -0.024385
v 0.100520 0.062173 0.002412
v 0.087410 0.664205 0.014081
v -0.029046 -0.092995 -0.069898
v -0.032256 -0.092023 -0.069495
v 0.023993 -0.074627 -0.069913
v 0.029067 -0.089563 -0.069676
v 0.030348 -0.079791 -0.069601
v 0.041022 -0.071666 -0.069580
v -0.030247 -0.054407 -0.069707
v -0.032207 -0.058021 -0.069615
v -0.017422 -0.106204 -0.069965
v -0.012954 -0.101291 -0.069545
v 0.044234 -0.102005 -0.069665
v -0.008442 -0.064519 -0.069702
v -0.005659 -0.045581 -0.069670
v -0.004365 -0.055418 -0.069611
v 0.020442 -0.090385 -0.059778
v 0.013193 -0.086806 -0.059576
v 0.024815 -0.097906 -0.059579
v -0.221002 -0.137554 0.033780
v -0.221001 -0.137554 0.033780
v -0.221001 -0.137554 0.033780
v -0.221001 -0.137554 0.033780
v -0.221748 -0.135937 0.033669
v -0.221748 -0.135937 0.033669
v -0.221748 -0.135937 0.033669
v -0.221748 -0.135937 0.033669
v -0.221484 -0.135988 -0.031978
v -0.221001 -0.137554 -0.032220
v -0.221002 -0.137554 -0.032220
v -0.228787 -0.129852 0.030354
v -0.228787 -0.129852 0.030354
v -0.228787 -0.128936 0.030486
v -0.228787 -0.128936 0.030486
v -0.228787 -0.129852 0.030354
v -0.221083 -0.020474 0.033653
v -0.221001 -0.137554 0.033780
v -0.221001 -0.137554 0.033780
v -0.221002 -0.137554 0.033780
v -0.221002 -0.137554 0.033780
v 0.230897 -0.673704 -0.065385
v 0.223390 -0.675000 -0.063111
v 0.223390 -0.675000 -0.063111
v 0.223390 -0.675000 -0.063111
v 0.223390 -0.675000 -0.063111
v 0.230900 -0.673704 0.066944
v 0.230776 -0.673525 0.067249
v -0.221083 -0.020474 0.033653
v -0.229302 -0.026410 0.030243
v -0.227793 -0.130418 0.030542
v -0.227793 -0.130418 0.030542
v -0.226746 -0.135447 -0.031392
v -0.227351 -0.130923 -0.029342
v -0.227793 -0.130418 0.030542
v -0.228138 -0.026130 -0.028819
v -0.227351 -0.130923 -0.029342
v -0.226746 -0.135447 -0.031392
v -0.228138 -0.026130 -0.028819
v -0.141849 0.088120 0.026988
v -0.153665 0.088731 0.029157
v -0.146931 0.106582 0.027663
v -0.134623 0.092311 0.023087
v -0.127459 0.092070 0.014966
v -0.124041 0.089165 0.003209
v -0.124940 0.086687 -0.006267
v -0.130108 0.089352 -0.017091
v -0.151234 0.088236 -0.027530
v -0.158167 0.095616 -0.027144
v -0.179662 0.093884 -0.006007
v -0.167993 0.087839 0.024340
v -0.153665 0.088731 0.029157
v -0.142021 0.636707 -0.018081
v -0.171246 0.638238 -0.008916
v -0.151010 0.655522 0.020555
v -0.173559 0.637117 0.001946
v -0.170602 0.650830 0.009977
v -0.157390 0.045088 0.031300
v -0.181254 0.044880 -0.010062
v -0.155419 0.045351 -0.030214
v -0.143232 0.043704 0.029677
v -0.022097 0.091300 0.018993
v -0.019442 0.107759 0.012213
v -0.022485 0.093059 -0.017810
v -0.030428 0.090335 -0.024082
v -0.040979 0.089624 -0.027471
v -0.053042 0.087617 0.027430
v -0.022730 0.636239 0.003750
v -0.028427 0.634743 -0.014324
v -0.048178 0.635997 -0.020411
v -0.029259 0.657294 0.013553
v -0.026769 0.638002 0.013606
v -0.037486 0.645131 -0.019157
v -0.057930 0.643343 -0.015056
v -0.063539 0.636652 -0.007829
v -0.039728 0.062727 0.025611
v -0.015470 0.087711 0.003216
v -0.062341 0.044477 0.025505
v -0.054823 0.045260 0.029820
v -0.023907 0.045178 -0.023124
v -0.014172 0.045663 -0.008671
v -0.014172 0.045663 -0.008671
v -0.044426 0.043787 0.030951
v 0.202264 0.092499 0.026112
v 0.211411 0.121926 0.002907
v 0.213710 0.107323 -0.010729
v 0.212771 0.087079 -0.014805
v 0.207780 0.104955 -0.019747
v 0.204336 0.092581 -0.023253
v 0.195829 0.107602 -0.025519
v 0.195757 0.087773 -0.026714
v 0.186367 0.092102 -0.027481
v 0.174317 0.108770 0.023178
v 0.173218 0.093975 0.024269
v 0.192211 0.108475 0.027554
v 0.187116 0.641861 -0.020356
v 0.177306 0.635724 -0.017014
v 0.171846 0.645051 -0.010971
v 0.168766 0.649487 -0.002915
v 0.185675 0.639911 0.021720
v 0.193458 0.636634 0.021787
v 0.208513 0.637641 0.009916
v 0.185066 0.659378 0.019537
v 0.203512 0.638560 0.016748
v 0.194857 0.658088 0.019239
v 0.203031 0.657297 0.014394
v 0.206436 0.662364 0.007273
v 0.171076 0.662730 0.004432
v 0.197822 0.062313 -0.023059
v 0.165078 0.045070 0.020666
v 0.165677 0.044727 -0.019491
v 0.173933 0.044984 -0.026153
v 0.216246 0.043669 -0.011952
v 0.219971 0.044489 0.003385
v 0.219159 0.045232 -0.007887
v 0.083160 0.122701 0.021252
v 0.093755 0.093574 0.022266
v 0.089716 0.116597 0.021108
v 0.091843 0.123007 0.014871
v 0.099138 0.116158 0.007898
v 0.096788 0.123292 0.004689
v 0.099814 0.116120 -0.005176
v 0.092551 0.122308 -0.013024
v 0.073218 0.122807 -0.021143
v 0.073492 0.086388 -0.027292
v 0.060563 0.083259 -0.023118
v 0.056073 0.119056 -0.013804
v 0.056073 0.119056 -0.013804
v 0.050809 0.118295 -0.001571
v 0.047147 0.089391 0.006248
v 0.061993 0.122346 0.018336
v 0.076274 0.088735 0.029141
v 0.095949 0.122229 -0.006096
v 0.096788 0.123292 0.004689
v 0.092551 0.122308 -0.013024
v 0.079706 0.122277 -0.020501
v 0.073218 0.122807 -0.021143
v 0.065580 0.122168 -0.018926
v 0.063705 0.642902 -0.017075
v 0.056967 0.123036 -0.011611
v 0.053519 0.122103 -0.002487
v 0.053645 0.121574 0.005812
v 0.056843 0.122224 0.012599
v 0.061993 0.122346 0.018336
v 0.071310 0.638098 0.021801
v 0.068611 0.122538 0.021649
v 0.062899 0.645396 0.017910
v 0.075744 0.122305 0.022547
v 0.081845 0.641312 0.021048
v 0.083160 0.122701 0.021252
v 0.090244 0.640336 0.015826
v 0.091843 0.123007 0.014871
v 0.090244 0.640336 0.015826
v 0.095347 0.638918 0.007647
v 0.086887 0.671897 -0.009421
v 0.079584 0.671539 -0.014305
v 0.072659 0.672142 -0.014562
v 0.070705 0.645637 -0.019662
v 0.057498 0.647065 -0.010672
v 0.067249 0.671830 -0.012885
v 0.060252 0.672469 -0.001632
v 0.054590 0.644144 -0.003771
v 0.061985 0.673169 0.006902
v 0.055704 0.062286 -0.015514
v 0.060563 0.083259 -0.023118
v 0.101927 0.093778 -0.008931
v 0.097876 0.092111 -0.016221
v 0.091591 0.062158 0.020192
v 0.047446 0.045283 0.014789
v 0.106434 0.045662 0.003288
v 0.056073 0.119056 -0.013804
v 0.093158 0.045947 0.026116
v 0.056887 0.664024 0.000104
v -0.004556 -0.092745 -0.069661
v -0.221905 -0.135727 0.033536
v -0.221303 -0.136436 0.033598
v -0.221484 -0.135988 -0.031978
v 0.053958 -0.066696 -0.059640
v 0.054543 -0.072225 -0.069733
v 0.059101 -0.079485 -0.059576
v 0.059532 -0.079726 -0.069629
v 0.014633 -0.018783 -0.059717
v 0.016282 -0.018975 -0.069660
v 0.007274 -0.019823 -0.069643
v 0.005331 -0.021181 -0.059672
v 0.007274 -0.019823 -0.069643
v 0.000882 -0.026214 -0.069695
v -0.000209 -0.030144 -0.059608
v 0.002578 -0.043194 -0.059626
v 0.004050 -0.045132 -0.069622
v 0.013835 -0.048638 -0.059547
v 0.014857 -0.048276 -0.069644
v 0.052140 -0.062408 -0.059631
v 0.044013 -0.067932 -0.069561
v 0.054473 -0.059471 -0.069812
v 0.031316 -0.043495 -0.059621
v 0.039355 -0.038054 -0.069568
v 0.030240 -0.045792 -0.069672
v -0.005702 -0.060084 -0.059630
v -0.004365 -0.055418 -0.069611
v -0.004826 -0.048571 -0.059666
v -0.013207 -0.038609 -0.069684
v -0.019237 -0.038482 -0.059616
v -0.010826 -0.039966 -0.059578
v -0.027520 -0.043921 -0.059658
v -0.023891 -0.039941 -0.069633
v -0.030247 -0.054407 -0.069707
v -0.029214 -0.057353 -0.059667
v -0.006992 -0.096779 -0.059641
v -0.012954 -0.101291 -0.069545
v -0.004556 -0.092745 -0.069661
v -0.004736 -0.082729 -0.059596
v -0.028473 -0.093861 -0.059637
v -0.029046 -0.092995 -0.069898
v -0.023052 -0.100465 -0.069610
v -0.019022 -0.102025 -0.059655
v 0.050825 -0.097738 -0.059581
v 0.053309 -0.094253 -0.069694
v 0.054432 -0.083474 -0.059632
v 0.053292 -0.079557 -0.069604
v 0.034692 -0.074820 -0.059674
v 0.041022 -0.071666 -0.069580
v 0.030348 -0.079791 -0.069601
v 0.029158 -0.083569 -0.059620
v 0.019420 -0.079885 -0.059676
v 0.013286 -0.082918 -0.069619
v 0.023993 -0.074627 -0.069913
v 0.025175 -0.070278 -0.059626
v 0.001148 -0.060165 -0.059671
v -0.000613 -0.068733 -0.069644
v 0.000169 -0.071976 -0.059686
v -0.046906 -0.081617 -0.059660
v -0.044047 -0.082584 -0.069651
v -0.037610 -0.081243 -0.059592
v -0.030507 -0.074005 -0.059589
v -0.029392 -0.067257 -0.069627
v -0.030922 -0.060503 -0.059625
v -0.032207 -0.058021 -0.069615
v -0.039707 -0.052855 -0.059627
v 0.008497 -0.116132 -0.059643
v 0.008659 -0.115851 -0.069658
v 0.016292 -0.115919 -0.069634
v 0.021812 -0.112379 -0.059594
v 0.016292 -0.115919 -0.069634
v 0.023866 -0.108933 -0.069666
v 0.020442 -0.090385 -0.059778
v 0.020539 -0.089851 -0.069585
v 0.013193 -0.086806 -0.059576
v 0.011060 -0.086728 -0.069676
v 0.002125 -0.092133 -0.059658
v 0.003469 -0.090728 -0.069707
v 0.002125 -0.092133 -0.059658
v 0.003469 -0.090728 -0.069707
v -0.000562 -0.102035 -0.069618
v 0.000169 -0.106083 -0.059686
v 0.022235 -0.145399 -0.059678
v 0.023171 -0.144631 -0.069685
v 0.025426 -0.136173 -0.069740
v 0.025021 -0.136168 -0.059568
v 0.022226 -0.126123 -0.059642
v 0.020607 -0.124073 -0.069667
v 0.010903 -0.120634 -0.059538
v 0.009981 -0.121038 -0.069667
v -0.000108 -0.130905 -0.059588
v 0.002523 -0.126396 -0.069662
v -0.000699 -0.135813 -0.069712
v 0.002544 -0.146235 -0.069632
v 0.012133 -0.150785 -0.059584
v 0.002445 -0.145265 -0.059651
v 0.048819 -0.133437 -0.059674
v 0.044140 -0.136084 -0.069647
v 0.053462 -0.127933 -0.069691
v 0.053962 -0.125559 -0.059669
v 0.054445 -0.118686 -0.069657
v 0.053556 -0.115797 -0.059664
v 0.035901 -0.107892 -0.059613
v 0.040406 -0.105837 -0.069734
v 0.030151 -0.113966 -0.069640
v 0.029970 -0.115770 -0.059670
v -0.013489 -0.135855 -0.059617
v -0.010841 -0.134206 -0.069660
v -0.005328 -0.127979 -0.069692
v -0.004455 -0.124803 -0.059626
v -0.007146 -0.111539 -0.059641
v -0.008861 -0.109365 -0.069605
v -0.018138 -0.106104 -0.059541
v -0.028697 -0.114996 -0.069677
v -0.027351 -0.112554 -0.059606
v -0.023197 -0.108118 -0.069578
v -0.029791 -0.123985 -0.059565
v -0.038427 -0.116261 -0.059634
v -0.033160 -0.113079 -0.069702
v -0.030051 -0.106116 -0.059617
v -0.029388 -0.101340 -0.069631
v -0.030928 -0.094594 -0.059619
v -0.032256 -0.092023 -0.069495
v -0.040195 -0.086736 -0.059656
v -0.049514 -0.089683 -0.059663
v -0.042872 -0.086190 -0.069604
v -0.054280 -0.095598 -0.069684
v -0.054901 -0.098399 -0.059628
v -0.051442 -0.112369 -0.059633
v -0.044227 -0.116723 -0.069585
v -0.038427 -0.116261 -0.059634
v 0.067022 -0.116430 -0.059662
v 0.068236 -0.116684 -0.069671
v 0.076915 -0.111603 -0.059666
v 0.075600 -0.112930 -0.069685
v 0.062832 -0.087215 -0.059645
v 0.062088 -0.087866 -0.069673
v 0.055482 -0.094563 -0.069825
v 0.054770 -0.097116 -0.059618
v 0.054294 -0.104280 -0.069640
v 0.056929 -0.111432 -0.059654
v -0.229228 -0.129878 -0.028475
v -0.229228 -0.129878 -0.028475
v -0.182078 0.045382 0.009724
v -0.176239 0.045229 -0.018715
v -0.124307 0.044474 -0.012281
v -0.143232 0.043704 0.029677
v -0.157390 0.045088 0.031300
v -0.044426 0.043787 0.030951
v -0.037047 0.044843 -0.029603
v -0.064203 0.044743 -0.022956
v 0.194530 0.087827 0.028513
v 0.200913 0.043754 -0.026856
v 0.158242 0.045253 0.000798
v 0.196009 0.045293 -0.029730
v 0.210966 0.045029 -0.021421
v 0.217721 0.045398 0.013383
v 0.086547 0.122340 -0.018184
v 0.063705 0.642902 -0.017075
v 0.056967 0.123036 -0.011611
v 0.062054 0.671061 -0.008154
v 0.045942 0.045228 -0.009846
v 0.070142 0.045892 0.031752
v 0.051896 0.044347 -0.019519
v -0.042872 -0.086190 -0.069604
v 0.040406 -0.105837 -0.069734
v 0.033804 -0.098705 -0.069637
v 0.074792 -0.079222 -0.059611
v 0.066989 -0.082248 -0.059643
v 0.068882 -0.082608 -0.069714
v 0.078255 -0.075209 -0.069648
v 0.074792 -0.079222 -0.059611
v 0.068882 -0.082608 -0.069714
v 0.079966 -0.068502 -0.059646
v 0.078219 -0.060054 -0.069614
v 0.075223 -0.056227 -0.059566
v 0.068961 -0.052532 -0.069671
v 0.244660 0.039014 0.070976
v 0.241777 0.043534 -0.068477
v 0.245245 0.035994 -0.069713
v 0.234659 0.049110 0.067972
v 0.231684 0.050201 -0.065414
v 0.241777 0.043534 -0.068477
v 0.024574 -0.038922 -0.059576
v 0.023883 -0.040925 -0.069695
v 0.024536 -0.027300 -0.069535
v 0.022864 -0.025135 -0.059594
v -0.000623 -0.035111 -0.069708
v 0.005331 -0.021181 -0.059672
v 0.002578 -0.043194 -0.059626
v 0.004050 -0.045132 -0.069622
v 0.053955 -0.048574 -0.059667
v 0.054412 -0.050368 -0.069627
v 0.049940 -0.041119 -0.069673
v 0.049073 -0.040982 -0.059648
v 0.029563 -0.057346 -0.059667
v 0.028900 -0.054971 -0.069766
v 0.033642 -0.064853 -0.069660
v 0.034427 -0.064931 -0.059648
v -0.014962 -0.067728 -0.059610
v -0.017471 -0.067922 -0.069752
v -0.008442 -0.064519 -0.069702
v -0.014962 -0.067728 -0.059610
v -0.008442 -0.064519 -0.069702
v -0.013207 -0.038609 -0.069684
v -0.010826 -0.039966 -0.059578
v -0.005659 -0.045581 -0.069670
v -0.023891 -0.039941 -0.069633
v -0.027520 -0.043921 -0.059658
v -0.024356 -0.065611 -0.069646
v -0.024059 -0.065227 -0.059659
v -0.023052 -0.100465 -0.069610
v -0.012954 -0.101291 -0.069545
v -0.019022 -0.102025 -0.059655
v -0.005633 -0.079651 -0.069660
v -0.013272 -0.072492 -0.059707
v -0.012223 -0.073217 -0.069657
v -0.012223 -0.073217 -0.069657
v -0.021532 -0.072930 -0.069602
v -0.013272 -0.072492 -0.059707
v 0.044234 -0.102005 -0.069665
v 0.053292 -0.079557 -0.069604
v 0.041022 -0.071666 -0.069580
v 0.045220 -0.072437 -0.059600
v 0.034692 -0.074820 -0.059674
v 0.029067 -0.089563 -0.069676
v 0.031174 -0.095239 -0.059632
v 0.033804 -0.098705 -0.069637
v 0.044234 -0.102005 -0.069665
v 0.039078 -0.101863 -0.059642
v 0.033804 -0.098705 -0.069637
v 0.013286 -0.082918 -0.069619
v 0.019420 -0.079885 -0.059676
v 0.008557 -0.082067 -0.059642
v 0.024953 -0.063775 -0.069661
v 0.019561 -0.054901 -0.069657
v 0.021863 -0.057583 -0.059613
v 0.010889 -0.052587 -0.059510
v 0.019561 -0.054901 -0.069657
v 0.008584 -0.053118 -0.069665
v 0.003321 -0.078203 -0.069669
v 0.008557 -0.082067 -0.059642
v 0.008557 -0.082067 -0.059642
v 0.003321 -0.078203 -0.069669
v 0.013286 -0.082918 -0.069619
v -0.032854 -0.078203 -0.069644
v -0.037610 -0.081243 -0.059592
v -0.032854 -0.078203 -0.069644
v -0.039707 -0.052855 -0.059627
v -0.032207 -0.058021 -0.069615
v -0.041364 -0.052519 -0.069653
v -0.055434 -0.069028 -0.059659
v -0.049772 -0.055595 -0.059660
v -0.051540 -0.056826 -0.069706
v -0.054884 -0.065924 -0.069654
v -0.046906 -0.081617 -0.059660
v -0.053199 -0.075794 -0.069660
v -0.044047 -0.082584 -0.069651
v 0.016292 -0.115919 -0.069634
v 0.021812 -0.112379 -0.059594
v 0.008497 -0.116132 -0.059643
v 0.024815 -0.097906 -0.059579
v 0.025313 -0.099906 -0.069684
v 0.020539 -0.089851 -0.069585
v 0.020442 -0.090385 -0.059778
v 0.001557 -0.110685 -0.069731
v 0.008497 -0.116132 -0.059643
v 0.001557 -0.110685 -0.069731
v 0.022226 -0.126123 -0.059642
v 0.020607 -0.124073 -0.069667
v 0.002445 -0.145265 -0.059651
v 0.002544 -0.146235 -0.069632
v 0.010345 -0.150545 -0.069733
v 0.046662 -0.107322 -0.059674
v 0.050008 -0.109433 -0.069604
v 0.040406 -0.105837 -0.069734
v 0.050008 -0.109433 -0.069604
v 0.046662 -0.107322 -0.059674
v 0.035901 -0.107892 -0.059613
v 0.038327 -0.135906 -0.059658
v 0.033667 -0.133067 -0.069646
v 0.044140 -0.136084 -0.069647
v 0.029324 -0.125068 -0.059604
v 0.029047 -0.123549 -0.069670
v 0.033667 -0.133067 -0.069646
v 0.038327 -0.135906 -0.059658
v -0.010841 -0.134206 -0.069660
v -0.013489 -0.135855 -0.059617
v -0.019373 -0.136158 -0.069666
v -0.004330 -0.118706 -0.069665
v -0.007146 -0.111539 -0.059641
v -0.008861 -0.109365 -0.069605
v -0.017422 -0.106204 -0.069965
v -0.018138 -0.106104 -0.059541
v -0.029057 -0.127089 -0.069728
v -0.024085 -0.133467 -0.059676
v -0.019373 -0.136158 -0.069666
v -0.033160 -0.113079 -0.069702
v -0.038427 -0.116261 -0.059634
v -0.044227 -0.116723 -0.069585
v -0.040195 -0.086736 -0.059656
v -0.032256 -0.092023 -0.069495
v -0.042872 -0.086190 -0.069604
v -0.053644 -0.108953 -0.069668
v -0.051442 -0.112369 -0.059633
v -0.044227 -0.116723 -0.069585
v 0.079289 -0.105526 -0.069594
v 0.076915 -0.111603 -0.059666
v 0.075600 -0.112930 -0.069685
v 0.074019 -0.089423 -0.059637
v 0.079281 -0.097402 -0.059687
v 0.078809 -0.095207 -0.069634
v 0.070740 -0.087388 -0.069632
v 0.062832 -0.087215 -0.059645
v 0.070740 -0.087388 -0.069632
v 0.062088 -0.087866 -0.069673
v 0.058849 -0.113609 -0.069594
v -0.227048 -0.135405 0.033359
v -0.227031 -0.020832 -0.031807
v -0.122676 0.045068 0.009988
v 0.187358 0.062470 0.026001
v 0.072468 0.061743 0.026037
v -0.209635 -0.672940 -0.066350
v -0.214178 -0.669394 0.069265
v -0.205512 -0.674035 0.066571
v 0.244660 0.039014 0.070976
v -0.220723 0.035968 0.071137
v -0.216493 0.044088 0.069961
v 0.234659 0.049110 0.067972
v 0.234659 0.049110 0.067972
v -0.216493 0.044088 0.069961
v -0.206455 0.050290 0.066758
v 0.066898 -0.052918 -0.059642
v 0.075223 -0.056227 -0.059566
v 0.068961 -0.052532 -0.069671
v 0.054473 -0.059471 -0.069812
v 0.044013 -0.067932 -0.069561
v 0.052140 -0.062408 -0.059631
v 0.041325 -0.067669 -0.059658
v 0.039355 -0.038054 -0.069568
v 0.031316 -0.043495 -0.059621
v 0.042152 -0.038265 -0.059656
v -0.012954 -0.101291 -0.069545
v -0.006992 -0.096779 -0.059641
v -0.019022 -0.102025 -0.059655
v -0.024366 -0.075099 -0.059665
v 0.044234 -0.102005 -0.069665
v 0.050825 -0.097738 -0.059581
v 0.039078 -0.101863 -0.059642
v 0.045220 -0.072437 -0.059600
v 0.039078 -0.101863 -0.059642
v 0.031174 -0.095239 -0.059632
v 0.021863 -0.057583 -0.059613
v 0.001697 -0.059252 -0.069613
v -0.053199 -0.075794 -0.069660
v -0.046906 -0.081617 -0.059660
v 0.010345 -0.150545 -0.069733
v 0.016098 -0.149933 -0.069670
v 0.012133 -0.150785 -0.059584
v 0.044140 -0.136084 -0.069647
v 0.048819 -0.133437 -0.059674
v 0.038327 -0.135906 -0.059658
v -0.023197 -0.108118 -0.069578
v -0.013489 -0.135855 -0.059617
v -0.024085 -0.133467 -0.059676
v -0.019373 -0.136158 -0.069666
v -0.049514 -0.089683 -0.059663
v 0.074019 -0.089423 -0.059637
v 0.203154 -0.622233 0.071077
v 0.244981 -0.661079 0.071113
v -0.220323 -0.660509 0.071117
v -0.178494 -0.622205 0.071111
v 0.008584 -0.053118 -0.069665
v 0.010889 -0.052587 -0.059510
v 0.202740 -0.622232 0.065954
v 0.203154 -0.622233 0.071077
v -0.178494 -0.622205 0.071111
v -0.178280 -0.622122 0.065837
v -0.220444 -0.660691 -0.069614
v -0.152446 -0.121686 -0.069599
v -0.156201 -0.109764 -0.069683
v -0.220662 0.035638 -0.069735
v -0.178401 -0.438517 0.071114
v -0.227031 -0.020832 -0.031807
v -0.221138 -0.020492 -0.032114
v -0.221083 -0.020474 0.033653
v -0.227045 -0.020851 0.033367
v 0.091843 0.123007 0.014871
v 0.087410 0.664205 0.014081
v -0.207601 0.049885 -0.065552
v -0.227471 -0.026004 0.030716
v 0.203197 -0.438583 0.071123
v 0.244793 -0.660982 -0.069612
v 0.244981 -0.661079 0.071113
v -0.005328 -0.127979 -0.069692
v -0.000699 -0.135813 -0.069712
v 0.002523 -0.126396 -0.069662
v -0.004330 -0.118706 -0.069665
v 0.235231 -0.672323 0.067827
v -0.214178 -0.669394 0.069265
v 0.235725 -0.672323 -0.066180
v 0.235231 -0.672323 0.067827
v 0.244793 -0.660982 -0.069612
v -0.209635 -0.672940 -0.066350
v 0.235725 -0.672323 -0.066180
v -0.220444 -0.660691 -0.069614
v -0.220323 -0.660509 0.071117
v -0.214178 -0.669394 0.069265
v -0.209635 -0.672940 -0.066350
v 0.245245 0.035994 -0.069713
v 0.241777 0.043534 -0.068477
v -0.216990 0.043558 -0.068533
v 0.059265 -0.055599 -0.059629
v 0.058603 -0.056067 -0.069684
v -0.216990 0.043558 -0.068533
v 0.059265 -0.055599 -0.059629
v 0.058603 -0.056067 -0.069684
v -0.220723 0.035968 0.071137
v -0.220662 0.035638 -0.069735
v -0.216990 0.043558 -0.068533
v -0.216493 0.044088 0.069961
v 0.059101 -0.079485 -0.059576
v 0.059532 -0.079726 -0.069629
v 0.068882 -0.082608 -0.069714
v 0.066989 -0.082248 -0.059643
v 0.013835 -0.048638 -0.059547
v 0.014857 -0.048276 -0.069644
v 0.016282 -0.018975 -0.069660
v 0.014633 -0.018783 -0.059717
v 0.049940 -0.041119 -0.069673
v 0.049073 -0.040982 -0.059648
v 0.033642 -0.064853 -0.069660
v 0.044013 -0.067932 -0.069561
v 0.041325 -0.067669 -0.059658
v 0.034427 -0.064931 -0.059648
v -0.024356 -0.065611 -0.069646
v -0.017471 -0.067922 -0.069752
v -0.014962 -0.067728 -0.059610
v -0.024059 -0.065227 -0.059659
v -0.024366 -0.075099 -0.059665
v -0.021532 -0.072930 -0.069602
v -0.029500 -0.082482 -0.069665
v -0.029200 -0.082706 -0.059630
v -0.049772 -0.055595 -0.059660
v -0.051540 -0.056826 -0.069706
v 0.023171 -0.144631 -0.069685
v 0.022235 -0.145399 -0.059678
v 0.010903 -0.120634 -0.059538
v 0.009981 -0.121038 -0.069667
v 0.058849 -0.113609 -0.069594
v 0.068236 -0.116684 -0.069671
v 0.067022 -0.116430 -0.059662
v 0.056929 -0.111432 -0.059654
v -0.227048 -0.135405 0.033359
v -0.227045 -0.020851 0.033367
v -0.227031 -0.020832 -0.031807
v -0.226746 -0.135447 -0.031392
v -0.221484 -0.135988 -0.031978
v -0.221138 -0.020492 -0.032114
v -0.229302 -0.026410 0.030243
v -0.229894 -0.129813 0.030257
v -0.229228 -0.129878 -0.028475
v -0.228138 -0.026130 -0.028819
v 0.203197 -0.438583 0.071123
v 0.203154 -0.622233 0.071077
v 0.202740 -0.622232 0.065954
v 0.202989 -0.438647 0.065834
v -0.178494 -0.622205 0.071111
v -0.178401 -0.438517 0.071114
v -0.178377 -0.438750 0.065828
v -0.178280 -0.622122 0.065837
v 0.202989 -0.438647 0.065834
v -0.178377 -0.438750 0.065828
v -0.178401 -0.438517 0.071114
v 0.203197 -0.438583 0.071123
v -0.220662 0.035638 -0.069735
v -0.220444 -0.660691 -0.069614
v -0.221138 -0.020492 -0.032114
v -0.227045 -0.020851 0.033367
v -0.226746 -0.135447 -0.031392
v -0.227048 -0.135405 0.033359
v -0.227031 -0.020832 -0.031807
v 0.223390 -0.675000 0.064671
v 0.059101 -0.079485 -0.059576
v 0.059265 -0.055599 -0.059629
v 0.053958 -0.066696 -0.059640
v 0.066989 -0.082248 -0.059643
v 0.066898 -0.052918 -0.059642
v 0.075223 -0.056227 -0.059566
v 0.074792 -0.079222 -0.059611
v 0.079966 -0.068502 -0.059646
v 0.002445 -0.145265 -0.059651
v 0.010903 -0.120634 -0.059538
v -0.000108 -0.130905 -0.059588
v 0.012133 -0.150785 -0.059584
v 0.022226 -0.126123 -0.059642
v 0.022235 -0.145399 -0.059678
v 0.025021 -0.136168 -0.059568
v -0.024085 -0.133467 -0.059676
v -0.027351 -0.112554 -0.059606
v -0.029791 -0.123985 -0.059565
v -0.018138 -0.106104 -0.059541
v -0.013489 -0.135855 -0.059617
v -0.007146 -0.111539 -0.059641
v -0.004455 -0.124803 -0.059626
v 0.053292 -0.079557 -0.069604
v 0.044013 -0.067932 -0.069561
v 0.054473 -0.059471 -0.069812
v 0.054543 -0.072225 -0.069733
v 0.059532 -0.079726 -0.069629
v 0.068882 -0.082608 -0.069714
v 0.070740 -0.087388 -0.069632
v -0.135041 -0.020542 -0.069543
v -0.051540 -0.056826 -0.069706
v -0.145737 -0.016236 -0.069659
v -0.155087 -0.022193 -0.069559
v -0.133494 -0.031442 -0.069707
v 0.003321 -0.078203 -0.069669
v -0.005633 -0.079651 -0.069660
v 0.003469 -0.090728 -0.069707
v 0.013286 -0.082918 -0.069619
v 0.011060 -0.086728 -0.069676
v 0.024953 -0.063775 -0.069661
v 0.033642 -0.064853 -0.069660
v 0.028900 -0.054971 -0.069766
v 0.019561 -0.054901 -0.069657
v 0.020607 -0.124073 -0.069667
v 0.016292 -0.115919 -0.069634
v 0.009981 -0.121038 -0.069667
v 0.023866 -0.108933 -0.069666
v 0.025426 -0.136173 -0.069740
v 0.025313 -0.099906 -0.069684
v 0.078255 -0.075209 -0.069648
v 0.078809 -0.095207 -0.069634
v 0.023171 -0.144631 -0.069685
v 0.016098 -0.149933 -0.069670
v 0.029047 -0.123549 -0.069670
v 0.033667 -0.133067 -0.069646
v 0.044140 -0.136084 -0.069647
v 0.053462 -0.127933 -0.069691
v 0.054445 -0.118686 -0.069657
v 0.058849 -0.113609 -0.069594
v 0.068236 -0.116684 -0.069671
v 0.075600 -0.112930 -0.069685
v 0.079289 -0.105526 -0.069594
v 0.078219 -0.060054 -0.069614
v 0.050008 -0.109433 -0.069604
v 0.020539 -0.089851 -0.069585
v 0.030151 -0.113966 -0.069640
v -0.000562 -0.102035 -0.069618
v 0.001557 -0.110685 -0.069731
v 0.008659 -0.115851 -0.069658
v -0.008861 -0.109365 -0.069605
v -0.141518 -0.124488 -0.069741
v -0.133395 -0.115701 -0.069600
v -0.053644 -0.108953 -0.069668
v -0.054280 -0.095598 -0.069684
v -0.054884 -0.065924 -0.069654
v -0.044227 -0.116723 -0.069585
v -0.019373 -0.136158 -0.069666
v -0.010841 -0.134206 -0.069660
v 0.002544 -0.146235 -0.069632
v 0.010345 -0.150545 -0.069733
v -0.053199 -0.075794 -0.069660
v -0.044047 -0.082584 -0.069651
v -0.029500 -0.082482 -0.069665
v -0.000613 -0.068733 -0.069644
v -0.021532 -0.072930 -0.069602
v -0.017471 -0.067922 -0.069752
v -0.012223 -0.073217 -0.069657
v 0.001697 -0.059252 -0.069613
v -0.151531 -0.103238 -0.069718
v -0.155526 -0.032984 -0.069911
v -0.149728 -0.038438 -0.069540
v -0.143811 -0.100698 -0.069627
v -0.139362 -0.038590 -0.069679
v -0.134924 -0.105751 -0.069652
v -0.023197 -0.108118 -0.069578
v 0.014857 -0.048276 -0.069644
v 0.008584 -0.053118 -0.069665
v 0.023883 -0.040925 -0.069695
v 0.024536 -0.027300 -0.069535
v 0.016282 -0.018975 -0.069660
v 0.039355 -0.038054 -0.069568
v 0.030240 -0.045792 -0.069672
v 0.049940 -0.041119 -0.069673
v 0.054412 -0.050368 -0.069627
v 0.058603 -0.056067 -0.069684
v 0.068961 -0.052532 -0.069671
v 0.054294 -0.104280 -0.069640
v -0.000623 -0.035111 -0.069708
v 0.004050 -0.045132 -0.069622
v 0.007274 -0.019823 -0.069643
v -0.023891 -0.039941 -0.069633
v -0.041364 -0.052519 -0.069653
v -0.013207 -0.038609 -0.069684
v 0.000882 -0.026214 -0.069695
v 0.002578 -0.043194 -0.059626
v 0.005331 -0.021181 -0.059672
v -0.000209 -0.030144 -0.059608
v 0.013835 -0.048638 -0.059547
v 0.014633 -0.018783 -0.059717
v 0.024574 -0.038922 -0.059576
v 0.022864 -0.025135 -0.059594
v 0.034427 -0.064931 -0.059648
v 0.031316 -0.043495 -0.059621
v 0.029563 -0.057346 -0.059667
v 0.042152 -0.038265 -0.059656
v 0.041325 -0.067669 -0.059658
v 0.052140 -0.062408 -0.059631
v 0.049073 -0.040982 -0.059648
v 0.053955 -0.048574 -0.059667
v -0.024059 -0.065227 -0.059659
v -0.027520 -0.043921 -0.059658
v -0.029214 -0.057353 -0.059667
v -0.019237 -0.038482 -0.059616
v -0.014962 -0.067728 -0.059610
v -0.010826 -0.039966 -0.059578
v -0.005702 -0.060084 -0.059630
v -0.004826 -0.048571 -0.059666
v -0.028473 -0.093861 -0.059637
v -0.024366 -0.075099 -0.059665
v -0.029200 -0.082706 -0.059630
v -0.019022 -0.102025 -0.059655
v -0.013272 -0.072492 -0.059707
v -0.006992 -0.096779 -0.059641
v -0.004736 -0.082729 -0.059596
v 0.031174 -0.095239 -0.059632
v 0.034692 -0.074820 -0.059674
v 0.029158 -0.083569 -0.059620
v 0.039078 -0.101863 -0.059642
v 0.045220 -0.072437 -0.059600
v 0.050825 -0.097738 -0.059581
v 0.054432 -0.083474 -0.059632
v 0.008557 -0.082067 -0.059642
v 0.001148 -0.060165 -0.059671
v 0.000169 -0.071976 -0.059686
v 0.010889 -0.052587 -0.059510
v 0.019420 -0.079885 -0.059676
v 0.021863 -0.057583 -0.059613
v 0.025175 -0.070278 -0.059626
v -0.046906 -0.081617 -0.059660
v -0.049772 -0.055595 -0.059660
v -0.055434 -0.069028 -0.059659
v -0.039707 -0.052855 -0.059627
v -0.037610 -0.081243 -0.059592
v -0.030922 -0.060503 -0.059625
v -0.030507 -0.074005 -0.059589
v 0.008497 -0.116132 -0.059643
v 0.002125 -0.092133 -0.059658
v 0.000169 -0.106083 -0.059686
v 0.021812 -0.112379 -0.059594
v 0.038327 -0.135906 -0.059658
v 0.029970 -0.115770 -0.059670
v 0.029324 -0.125068 -0.059604
v 0.035901 -0.107892 -0.059613
v 0.046662 -0.107322 -0.059674
v 0.048819 -0.133437 -0.059674
v 0.053556 -0.115797 -0.059664
v 0.053962 -0.125559 -0.059669
v -0.051442 -0.112369 -0.059633
v -0.049514 -0.089683 -0.059663
v -0.054901 -0.098399 -0.059628
v -0.038427 -0.116261 -0.059634
v -0.040195 -0.086736 -0.059656
v -0.030928 -0.094594 -0.059619
v -0.030051 -0.106116 -0.059617
v 0.056929 -0.111432 -0.059654
v 0.062832 -0.087215 -0.059645
v 0.054770 -0.097116 -0.059618
v 0.067022 -0.116430 -0.059662
v 0.074019 -0.089423 -0.059637
v 0.076915 -0.111603 -0.059666
v 0.079281 -0.097402 -0.059687
v 0.230899 -0.673704 0.066944
v -0.207601 0.049885 -0.065552
v -0.206455 0.050290 0.066758
v -0.130766 0.044530 -0.021426
v -0.221138 -0.020492 -0.032114
v -0.221138 -0.020492 -0.032114
v -0.221138 -0.020492 -0.032114
v -0.005659 -0.045581 -0.069670
v -0.227351 -0.130923 -0.029342
v -0.227351 -0.130923 -0.029342
v -0.229302 -0.026410 0.030243
v -0.229302 -0.026410 0.030243
v -0.229302 -0.026410 0.030243
v -0.229302 -0.026410 0.030243
v -0.229302 -0.026410 0.030243
v 0.230900 -0.673704 0.066944
v -0.228787 -0.130058 0.030260
v -0.227499 -0.025572 0.030762
v -0.227351 -0.025348 0.030907
v -0.228787 -0.128936 0.030486
v -0.228787 -0.128936 0.030486
v -0.228787 -0.129852 0.030354
v -0.228787 -0.129852 0.030354
v -0.228787 -0.129852 0.030354
v -0.228787 -0.129852 0.030354
v -0.240045 -0.130231 0.030034
v -0.240045 -0.130231 0.030034
v -0.149340 0.671156 0.016418
v -0.217530 -0.130231 0.030034
v -0.217530 -0.130231 0.030034
v -0.217530 -0.130231 0.030034
v -0.217530 -0.130231 0.030034
v -0.221054 -0.137398 -0.032189
v -0.221054 -0.137398 -0.032189
v -0.221484 -0.135988 -0.031978
v -0.221484 -0.135988 -0.031978
v -0.221001 -0.137554 -0.032220
v -0.221001 -0.137554 -0.032220
v -0.221795 -0.135821 0.033605
v -0.221795 -0.135821 0.033605
v -0.221795 -0.135821 0.033605
v -0.228787 -0.130231 0.030034
v -0.228787 -0.130231 0.030034
v -0.221795 -0.135821 0.033605
v -0.221795 -0.135821 0.033605
v -0.221795 -0.135821 0.033605
v -0.221795 -0.135821 0.033605
v -0.221795 -0.135821 0.033605
v -0.221795 -0.135821 0.033605
v -0.221795 -0.135821 0.033605
v -0.221795 -0.135821 0.033605
v -0.221795 -0.135821 0.033605
v -0.221795 -0.135821 0.033605
v -0.221795 -0.135821 0.033605
v -0.221795 -0.135821 0.033605
v -0.221748 -0.135937 0.033669
v -0.221748 -0.135937 0.033669
v -0.221748 -0.135937 0.033669
v -0.221748 -0.135937 0.033669
v 0.055606 0.044452 0.024912
v -0.216493 0.044088 0.069961
v -0.221001 -0.137554 -0.032220
v -0.221001 -0.137554 -0.032220
v -0.221001 -0.137554 -0.032220
v -0.221001 -0.137554 -0.032220
v 0.061985 0.673169 0.006902
v -0.228787 -0.130231 0.030034
v -0.228787 -0.130231 0.030034
v -0.221002 -0.137554 -0.032220
v -0.221002 -0.137554 -0.032220
v -0.221002 -0.137554 -0.032220
v -0.245673 -0.130231 0.030034
v -0.245673 -0.130231 0.030034
v -0.245673 -0.130231 0.030034
v -0.221053 -0.137399 -0.032189
v -0.221053 -0.137399 -0.032189
v -0.221053 -0.137399 -0.032189
v -0.227499 -0.025572 0.030762
v -0.227499 -0.025572 0.030762
v -0.228787 -0.130231 0.030034
v -0.228787 -0.130231 0.030034
v -0.228787 -0.130231 0.030034
v -0.228787 -0.130231 0.030034
v -0.228787 -0.130231 0.030034
v 0.223390 -0.675000 0.064671
v -0.221001 -0.137554 -0.032220
v -0.228787 -0.130182 0.030151
v -0.228787 -0.130182 0.030151
v -0.228787 -0.130231 0.030034
v -0.227499 -0.025572 0.030762
v -0.227499 -0.025572 0.030762
v -0.221303 -0.136436 0.033598
v -0.221303 -0.136436 0.033598
v -0.221303 -0.136436 0.033598
v -0.221303 -0.136436 0.033598
v -0.221303 -0.136436 0.033598
v -0.221303 -0.136436 0.033598
v -0.221303 -0.136436 0.033598
v -0.221748 -0.135937 0.033669
v -0.221748 -0.135937 0.033669
v -0.221748 -0.135937 0.033669
v -0.221748 -0.135937 0.033669
v -0.221748 -0.135937 0.033669
v -0.228787 -0.128937 0.030486
v -0.228787 -0.129852 0.030354
v -0.228787 -0.129852 0.030354
v -0.228787 -0.129852 0.030354
v 0.085054 0.044331 0.030080
v -0.221905 -0.135727 0.033536
v -0.221905 -0.135727 0.033536
v -0.221905 -0.135727 0.033536
v -0.221905 -0.135727 0.033536
v -0.228787 -0.129273 0.030469
v -0.228787 -0.130187 0.030152
v -0.143661 0.043699 -0.028157
v -0.214178 -0.669394 0.069265
v -0.221748 -0.135937 0.033669
v 0.045220 -0.072437 -0.059600
v -0.228787 -0.130053 0.030259
v -0.228787 -0.130053 0.030259
v -0.228787 -0.130053 0.030259
v -0.221002 -0.137554 -0.032220
v -0.221002 -0.137554 0.033780
v -0.221002 -0.137554 -0.032220
v -0.221002 -0.137554 -0.032220
v 0.102551 0.044667 -0.013772
v -0.137621 0.672894 -0.001581
v -0.228787 -0.130231 0.030034
v -0.221001 -0.137555 0.033780
v -0.221001 -0.137555 0.033780
v -0.037047 0.044843 -0.029603
v -0.221002 -0.137554 0.033780
v -0.228787 -0.129271 0.030470
v -0.221795 -0.135821 0.033605
v -0.221795 -0.135821 0.033605
v -0.221795 -0.135821 0.033605
v -0.228786 -0.130047 0.030262
v 0.053958 -0.066696 -0.059640
v -0.227351 -0.025348 0.030907
v 0.052140 -0.062408 -0.059631
v -0.221748 -0.135937 0.033669
v -0.221748 -0.135937 0.033669
v -0.221748 -0.135937 0.033669
v -0.221748 -0.135937 0.033669
v -0.221748 -0.135937 0.033669
v 0.071155 0.043743 0.030325
v -0.228787 -0.128936 0.030486
v -0.221748 -0.135937 0.033669
v 0.041022 -0.071666 -0.069580
v -0.017422 -0.106204 -0.069965
v -0.017422 -0.106204 -0.069965
v -0.012954 -0.101291 -0.069545
v -0.008442 -0.064519 -0.069702
v -0.228777 -0.129471 0.030443
v -0.228777 -0.129471 0.030443
v -0.228777 -0.129471 0.030443
v -0.228777 -0.129471 0.030443
v -0.228777 -0.129471 0.030443
v -0.228777 -0.129471 0.030443
v -0.221001 -0.137554 0.033780
v -0.221001 -0.137554 0.033780
v -0.221001 -0.137554 0.033780
v -0.221083 -0.020474 0.033653
v -0.221083 -0.020474 0.033653
v -0.221083 -0.020474 0.033653
v -0.221083 -0.020474 0.033653
v -0.227793 -0.130418 0.030542
v -0.228138 -0.026130 -0.028819
v -0.221054 -0.137398 0.033748
v -0.221748 -0.135937 0.033669
v -0.221748 -0.135937 0.033669
v -0.004556 -0.092745 -0.069661
v 0.054473 -0.059471 -0.069812
v 0.054473 -0.059471 -0.069812
v 0.054473 -0.059471 -0.069812
v -0.228787 -0.129270 0.030469
v -0.221764 -0.135875 0.033643
v -0.221002 -0.137554 0.033780
v -0.216990 0.043558 -0.068533
v 0.235231 -0.672323 0.067827
v 0.235231 -0.672323 0.067827
v -0.039707 -0.052855 -0.059627
v -0.040195 -0.086736 -0.059656
v -0.042872 -0.086190 -0.069604
v 0.241777 0.043534 -0.068477
v 0.234659 0.049110 0.067972
v 0.231684 0.050201 -0.065414
v 0.024574 -0.038922 -0.059576
v 0.023883 -0.040925 -0.069695
v -0.041364 -0.052519 -0.069653
v -0.228786 -0.130180 0.030151
v -0.228786 -0.130180 0.030151
v -0.228786 -0.130180 0.030151
v -0.228786 -0.130180 0.030151
v -0.228787 -0.130187 0.030151
v -0.228787 -0.130187 0.030151
v -0.228787 -0.130187 0.030151
v -0.228787 -0.130187 0.030151
v -0.168886 -0.145082 -0.069145
v -0.170397 -0.135924 -0.069145
v -0.168886 -0.134567 -0.069145
v -0.174853 -0.134567 -0.069145
v -0.174853 -0.135924 -0.069145
v -0.170397 -0.139100 -0.069145
v -0.170397 -0.140457 -0.069145
v -0.174699 -0.139100 -0.069145
v -0.174699 -0.140457 -0.069145
v -0.170397 -0.143726 -0.069145
v -0.174992 -0.143726 -0.069145
v -0.174992 -0.145082 -0.069145
v -0.160145 -0.134936 -0.069145
v -0.166475 -0.135284 -0.069145
v -0.163265 -0.134372 -0.069145
v -0.164011 -0.135915 -0.069145
v -0.166467 -0.136797 -0.069145
v -0.157978 -0.136774 -0.069145
v -0.161552 -0.135905 -0.069145
v -0.159611 -0.137134 -0.069145
v -0.157043 -0.139497 -0.069145
v -0.158687 -0.139001 -0.069145
v -0.158721 -0.140691 -0.069145
v -0.163166 -0.141259 -0.069145
v -0.166697 -0.139902 -0.069145
v -0.163166 -0.139902 -0.069145
v -0.165186 -0.141259 -0.069145
v -0.166689 -0.144398 -0.069145
v -0.157607 -0.142361 -0.069145
v -0.159299 -0.142156 -0.069145
v -0.165184 -0.143429 -0.069145
v -0.161122 -0.143588 -0.069145
v -0.159457 -0.144385 -0.069145
v -0.163443 -0.143826 -0.069145
v -0.161533 -0.145133 -0.069145
v -0.163869 -0.145201 -0.069145
v -0.148195 -0.145082 -0.069145
v -0.149706 -0.135862 -0.069145
v -0.148195 -0.134567 -0.069145
v -0.152503 -0.134760 -0.069145
v -0.154001 -0.136068 -0.069145
v -0.151968 -0.136036 -0.069145
v -0.149706 -0.139162 -0.069145
v -0.152661 -0.136843 -0.069145
v -0.154323 -0.137570 -0.069145
v -0.152639 -0.138301 -0.069145
v -0.154001 -0.138880 -0.069145
v -0.151565 -0.139089 -0.069145
v -0.149706 -0.140519 -0.069145
v -0.152693 -0.140107 -0.069145
v -0.150997 -0.140585 -0.069145
v -0.149706 -0.145082 -0.069145
v -0.153753 -0.141240 -0.069145
v -0.152173 -0.141541 -0.069145
v -0.156275 -0.145078 -0.069145
v -0.154516 -0.145082 -0.069145
v -0.136724 -0.145082 -0.069145
v -0.142305 -0.134506 -0.069145
v -0.141242 -0.134506 -0.069145
v -0.141750 -0.136818 -0.069145
v -0.147008 -0.145082 -0.069145
v -0.140178 -0.140627 -0.069145
v -0.143446 -0.140627 -0.069145
v -0.139592 -0.141983 -0.069145
v -0.144063 -0.141983 -0.069145
v -0.138266 -0.145082 -0.069145
v -0.145466 -0.145082 -0.069145
v -0.126641 -0.145082 -0.069145
v -0.128152 -0.134567 -0.069145
v -0.126641 -0.134567 -0.069145
v -0.128152 -0.139147 -0.069145
v -0.134041 -0.139147 -0.069145
v -0.135552 -0.134567 -0.069145
v -0.134041 -0.134567 -0.069145
v -0.135552 -0.145082 -0.069145
v -0.128152 -0.140503 -0.069145
v -0.134041 -0.140503 -0.069145
v -0.128152 -0.145082 -0.069145
v -0.134041 -0.145082 -0.069145
v -0.117154 -0.135726 -0.069145
v -0.121760 -0.134381 -0.069145
v -0.119110 -0.134710 -0.069145
v -0.124683 -0.135292 -0.069145
v -0.122300 -0.135916 -0.069145
v -0.124669 -0.136857 -0.069145
v -0.120162 -0.135856 -0.069145
v -0.118219 -0.136762 -0.069145
v -0.115562 -0.138060 -0.069145
v -0.116957 -0.138680 -0.069145
v -0.115342 -0.140824 -0.069145
v -0.117034 -0.141215 -0.069145
v -0.116061 -0.142624 -0.069145
v -0.118198 -0.142914 -0.069145
v -0.117465 -0.144229 -0.069145
v -0.122619 -0.143646 -0.069145
v -0.124783 -0.144334 -0.069145
v -0.124773 -0.142709 -0.069145
v -0.120368 -0.143844 -0.069145
v -0.119606 -0.145102 -0.069145
v -0.122233 -0.145196 -0.069145
v -0.168886 -0.145082 -0.070625
v -0.168886 -0.134567 -0.070625
v -0.170397 -0.135924 -0.070625
v -0.174853 -0.134567 -0.070625
v -0.174853 -0.135924 -0.070625
v -0.170397 -0.139100 -0.070625
v -0.170397 -0.140457 -0.070625
v -0.174699 -0.139100 -0.070625
v -0.174699 -0.140457 -0.070625
v -0.170397 -0.143726 -0.070625
v -0.174992 -0.143726 -0.070625
v -0.174992 -0.145082 -0.070625
v -0.160145 -0.134936 -0.070621
v -0.163265 -0.134372 -0.070638
v -0.166475 -0.135284 -0.070625
v -0.164011 -0.135915 -0.070626
v -0.166467 -0.136797 -0.070625
v -0.157978 -0.136774 -0.070625
v -0.161552 -0.135905 -0.070621
v -0.159611 -0.137134 -0.070625
v -0.157043 -0.139497 -0.070625
v -0.158687 -0.139001 -0.070625
v -0.158721 -0.140691 -0.070625
v -0.163166 -0.141259 -0.070625
v -0.163166 -0.139902 -0.070625
v -0.166697 -0.139902 -0.070625
v -0.165186 -0.141259 -0.070625
v -0.166689 -0.144398 -0.070625
v -0.157607 -0.142361 -0.070625
v -0.159299 -0.142156 -0.070625
v -0.165184 -0.143429 -0.070625
v -0.161122 -0.143588 -0.070625
v -0.159457 -0.144385 -0.070626
v -0.163443 -0.143826 -0.070625
v -0.161533 -0.145133 -0.070625
v -0.163869 -0.145201 -0.070625
v -0.148195 -0.145082 -0.070625
v -0.148195 -0.134567 -0.070625
v -0.149706 -0.135862 -0.070625
v -0.152503 -0.134760 -0.070625
v -0.154001 -0.136068 -0.070625
v -0.151968 -0.136036 -0.070626
v -0.149706 -0.139162 -0.070625
v -0.152661 -0.136843 -0.070625
v -0.154323 -0.137570 -0.070625
v -0.152639 -0.138301 -0.070625
v -0.154001 -0.138880 -0.070625
v -0.151565 -0.139089 -0.070625
v -0.149706 -0.140519 -0.070625
v -0.152693 -0.140107 -0.070626
v -0.150997 -0.140585 -0.070624
v -0.149706 -0.145082 -0.070625
v -0.153753 -0.141240 -0.070625
v -0.152173 -0.141541 -0.070625
v -0.156275 -0.145078 -0.070625
v -0.154516 -0.145082 -0.070625
v -0.136724 -0.145082 -0.070625
v -0.141242 -0.134506 -0.070625
v -0.142305 -0.134506 -0.070625
v -0.141750 -0.136818 -0.070625
v -0.147008 -0.145082 -0.070625
v -0.140178 -0.140627 -0.070625
v -0.143446 -0.140627 -0.070625
v -0.139592 -0.141983 -0.070625
v -0.144063 -0.141983 -0.070625
v -0.138266 -0.145082 -0.070625
v -0.145466 -0.145082 -0.070625
v -0.126641 -0.145082 -0.070625
v -0.126641 -0.134567 -0.070625
v -0.128152 -0.134567 -0.070625
v -0.128152 -0.139147 -0.070625
v -0.134041 -0.139147 -0.070625
v -0.134041 -0.134567 -0.070625
v -0.135552 -0.134567 -0.070625
v -0.135552 -0.145082 -0.070625
v -0.128152 -0.140503 -0.070625
v -0.134041 -0.140503 -0.070625
v -0.128152 -0.145082 -0.070625
v -0.134041 -0.145082 -0.070625
v -0.117154 -0.135726 -0.070626
v -0.119110 -0.134710 -0.070625
v -0.121760 -0.134381 -0.070626
v -0.124683 -0.135292 -0.070625
v -0.122300 -0.135916 -0.070626
v -0.124669 -0.136857 -0.070625
v -0.120162 -0.135856 -0.070620
v -0.118219 -0.136762 -0.070625
v -0.115562 -0.138060 -0.070625
v -0.116957 -0.138680 -0.070625
v -0.115342 -0.140824 -0.070625
v -0.117034 -0.141215 -0.070625
v -0.116061 -0.142624 -0.070625
v -0.118198 -0.142914 -0.070625
v -0.117465 -0.144229 -0.070625
v -0.122619 -0.143646 -0.070625
v -0.124773 -0.142709 -0.070625
v -0.124783 -0.144334 -0.070625
v -0.120368 -0.143844 -0.070626
v -0.119606 -0.145102 -0.070625
v -0.122233 -0.145196 -0.070628
v -0.119691 -0.135985 -0.069088
v -0.124378 -0.136506 -0.070880
v -0.122203 -0.135788 -0.069361
v -0.119686 -0.145118 -0.069128
v -0.122811 -0.145095 -0.070790
v -0.122113 -0.145256 -0.068940
v -0.114764 -0.138431 -0.070102
v -0.115594 -0.138087 -0.070305
v -0.115396 -0.140960 -0.070373
v -0.157226 -0.145545 -0.069608
v -0.153736 -0.141186 -0.070682
v -0.152936 -0.140117 -0.068855
v -0.159975 -0.144847 -0.068932
v -0.163024 -0.145995 -0.069862
v -0.163186 -0.145315 -0.068944
v -0.158996 -0.137923 -0.069387
v -0.159870 -0.136769 -0.070364
v -0.160635 -0.136171 -0.068782
v -0.158605 -0.140206 -0.069000
v -0.159215 -0.142003 -0.069410
v -0.163305 -0.055592 -0.069299
v -0.164816 -0.046372 -0.069299
v -0.163305 -0.045077 -0.069299
v -0.166889 -0.045134 -0.069299
v -0.168505 -0.045815 -0.069299
v -0.167078 -0.046545 -0.069300
v -0.164816 -0.049672 -0.069299
v -0.169452 -0.047577 -0.069299
v -0.167771 -0.047353 -0.069299
v -0.167749 -0.048810 -0.069299
v -0.169110 -0.049389 -0.069299
v -0.166675 -0.049598 -0.069299
v -0.164816 -0.051028 -0.069299
v -0.167802 -0.050616 -0.069300
v -0.166107 -0.051095 -0.069298
v -0.164816 -0.055592 -0.069299
v -0.168863 -0.051750 -0.069299
v -0.167282 -0.052051 -0.069299
v -0.171384 -0.055587 -0.069299
v -0.169626 -0.055592 -0.069299
v -0.155565 -0.055592 -0.069299
v -0.157076 -0.046434 -0.069299
v -0.155565 -0.045077 -0.069299
v -0.161532 -0.045077 -0.069299
v -0.161532 -0.046434 -0.069299
v -0.157076 -0.049610 -0.069299
v -0.157076 -0.050967 -0.069299
v -0.161377 -0.049610 -0.069299
v -0.161377 -0.050967 -0.069299
v -0.157076 -0.054235 -0.069299
v -0.161670 -0.054235 -0.069299
v -0.161670 -0.055592 -0.069299
v -0.142745 -0.055729 -0.069299
v -0.139854 -0.045077 -0.069299
v -0.138343 -0.045077 -0.069299
v -0.142753 -0.052323 -0.069299
v -0.147100 -0.045077 -0.069299
v -0.145667 -0.045077 -0.069299
v -0.146376 -0.047081 -0.069299
v -0.150030 -0.052323 -0.069299
v -0.154393 -0.045077 -0.069299
v -0.152898 -0.045077 -0.069299
v -0.149976 -0.055729 -0.069299
v -0.128403 -0.046056 -0.069299
v -0.134020 -0.045190 -0.069299
v -0.130689 -0.045000 -0.069299
v -0.135873 -0.046290 -0.069299
v -0.131237 -0.046335 -0.069299
v -0.133723 -0.046600 -0.069299
v -0.137360 -0.048282 -0.069299
v -0.127029 -0.047622 -0.069299
v -0.129662 -0.046978 -0.069299
v -0.128544 -0.048027 -0.069299
v -0.135452 -0.048027 -0.069299
v -0.126440 -0.049263 -0.069299
v -0.136128 -0.050044 -0.069299
v -0.127976 -0.049494 -0.069299
v -0.137634 -0.051043 -0.069299
v -0.126394 -0.051397 -0.069299
v -0.127944 -0.051183 -0.069299
v -0.135713 -0.052187 -0.069299
v -0.136848 -0.053305 -0.069299
v -0.128860 -0.053041 -0.069299
v -0.127600 -0.053897 -0.069299
v -0.134353 -0.053712 -0.069299
v -0.130812 -0.054256 -0.069299
v -0.132848 -0.054273 -0.069299
v -0.134720 -0.055188 -0.069299
v -0.129960 -0.055476 -0.069299
v -0.132401 -0.055731 -0.069299
v -0.118870 -0.055592 -0.069299
v -0.120381 -0.046434 -0.069299
v -0.118870 -0.045077 -0.069299
v -0.123720 -0.045268 -0.069299
v -0.125064 -0.046376 -0.069299
v -0.122868 -0.046499 -0.069299
v -0.120381 -0.049687 -0.069299
v -0.123844 -0.047258 -0.069299
v -0.125573 -0.048345 -0.069299
v -0.123862 -0.048660 -0.069299
v -0.123131 -0.049530 -0.069299
v -0.124805 -0.050078 -0.069299
v -0.120381 -0.051044 -0.069299
v -0.123368 -0.050916 -0.069300
v -0.120381 -0.055592 -0.069299
v -0.163305 -0.055592 -0.070471
v -0.163305 -0.045077 -0.070471
v -0.164816 -0.046372 -0.070471
v -0.166889 -0.045134 -0.070471
v -0.168505 -0.045815 -0.070471
v -0.167078 -0.046545 -0.070471
v -0.164816 -0.049672 -0.070471
v -0.169452 -0.047577 -0.070471
v -0.167771 -0.047353 -0.070471
v -0.167749 -0.048810 -0.070471
v -0.169110 -0.049389 -0.070471
v -0.166675 -0.049598 -0.070471
v -0.164816 -0.051028 -0.070471
v -0.167802 -0.050616 -0.070472
v -0.166107 -0.051095 -0.070470
v -0.164816 -0.055592 -0.070471
v -0.168863 -0.051750 -0.070471
v -0.167282 -0.052051 -0.070471
v -0.171384 -0.055587 -0.070471
v -0.169626 -0.055592 -0.070471
v -0.155565 -0.055592 -0.070471
v -0.155565 -0.045077 -0.070471
v -0.157076 -0.046434 -0.070471
v -0.161532 -0.045077 -0.070471
v -0.161532 -0.046434 -0.070471
v -0.157076 -0.049610 -0.070471
v -0.157076 -0.050967 -0.070471
v -0.161377 -0.049610 -0.070471
v -0.161377 -0.050967 -0.070471
v -0.157076 -0.054235 -0.070471
v -0.161670 -0.054235 -0.070471
v -0.161670 -0.055592 -0.070471
v -0.142745 -0.055729 -0.070471
v -0.138343 -0.045077 -0.070471
v -0.139854 -0.045077 -0.070471
v -0.142753 -0.052323 -0.070471
v -0.145667 -0.045077 -0.070471
v -0.147100 -0.045077 -0.070471
v -0.146376 -0.047081 -0.070471
v -0.150030 -0.052323 -0.070471
v -0.152898 -0.045077 -0.070471
v -0.154393 -0.045077 -0.070471
v -0.149976 -0.055729 -0.070471
v -0.128403 -0.046056 -0.070471
v -0.130689 -0.045000 -0.070471
v -0.134020 -0.045190 -0.070471
v -0.135873 -0.046290 -0.070471
v -0.131237 -0.046335 -0.070471
v -0.133723 -0.046600 -0.070471
v -0.137360 -0.048282 -0.070471
v -0.127029 -0.047622 -0.070471
v -0.129662 -0.046978 -0.070471
v -0.128544 -0.048027 -0.070471
v -0.135452 -0.048027 -0.070471
v -0.126440 -0.049263 -0.070471
v -0.136128 -0.050044 -0.070471
v -0.127976 -0.049494 -0.070471
v -0.137634 -0.051043 -0.070471
v -0.126394 -0.051397 -0.070471
v -0.127944 -0.051183 -0.070471
v -0.135713 -0.052187 -0.070471
v -0.136848 -0.053305 -0.070471
v -0.128860 -0.053041 -0.070471
v -0.127600 -0.053897 -0.070471
v -0.134353 -0.053712 -0.070471
v -0.130812 -0.054256 -0.070471
v -0.132848 -0.054273 -0.070471
v -0.134720 -0.055188 -0.070471
v -0.129960 -0.055476 -0.070471
v -0.132401 -0.055731 -0.070471
v -0.118870 -0.055592 -0.070471
v -0.118870 -0.045077 -0.070471
v -0.120381 -0.046434 -0.070471
v -0.123720 -0.045268 -0.070471
v -0.125064 -0.046376 -0.070471
v -0.122868 -0.046499 -0.070471
v -0.120381 -0.049687 -0.070471
v -0.123844 -0.047258 -0.070471
v -0.125573 -0.048345 -0.070471
v -0.123862 -0.048660 -0.070471
v -0.123131 -0.049530 -0.070471
v -0.124805 -0.050078 -0.070471
v -0.120381 -0.051044 -0.070471
v -0.123368 -0.050916 -0.070471
v -0.120381 -0.055592 -0.070471
v -0.125587 -0.049336 -0.069576
v -0.123705 -0.045267 -0.070585
v -0.124809 -0.046032 -0.069192
v -0.126474 -0.048869 -0.069216
v -0.126971 -0.047609 -0.070003
v -0.126322 -0.051387 -0.069203
v -0.134953 -0.053353 -0.068927
v -0.130125 -0.054429 -0.069970
v -0.132784 -0.054295 -0.069262
v -0.132588 -0.046166 -0.069497
v -0.135279 -0.047766 -0.070516
v -0.136099 -0.048849 -0.069315
v -0.129363 -0.046664 -0.069395
v -0.131375 -0.046154 -0.070334
v -0.124934 -0.142390 -0.070603
v -0.124934 -0.142390 -0.070603
v -0.124934 -0.142390 -0.070603
v -0.124934 -0.142390 -0.069168
v -0.124934 -0.142390 -0.069168
v -0.124934 -0.142390 -0.069168
v -0.125063 -0.144463 -0.070537
v -0.125062 -0.144463 -0.070537
v -0.125062 -0.144463 -0.070537
v -0.124826 -0.137155 -0.070603
v -0.124826 -0.137155 -0.070603
v -0.124826 -0.137155 -0.070603
v -0.124826 -0.137155 -0.069168
v -0.124826 -0.137155 -0.069168
v -0.124826 -0.137155 -0.069168
v -0.133898 -0.140646 -0.069168
v -0.133898 -0.140646 -0.069168
v -0.133899 -0.140646 -0.069168
v -0.133899 -0.140646 -0.069168
v -0.126498 -0.134425 -0.070603
v -0.126498 -0.134424 -0.070603
v -0.126498 -0.134424 -0.070603
v -0.126498 -0.134424 -0.070603
v -0.126498 -0.134424 -0.070603
v -0.126498 -0.134424 -0.069168
v -0.126498 -0.134424 -0.069168
v -0.126498 -0.134424 -0.069168
v -0.126498 -0.134424 -0.069168
v -0.126498 -0.134425 -0.069168
v -0.128295 -0.134424 -0.070603
v -0.128295 -0.134424 -0.070603
v -0.128295 -0.134424 -0.070603
v -0.128295 -0.134424 -0.070603
v -0.128295 -0.134425 -0.070603
v -0.128295 -0.134425 -0.069168
v -0.128295 -0.134424 -0.069168
v -0.128295 -0.134424 -0.069168
v -0.128295 -0.134424 -0.069168
v -0.128295 -0.134424 -0.069168
v -0.133898 -0.139004 -0.069168
v -0.133898 -0.139004 -0.069168
v -0.133899 -0.139004 -0.069168
v -0.133898 -0.139004 -0.069168
v -0.133899 -0.134425 -0.070603
v -0.133899 -0.134424 -0.070603
v -0.133899 -0.134424 -0.070603
v -0.133899 -0.134424 -0.070603
v -0.133899 -0.134424 -0.069168
v -0.133899 -0.134424 -0.069168
v -0.133899 -0.134424 -0.069168
v -0.133899 -0.134425 -0.069168
v -0.135695 -0.134425 -0.069168
v -0.135695 -0.134424 -0.069168
v -0.135695 -0.134424 -0.069168
v -0.135695 -0.134424 -0.069168
v -0.135695 -0.134424 -0.069168
v -0.145291 -0.145354 -0.069233
v -0.145291 -0.145354 -0.069233
v -0.145291 -0.145354 -0.069233
v -0.145291 -0.145354 -0.069233
v -0.145291 -0.145354 -0.069233
v -0.136508 -0.145225 -0.070603
v -0.136508 -0.145225 -0.070603
v -0.136508 -0.145225 -0.070603
v -0.136508 -0.145225 -0.070603
v -0.136508 -0.145225 -0.069168
v -0.136508 -0.145225 -0.069168
v -0.136508 -0.145225 -0.069168
v -0.136508 -0.145225 -0.069168
v -0.147228 -0.145225 -0.070603
v -0.147228 -0.145225 -0.070603
v -0.147228 -0.145225 -0.070603
v -0.147228 -0.145225 -0.069168
v -0.147228 -0.145225 -0.069168
v -0.147228 -0.145225 -0.069168
v -0.147228 -0.145225 -0.069168
v -0.147228 -0.145225 -0.069168
v -0.141755 -0.137181 -0.070603
v -0.141755 -0.137181 -0.070603
v -0.141755 -0.137181 -0.070603
v -0.141755 -0.137181 -0.070603
v -0.141755 -0.137181 -0.070603
v -0.141755 -0.137181 -0.070603
v -0.141755 -0.137181 -0.069168
v -0.141755 -0.137181 -0.069168
v -0.141755 -0.137181 -0.069168
v -0.141755 -0.137181 -0.069168
v -0.141755 -0.137181 -0.069168
v -0.141755 -0.137181 -0.069168
v -0.140391 -0.140484 -0.070603
v -0.140391 -0.140484 -0.070603
v -0.140391 -0.140484 -0.070603
v -0.140391 -0.140484 -0.069168
v -0.140391 -0.140484 -0.069168
v -0.140391 -0.140484 -0.069168
v -0.140391 -0.140484 -0.069168
v -0.152829 -0.140115 -0.070603
v -0.152829 -0.140115 -0.070603
v -0.152829 -0.140115 -0.070603
v -0.152829 -0.140115 -0.070603
v -0.152829 -0.140115 -0.070603
v -0.152829 -0.140115 -0.070603
v -0.152829 -0.140115 -0.070603
v -0.152829 -0.140115 -0.070603
v -0.152829 -0.140115 -0.070603
v -0.152829 -0.140115 -0.070603
v -0.152829 -0.140115 -0.070603
v -0.152829 -0.140115 -0.070603
v -0.152829 -0.140115 -0.070603
v -0.152829 -0.140115 -0.070603
v -0.152829 -0.140115 -0.070603
v -0.152829 -0.140115 -0.070603
v -0.152829 -0.140115 -0.070603
v -0.152829 -0.140115 -0.070603
v -0.152829 -0.140115 -0.069168
v -0.152829 -0.140115 -0.069168
v -0.152829 -0.140115 -0.069168
v -0.152829 -0.140115 -0.069168
v -0.152829 -0.140115 -0.069168
v -0.152829 -0.140115 -0.069168
v -0.152829 -0.140115 -0.069168
v -0.152829 -0.140115 -0.069168
v -0.152829 -0.140115 -0.069168
v -0.152829 -0.140115 -0.069168
v -0.152829 -0.140115 -0.069168
v -0.152829 -0.140115 -0.069168
v -0.152829 -0.140115 -0.069168
v -0.152829 -0.140115 -0.069168
v -0.152829 -0.140115 -0.069168
v -0.152829 -0.140115 -0.069168
v -0.152829 -0.140115 -0.069168
v -0.152829 -0.140115 -0.069168
v -0.152829 -0.140115 -0.069168
v -0.152829 -0.140115 -0.069168
v -0.156600 -0.145225 -0.070603
v -0.156600 -0.145225 -0.070603
v -0.156600 -0.145225 -0.070603
v -0.156600 -0.145225 -0.070603
v -0.156600 -0.145225 -0.069168
v -0.156600 -0.145225 -0.069168
v -0.156600 -0.145225 -0.069168
v -0.148052 -0.134425 -0.070603
v -0.148052 -0.134424 -0.070603
v -0.148052 -0.134424 -0.070603
v -0.148052 -0.134424 -0.070603
v -0.148052 -0.134423 -0.069168
v -0.148052 -0.134424 -0.069168
v -0.148052 -0.134424 -0.069168
v -0.148052 -0.134424 -0.069168
v -0.148052 -0.134425 -0.069168
v -0.164914 -0.143217 -0.070537
v -0.164914 -0.143217 -0.070537
v -0.164914 -0.143217 -0.070537
v -0.164914 -0.143217 -0.070537
v -0.164914 -0.143217 -0.070537
v -0.164914 -0.143217 -0.070537
v -0.164914 -0.143217 -0.070537
v -0.164914 -0.143217 -0.070537
v -0.164914 -0.143217 -0.070537
v -0.164914 -0.143217 -0.070537
v -0.164914 -0.143217 -0.070537
v -0.164914 -0.143217 -0.070537
v -0.164914 -0.143217 -0.070537
v -0.164914 -0.143217 -0.070537
v -0.164914 -0.143217 -0.070537
v -0.164914 -0.143217 -0.070537
v -0.164914 -0.143217 -0.070537
v -0.164914 -0.143217 -0.070537
v -0.164914 -0.143217 -0.070537
v -0.164914 -0.143217 -0.070537
v -0.164914 -0.143217 -0.070537
v -0.164914 -0.143217 -0.070537
v -0.164914 -0.143217 -0.070537
v -0.164914 -0.143217 -0.070537
v -0.164914 -0.143217 -0.070537
v -0.164914 -0.143217 -0.069233
v -0.164914 -0.143217 -0.069233
v -0.164914 -0.143217 -0.069233
v -0.164914 -0.143217 -0.069233
v -0.164914 -0.143217 -0.069233
v -0.164914 -0.143217 -0.069233
v -0.164914 -0.143217 -0.069233
v -0.164914 -0.143217 -0.069233
v -0.164914 -0.143217 -0.069233
v -0.164914 -0.143217 -0.069233
v -0.164914 -0.143217 -0.069233
v -0.164914 -0.143217 -0.069233
v -0.164914 -0.143217 -0.069233
v -0.164914 -0.143217 -0.069233
v -0.170540 -0.136067 -0.069168
v -0.170540 -0.136067 -0.069168
v -0.170540 -0.136067 -0.069168
v -0.170540 -0.136067 -0.069168
v -0.170540 -0.136067 -0.069168
v -0.170540 -0.138957 -0.069168
v -0.170540 -0.138957 -0.069168
v -0.170540 -0.138957 -0.069168
v -0.170540 -0.138957 -0.069168
v -0.174842 -0.138957 -0.069168
v -0.174842 -0.138957 -0.069168
v -0.174842 -0.138957 -0.069168
v -0.174842 -0.138957 -0.069168
v -0.174842 -0.138957 -0.069168
v -0.170540 -0.140600 -0.069168
v -0.170540 -0.140600 -0.069168
v -0.170540 -0.140600 -0.069168
v -0.170540 -0.140600 -0.069168
v -0.170540 -0.143583 -0.069168
v -0.170540 -0.143583 -0.069168
v -0.170540 -0.143583 -0.069168
v -0.170540 -0.143583 -0.069168
v -0.175134 -0.143583 -0.070603
v -0.175134 -0.143583 -0.070603
v -0.175134 -0.143583 -0.070603
v -0.175135 -0.143583 -0.070603
v -0.175134 -0.143583 -0.070603
v -0.175135 -0.143583 -0.069168
v -0.175135 -0.143583 -0.069168
v -0.175134 -0.143583 -0.069168
v -0.175134 -0.143583 -0.069168
v -0.175134 -0.143583 -0.069168
v -0.175134 -0.143583 -0.069168
v -0.168743 -0.145225 -0.070603
v -0.168743 -0.145225 -0.070603
v -0.168743 -0.145225 -0.070603
v -0.168743 -0.134425 -0.070603
v -0.168743 -0.134424 -0.070603
v -0.168743 -0.134424 -0.070603
v -0.168743 -0.134424 -0.070603
v -0.168743 -0.134424 -0.070603
v -0.168743 -0.134424 -0.069168
v -0.168743 -0.134424 -0.069168
v -0.168743 -0.134424 -0.069168
v -0.168743 -0.134424 -0.069168
v -0.168743 -0.134425 -0.069168
v -0.174996 -0.134424 -0.070603
v -0.174996 -0.134424 -0.070603
v -0.174996 -0.134424 -0.070603
v -0.174996 -0.134424 -0.070603
v -0.174996 -0.134425 -0.070603
v -0.146375 -0.047336 -0.070456
v -0.146375 -0.047336 -0.070456
v -0.146375 -0.047336 -0.070456
v -0.146375 -0.047336 -0.070456
v -0.146375 -0.047336 -0.070456
v -0.146375 -0.047336 -0.070456
v -0.146375 -0.047336 -0.069314
v -0.146375 -0.047336 -0.069314
v -0.146375 -0.047336 -0.069314
v -0.146375 -0.047336 -0.069314
v -0.146375 -0.047336 -0.069314
v -0.146375 -0.047336 -0.069314
v -0.142753 -0.052067 -0.070456
v -0.142753 -0.052067 -0.070456
v -0.142753 -0.052067 -0.070456
v -0.142753 -0.052067 -0.070456
v -0.142753 -0.052067 -0.070456
v -0.142753 -0.052067 -0.070456
v -0.142753 -0.052067 -0.069314
v -0.142753 -0.052067 -0.069314
v -0.142753 -0.052067 -0.069314
v -0.142753 -0.052067 -0.069314
v -0.142753 -0.052067 -0.069314
v -0.142753 -0.052067 -0.069314
v -0.150029 -0.052067 -0.070456
v -0.150029 -0.052067 -0.070456
v -0.150029 -0.052067 -0.070456
v -0.150029 -0.052067 -0.070456
v -0.150029 -0.052067 -0.070456
v -0.150029 -0.052067 -0.070456
v -0.150029 -0.052067 -0.069314
v -0.150029 -0.052067 -0.069314
v -0.150029 -0.052067 -0.069314
v -0.150029 -0.052067 -0.069314
v -0.150029 -0.052067 -0.069314
v -0.150029 -0.052067 -0.069314
v -0.152774 -0.044896 -0.069358
v -0.152774 -0.044896 -0.069358
v -0.152774 -0.044896 -0.069358
v -0.152774 -0.044896 -0.069358
v -0.168015 -0.050633 -0.070412
v -0.168016 -0.050633 -0.070412
v -0.168015 -0.050633 -0.070412
v -0.168015 -0.050633 -0.070412
v -0.168016 -0.050633 -0.070412
v -0.168016 -0.050633 -0.070412
v -0.168016 -0.050633 -0.070412
v -0.168016 -0.050633 -0.070412
v -0.168016 -0.050633 -0.070412
v -0.168016 -0.050633 -0.070412
v -0.168016 -0.050633 -0.069358
v -0.168016 -0.050633 -0.069358
v -0.168016 -0.050633 -0.069358
v -0.168016 -0.050633 -0.069358
v -0.168016 -0.050633 -0.069358
v -0.168016 -0.050633 -0.069358
v -0.168015 -0.050633 -0.069358
v -0.168016 -0.050633 -0.069358
v -0.168015 -0.050633 -0.069358
v -0.168016 -0.050633 -0.069358
v -0.168016 -0.050633 -0.069358
v -0.168015 -0.050633 -0.069358
v -0.168016 -0.050633 -0.069358
v -0.168016 -0.050633 -0.069358
v -0.168016 -0.050633 -0.069358
v -0.168016 -0.050633 -0.069358
v -0.168016 -0.050633 -0.069358
v -0.168016 -0.050633 -0.069358
v -0.168016 -0.050633 -0.069358
v -0.168016 -0.050633 -0.069358
v -0.172323 -0.608694 0.070432
v -0.171325 -0.608596 0.070432
v -0.172323 -0.608694 0.070432
v -0.171325 -0.608596 0.070432
v -0.172323 -0.608694 0.070432
v -0.172323 -0.608694 0.070432
v -0.170326 -0.608694 0.070432
v -0.170326 -0.608694 0.070432
v -0.171325 -0.608596 0.070432
v -0.170062 -0.608595 0.070212
v -0.170326 -0.608694 0.070432
v 0.191945 -0.615671 0.070432
v 0.192417 -0.616555 0.070432
v 0.192418 -0.616555 0.070432
v 0.191945 -0.615670 0.070432
v 0.192417 -0.616555 0.070432
v 0.191654 -0.614711 0.070432
v 0.191653 -0.614711 0.070432
v 0.191945 -0.615671 0.070432
v 0.191555 -0.613712 0.070432
v 0.191654 -0.614711 0.070432
v 0.191555 -0.613712 0.070432
v 0.191654 -0.612714 0.070432
v 0.191555 -0.613712 0.070432
v 0.191653 -0.612714 0.070432
v 0.191945 -0.611754 0.070432
v 0.191654 -0.612714 0.070432
v 0.191945 -0.611754 0.070432
v 0.191654 -0.612714 0.070432
v 0.192417 -0.610870 0.070432
v 0.191945 -0.611754 0.070432
v 0.192418 -0.610870 0.070432
v 0.193054 -0.610095 0.070432
v 0.192417 -0.610870 0.070432
v 0.192417 -0.610870 0.070432
v 0.193054 -0.610094 0.070432
v 0.196141 -0.608388 0.070191
v 0.193054 -0.610094 0.070432
v 0.200926 -0.610870 0.070432
v 0.200290 -0.610094 0.070432
v 0.200290 -0.610094 0.070432
v 0.200926 -0.610870 0.070432
v 0.200290 -0.610094 0.070432
v 0.201399 -0.611754 0.070432
v 0.200926 -0.610870 0.070432
v 0.201399 -0.611754 0.070432
v 0.200926 -0.610870 0.070432
v 0.201690 -0.612714 0.070432
v 0.201399 -0.611755 0.070432
v 0.201690 -0.612714 0.070432
v 0.201788 -0.613712 0.070432
v 0.201690 -0.612714 0.070432
v 0.201788 -0.613712 0.070432
v 0.201690 -0.614711 0.070432
v 0.201399 -0.615671 0.070432
v 0.201690 -0.614711 0.070432
v 0.201690 -0.614711 0.070432
v 0.201399 -0.615671 0.070432
v 0.200926 -0.616555 0.070432
v 0.201399 -0.615670 0.070432
v 0.200926 -0.616555 0.070432
v 0.201399 -0.615670 0.070432
v 0.200262 -0.617462 0.070118
v 0.200926 -0.616555 0.070432
v 0.200926 -0.616555 0.070432
v 0.193054 -0.449565 0.070432
v 0.192417 -0.448789 0.070432
v 0.193054 -0.449564 0.070432
v 0.192417 -0.448789 0.070432
v 0.193054 -0.449564 0.070432
v 0.192418 -0.448789 0.070432
v 0.191945 -0.447904 0.070432
v 0.191945 -0.447904 0.070432
v 0.192417 -0.448789 0.070432
v 0.191654 -0.446945 0.070432
v 0.191945 -0.447904 0.070432
v 0.191945 -0.447904 0.070432
v 0.191654 -0.446945 0.070432
v 0.191654 -0.446945 0.070432
v 0.191555 -0.445946 0.070432
v 0.191654 -0.444948 0.070432
v 0.191555 -0.445946 0.070432
v 0.191555 -0.445946 0.070432
v 0.191555 -0.445946 0.070432
v 0.191653 -0.444948 0.070432
v 0.191945 -0.443988 0.070432
v 0.191654 -0.444948 0.070432
v 0.191945 -0.443988 0.070432
v 0.191654 -0.444948 0.070432
v 0.192417 -0.443104 0.070432
v 0.191945 -0.443988 0.070432
v 0.192418 -0.443104 0.070432
v 0.191945 -0.443988 0.070432
v 0.192418 -0.443104 0.070432
v 0.193054 -0.442328 0.070432
v 0.192417 -0.443104 0.070432
v 0.193054 -0.442328 0.070432
v 0.194466 -0.440982 0.069995
v 0.193054 -0.442328 0.070432
v 0.195673 -0.440928 0.070432
v 0.196672 -0.440830 0.070432
v 0.195674 -0.440928 0.070432
v 0.196672 -0.440830 0.070432
v 0.195673 -0.440928 0.070432
v 0.196672 -0.440830 0.070432
v 0.197670 -0.440928 0.070432
v 0.197670 -0.440928 0.070432
v 0.196672 -0.440830 0.070432
v 0.200115 -0.441908 0.070107
v 0.197670 -0.440928 0.070432
v 0.200290 -0.442328 0.070432
v 0.200926 -0.443104 0.070432
v 0.200290 -0.442328 0.070432
v 0.200926 -0.443104 0.070432
v 0.200290 -0.442328 0.070432
v 0.200926 -0.443104 0.070432
v 0.201399 -0.443988 0.070432
v 0.201399 -0.443988 0.070432
v 0.200926 -0.443104 0.070432
v 0.201690 -0.444948 0.070432
v 0.201399 -0.443988 0.070432
v 0.201690 -0.444948 0.070432
v 0.201399 -0.443988 0.070432
v 0.201788 -0.445946 0.070432
v 0.201690 -0.444948 0.070432
v 0.201788 -0.445946 0.070432
v 0.201690 -0.446945 0.070432
v 0.201399 -0.447904 0.070432
v 0.201690 -0.446945 0.070432
v 0.201690 -0.446945 0.070432
v 0.201399 -0.447904 0.070432
v 0.200926 -0.448789 0.070432
v 0.201399 -0.447904 0.070432
v 0.201399 -0.447904 0.070432
v 0.200926 -0.448789 0.070432
v 0.200925 -0.448790 0.070432
v 0.200290 -0.449564 0.070432
v 0.200290 -0.449564 0.070432
v 0.200926 -0.448789 0.070432
v 0.196670 -0.451652 0.070256
v 0.200290 -0.449564 0.070432
v -0.172323 -0.440928 0.070432
v -0.171325 -0.440830 0.070432
v -0.172323 -0.440928 0.070432
v -0.172323 -0.440928 0.070432
v -0.171325 -0.440830 0.070432
v -0.170326 -0.440928 0.070432
v -0.170326 -0.440928 0.070432
v -0.171325 -0.440830 0.070432
v -0.168651 -0.441492 0.070438
v -0.170326 -0.440928 0.070432
v -0.167070 -0.443104 0.070432
v -0.166598 -0.443988 0.070432
v -0.167070 -0.443104 0.070432
v -0.166598 -0.443988 0.070432
v -0.167070 -0.443104 0.070432
v -0.166598 -0.443988 0.070432
v -0.166306 -0.444948 0.070432
v -0.166306 -0.444948 0.070432
v -0.166598 -0.443988 0.070432
v -0.166082 -0.448037 0.070270
v -0.166306 -0.444948 0.070432
v -0.125165 -0.141974 -0.070435
v -0.125062 -0.142158 -0.070537
v -0.125062 -0.142158 -0.070537
v -0.125062 -0.142158 -0.070537
v -0.125165 -0.141974 -0.070435
v -0.125063 -0.142158 -0.070537
v -0.125253 -0.144581 -0.069608
v -0.125231 -0.144567 -0.069465
v -0.125253 -0.144581 -0.069608
v -0.125231 -0.144567 -0.069465
v -0.125253 -0.144581 -0.069608
v -0.125057 -0.137551 -0.070435
v -0.124955 -0.137376 -0.070537
v -0.124955 -0.137376 -0.070537
v -0.124955 -0.137376 -0.070537
v -0.125057 -0.137551 -0.070435
v -0.124955 -0.137376 -0.070537
v -0.133602 -0.145522 -0.069465
v -0.133579 -0.145545 -0.069608
v -0.133579 -0.145545 -0.069608
v -0.133602 -0.145522 -0.069465
v -0.133579 -0.145545 -0.069608
v -0.133579 -0.145545 -0.069608
v -0.133602 -0.145522 -0.069465
v -0.133579 -0.145545 -0.069608
v -0.126369 -0.134296 -0.070537
v -0.126010 -0.133937 -0.069991
v -0.126369 -0.134296 -0.070537
v -0.126369 -0.134295 -0.070537
v -0.133601 -0.138707 -0.069465
v -0.133579 -0.138684 -0.069608
v -0.133579 -0.138684 -0.069608
v -0.133602 -0.138707 -0.069465
v -0.133579 -0.138684 -0.069608
v -0.133579 -0.138684 -0.069608
v -0.133667 -0.134193 -0.070435
v -0.133770 -0.134296 -0.070537
v -0.133770 -0.134296 -0.070537
v -0.133770 -0.134296 -0.070537
v -0.133770 -0.134295 -0.070537
v -0.135992 -0.134128 -0.069465
v -0.136015 -0.134105 -0.069608
v -0.136015 -0.134105 -0.069608
v -0.136015 -0.134105 -0.069608
v -0.135992 -0.134128 -0.069465
v -0.136015 -0.134105 -0.069608
v -0.136058 -0.145522 -0.069465
v -0.136024 -0.145545 -0.069608
v -0.136024 -0.145545 -0.069608
v -0.136058 -0.145522 -0.069465
v -0.136024 -0.145545 -0.069608
v -0.136024 -0.145545 -0.069608
v -0.136058 -0.145522 -0.069465
v -0.136024 -0.145545 -0.069608
v -0.147584 -0.145457 -0.070435
v -0.147426 -0.145354 -0.070537
v -0.147426 -0.145354 -0.070537
v -0.141763 -0.137767 -0.070435
v -0.141760 -0.137508 -0.070537
v -0.141760 -0.137508 -0.070537
v -0.141760 -0.137508 -0.070537
v -0.141763 -0.137767 -0.070435
v -0.141760 -0.137508 -0.070537
v -0.141763 -0.137767 -0.070435
v -0.141760 -0.137508 -0.070537
v -0.141760 -0.137508 -0.070537
v -0.141763 -0.137767 -0.070435
v -0.141760 -0.137508 -0.070537
v -0.142734 -0.140164 -0.069608
v -0.142769 -0.140187 -0.069465
v -0.142734 -0.140164 -0.069608
v -0.142734 -0.140164 -0.069608
v -0.142769 -0.140187 -0.069465
v -0.142734 -0.140164 -0.069608
v -0.140869 -0.140164 -0.069608
v -0.140835 -0.140187 -0.069465
v -0.140869 -0.140164 -0.069608
v -0.140869 -0.140164 -0.069608
v -0.140835 -0.140187 -0.069465
v -0.140869 -0.140164 -0.069608
v -0.140869 -0.140164 -0.069608
v -0.152878 -0.140093 -0.069168
v -0.152878 -0.140093 -0.069168
v -0.152878 -0.140093 -0.069168
v -0.152829 -0.140115 -0.069168
v -0.152878 -0.140093 -0.069168
v -0.152878 -0.140093 -0.069168
v -0.152878 -0.140093 -0.069168
v -0.153002 -0.139955 -0.070435
v -0.152940 -0.140036 -0.070537
v -0.152940 -0.140036 -0.070537
v -0.152940 -0.140036 -0.070537
v -0.153002 -0.139955 -0.070435
v -0.152940 -0.140036 -0.070537
v -0.153002 -0.139955 -0.070435
v -0.152940 -0.140036 -0.070537
v -0.152940 -0.140036 -0.070537
v -0.157182 -0.145522 -0.069465
v -0.157226 -0.145545 -0.069608
v -0.157182 -0.145522 -0.069465
v -0.157226 -0.145545 -0.069608
v -0.157226 -0.145545 -0.069608
v -0.150169 -0.145545 -0.069608
v -0.150146 -0.145522 -0.069465
v -0.150169 -0.145545 -0.069608
v -0.150169 -0.145545 -0.069608
v -0.150146 -0.145522 -0.069465
v -0.150169 -0.145545 -0.069608
v -0.147733 -0.134105 -0.069608
v -0.147755 -0.134128 -0.069465
v -0.147733 -0.134105 -0.069608
v -0.147733 -0.134105 -0.069608
v -0.147755 -0.134128 -0.069465
v -0.147733 -0.134105 -0.069608
v -0.150169 -0.138699 -0.069608
v -0.150146 -0.138722 -0.069465
v -0.150169 -0.138699 -0.069608
v -0.150146 -0.138722 -0.069465
v -0.150169 -0.138699 -0.069608
v -0.150169 -0.138699 -0.069608
v -0.166855 -0.137469 -0.070435
v -0.166753 -0.137300 -0.070537
v -0.166753 -0.137300 -0.070537
v -0.166855 -0.137469 -0.070435
v -0.166753 -0.137300 -0.070537
v -0.164812 -0.143142 -0.070435
v -0.164812 -0.143142 -0.070435
v -0.164914 -0.143217 -0.070537
v -0.164812 -0.143142 -0.070435
v -0.164914 -0.143217 -0.070537
v -0.164723 -0.141721 -0.069608
v -0.164746 -0.141699 -0.069465
v -0.164723 -0.141721 -0.069608
v -0.164746 -0.141699 -0.069465
v -0.164723 -0.141721 -0.069608
v -0.164723 -0.141721 -0.069608
v -0.162726 -0.139462 -0.069465
v -0.162703 -0.139439 -0.069608
v -0.162703 -0.139440 -0.069608
v -0.162703 -0.139439 -0.069608
v -0.162726 -0.139462 -0.069465
v -0.162703 -0.139439 -0.069608
v -0.170860 -0.138638 -0.069608
v -0.170837 -0.138660 -0.069465
v -0.170860 -0.138638 -0.069608
v -0.170860 -0.138638 -0.069608
v -0.170837 -0.138660 -0.069465
v -0.170860 -0.138638 -0.069608
v -0.175161 -0.140920 -0.069608
v -0.175139 -0.140897 -0.069465
v -0.175161 -0.140920 -0.069608
v -0.175161 -0.140920 -0.069608
v -0.175138 -0.140897 -0.069465
v -0.175161 -0.140920 -0.069608
v -0.170860 -0.143263 -0.069608
v -0.170837 -0.143286 -0.069465
v -0.170860 -0.143263 -0.069608
v -0.170837 -0.143286 -0.069465
v -0.170860 -0.143263 -0.069608
v -0.170860 -0.143263 -0.069608
v -0.175263 -0.143454 -0.070537
v -0.175366 -0.143351 -0.070435
v -0.175263 -0.143454 -0.070537
v -0.175263 -0.143454 -0.070537
v -0.175454 -0.145545 -0.069608
v -0.175431 -0.145522 -0.069465
v -0.175454 -0.145545 -0.069608
v -0.175454 -0.145545 -0.069608
v -0.175431 -0.145522 -0.069465
v -0.175454 -0.145545 -0.069608
v -0.168614 -0.145354 -0.070537
v -0.168512 -0.145457 -0.070435
v -0.168614 -0.145354 -0.070537
v -0.168424 -0.134105 -0.069608
v -0.168446 -0.134128 -0.069465
v -0.168424 -0.134105 -0.069608
v -0.168424 -0.134105 -0.069608
v -0.168446 -0.134128 -0.069465
v -0.168424 -0.134105 -0.069608
v -0.175125 -0.134295 -0.070537
v -0.175227 -0.134193 -0.070435
v -0.175125 -0.134295 -0.070537
v -0.175125 -0.134296 -0.070537
v -0.175227 -0.134193 -0.070435
v -0.175125 -0.134296 -0.070537
v -0.175125 -0.134296 -0.070537
v -0.175293 -0.136364 -0.069465
v -0.175315 -0.136387 -0.069608
v -0.175315 -0.136387 -0.069608
v -0.175315 -0.136387 -0.069608
v -0.175293 -0.136364 -0.069465
v -0.175315 -0.136387 -0.069608
v -0.125230 -0.141856 -0.070306
v -0.125165 -0.141974 -0.070435
v -0.125165 -0.141974 -0.070435
v -0.125231 -0.141856 -0.070306
v -0.125165 -0.144526 -0.069336
v -0.125231 -0.144567 -0.069465
v -0.125165 -0.144526 -0.069336
v -0.125231 -0.144567 -0.069465
v -0.125123 -0.137663 -0.070306
v -0.125057 -0.137551 -0.070435
v -0.125057 -0.137551 -0.070435
v -0.125123 -0.137663 -0.070306
v -0.134026 -0.145093 -0.069100
v -0.133602 -0.145522 -0.069465
v -0.133602 -0.145522 -0.069465
v -0.134026 -0.145093 -0.069100
v -0.133667 -0.138772 -0.069336
v -0.133602 -0.138707 -0.069465
v -0.133602 -0.138707 -0.069465
v -0.135927 -0.134193 -0.069336
v -0.135992 -0.134128 -0.069465
v -0.136157 -0.145457 -0.069336
v -0.136058 -0.145522 -0.069465
v -0.136058 -0.145522 -0.069465
v -0.147685 -0.145522 -0.070306
v -0.147584 -0.145457 -0.070435
v -0.147685 -0.145522 -0.070306
v -0.147584 -0.145457 -0.070435
v -0.147685 -0.145522 -0.070306
v -0.147584 -0.145457 -0.070435
v -0.141769 -0.138332 -0.069895
v -0.141763 -0.137767 -0.070435
v -0.141763 -0.137767 -0.070435
v -0.142769 -0.140187 -0.069465
v -0.142870 -0.140252 -0.069336
v -0.142769 -0.140187 -0.069465
v -0.142870 -0.140252 -0.069336
v -0.142769 -0.140187 -0.069465
v -0.142870 -0.140252 -0.069336
v -0.140835 -0.140187 -0.069465
v -0.140737 -0.140252 -0.069336
v -0.140737 -0.140252 -0.069336
v -0.140835 -0.140187 -0.069465
v -0.140835 -0.140187 -0.069465
v -0.140737 -0.140252 -0.069336
v -0.140737 -0.140252 -0.069336
v -0.140835 -0.140187 -0.069465
v -0.153002 -0.139955 -0.070435
v -0.153042 -0.139903 -0.070306
v -0.153042 -0.139903 -0.070306
v -0.153002 -0.139955 -0.070435
v -0.153042 -0.139903 -0.070306
v -0.153002 -0.139955 -0.070435
v -0.157053 -0.145457 -0.069336
v -0.157182 -0.145522 -0.069465
v -0.157053 -0.145457 -0.069336
v -0.157181 -0.145522 -0.069465
v -0.149730 -0.145106 -0.069068
v -0.150146 -0.145522 -0.069465
v -0.147821 -0.134193 -0.069336
v -0.147755 -0.134128 -0.069465
v -0.149740 -0.139129 -0.069066
v -0.150146 -0.138722 -0.069465
v -0.166921 -0.137578 -0.070306
v -0.166855 -0.137469 -0.070435
v -0.166921 -0.137578 -0.070306
v -0.166855 -0.137469 -0.070435
v -0.164876 -0.143053 -0.069465
v -0.164895 -0.143116 -0.069336
v -0.164876 -0.143053 -0.069465
v -0.164895 -0.143116 -0.069336
v -0.164876 -0.143053 -0.069465
v -0.164895 -0.143116 -0.069336
v -0.164876 -0.143053 -0.069465
v -0.164895 -0.143116 -0.069336
v -0.164876 -0.143053 -0.069465
v -0.164746 -0.143094 -0.070306
v -0.164812 -0.143142 -0.070435
v -0.165158 -0.141286 -0.069053
v -0.164746 -0.141699 -0.069465
v -0.163135 -0.139871 -0.069047
v -0.162726 -0.139462 -0.069465
v -0.170771 -0.138726 -0.069336
v -0.170837 -0.138660 -0.069465
v -0.174715 -0.140475 -0.069054
v -0.175138 -0.140897 -0.069465
v -0.170771 -0.143351 -0.069336
v -0.170837 -0.143286 -0.069465
v -0.175010 -0.145105 -0.069080
v -0.175431 -0.145522 -0.069465
v -0.168512 -0.134193 -0.069336
v -0.168446 -0.134128 -0.069465
v -0.168446 -0.134128 -0.069465
v -0.175293 -0.134128 -0.070306
v -0.174873 -0.135939 -0.069076
v -0.175293 -0.136364 -0.069465
v -0.125283 -0.141759 -0.069873
v -0.125231 -0.141856 -0.070306
v -0.125062 -0.144463 -0.069233
v -0.125165 -0.144526 -0.069336
v -0.125165 -0.144526 -0.069336
v -0.125179 -0.137765 -0.069890
v -0.125123 -0.137663 -0.070306
v -0.125123 -0.137663 -0.070306
v -0.125123 -0.137663 -0.070306
v -0.133579 -0.140966 -0.070163
v -0.133602 -0.140943 -0.070306
v -0.133602 -0.140943 -0.070306
v -0.133579 -0.140966 -0.070163
v -0.133602 -0.140943 -0.070306
v -0.133579 -0.134105 -0.070163
v -0.133602 -0.134128 -0.070306
v -0.133602 -0.134128 -0.070306
v -0.133579 -0.134105 -0.070163
v -0.133602 -0.134128 -0.070306
v -0.135992 -0.145522 -0.070306
v -0.136015 -0.145545 -0.070163
v -0.135992 -0.145522 -0.070306
v -0.136015 -0.145545 -0.070163
v -0.135992 -0.145522 -0.070306
v -0.145291 -0.145354 -0.069233
v -0.145225 -0.145457 -0.069336
v -0.145225 -0.145457 -0.069336
v -0.145291 -0.145354 -0.069233
v -0.145225 -0.145457 -0.069336
v -0.136312 -0.145354 -0.069233
v -0.136157 -0.145457 -0.069336
v -0.136157 -0.145457 -0.069336
v -0.136312 -0.145354 -0.069233
v -0.136312 -0.145354 -0.069233
v -0.136157 -0.145457 -0.069336
v -0.147685 -0.145522 -0.070306
v -0.147720 -0.145545 -0.070163
v -0.147720 -0.145545 -0.070163
v -0.147720 -0.145545 -0.070163
v -0.147685 -0.145522 -0.070306
v -0.142870 -0.140252 -0.069336
v -0.143028 -0.140355 -0.069233
v -0.142870 -0.140252 -0.069336
v -0.143028 -0.140355 -0.069233
v -0.142870 -0.140252 -0.069336
v -0.140584 -0.140355 -0.069233
v -0.140584 -0.140355 -0.069233
v -0.140737 -0.140252 -0.069336
v -0.140584 -0.140355 -0.069233
v -0.153012 -0.140359 -0.070306
v -0.153022 -0.140379 -0.070163
v -0.153012 -0.140359 -0.070306
v -0.153022 -0.140379 -0.070163
v -0.153012 -0.140359 -0.070306
v -0.153022 -0.140379 -0.070163
v -0.153012 -0.140359 -0.070306
v -0.153022 -0.140379 -0.070163
v -0.153012 -0.140359 -0.070306
v -0.153012 -0.140359 -0.070306
v -0.153022 -0.140379 -0.070163
v -0.153012 -0.140359 -0.070306
v -0.153056 -0.139885 -0.070163
v -0.153042 -0.139903 -0.070306
v -0.153042 -0.139903 -0.070306
v -0.153056 -0.139885 -0.070163
v -0.153042 -0.139903 -0.070306
v -0.153056 -0.139885 -0.070163
v -0.156853 -0.145354 -0.069233
v -0.157053 -0.145457 -0.069336
v -0.156853 -0.145354 -0.069233
v -0.157053 -0.145457 -0.069336
v -0.156853 -0.145354 -0.069233
v -0.156853 -0.145354 -0.069233
v -0.157053 -0.145457 -0.069336
v -0.150146 -0.140959 -0.070306
v -0.150169 -0.140981 -0.070163
v -0.150146 -0.140959 -0.070306
v -0.150169 -0.140981 -0.070163
v -0.150146 -0.140959 -0.070306
v -0.147733 -0.145545 -0.070163
v -0.147755 -0.145522 -0.070306
v -0.147755 -0.145522 -0.070306
v -0.147733 -0.145545 -0.070163
v -0.147755 -0.145522 -0.070306
v -0.150146 -0.136302 -0.070306
v -0.150169 -0.136325 -0.070163
v -0.150146 -0.136302 -0.070306
v -0.150169 -0.136325 -0.070163
v -0.150146 -0.136302 -0.070306
v -0.166943 -0.137615 -0.070163
v -0.166921 -0.137578 -0.070306
v -0.166943 -0.137615 -0.070163
v -0.166921 -0.137578 -0.070306
v -0.164895 -0.143116 -0.069336
v -0.164925 -0.143214 -0.069234
v -0.164895 -0.143116 -0.069336
v -0.164925 -0.143214 -0.069234
v -0.164925 -0.143214 -0.069234
v -0.164925 -0.143214 -0.069234
v -0.164895 -0.143116 -0.069336
v -0.164723 -0.143077 -0.070163
v -0.164746 -0.143094 -0.070306
v -0.164723 -0.143077 -0.070163
v -0.164746 -0.143094 -0.070306
v -0.164746 -0.143094 -0.070306
v -0.162726 -0.141699 -0.070306
v -0.162703 -0.141721 -0.070163
v -0.162726 -0.141699 -0.070306
v -0.162703 -0.141721 -0.070163
v -0.162726 -0.141699 -0.070306
v -0.167137 -0.139462 -0.070306
v -0.167159 -0.139439 -0.070163
v -0.167137 -0.139462 -0.070306
v -0.167159 -0.139439 -0.070163
v -0.167137 -0.139462 -0.070306
v -0.167159 -0.139439 -0.070163
v -0.167137 -0.139462 -0.070306
v -0.170837 -0.136364 -0.070306
v -0.170860 -0.136387 -0.070163
v -0.170837 -0.136364 -0.070306
v -0.170837 -0.136364 -0.070306
v -0.170860 -0.136387 -0.070163
v -0.170837 -0.136364 -0.070306
v -0.175138 -0.138660 -0.070306
v -0.175161 -0.138638 -0.070163
v -0.175138 -0.138660 -0.070306
v -0.175161 -0.138638 -0.070163
v -0.175139 -0.138660 -0.070306
v -0.170837 -0.140897 -0.070306
v -0.170860 -0.140920 -0.070163
v -0.170837 -0.140897 -0.070306
v -0.170860 -0.140920 -0.070163
v -0.170837 -0.140897 -0.070306
v -0.175431 -0.143286 -0.070306
v -0.175454 -0.143263 -0.070163
v -0.175431 -0.143286 -0.070306
v -0.175454 -0.143263 -0.070163
v -0.175431 -0.143286 -0.070306
v -0.168424 -0.145545 -0.070163
v -0.168446 -0.145522 -0.070306
v -0.168446 -0.145522 -0.070306
v -0.168424 -0.145545 -0.070163
v -0.168446 -0.145522 -0.070306
v -0.175315 -0.134105 -0.070163
v -0.175293 -0.134128 -0.070306
v -0.175293 -0.134128 -0.070306
v -0.175315 -0.134105 -0.070163
v -0.175293 -0.134128 -0.070306
v -0.175315 -0.134105 -0.070163
v -0.175293 -0.134128 -0.070306
v -0.133579 -0.140966 -0.069608
v -0.133579 -0.140966 -0.070163
v -0.133579 -0.140966 -0.069608
v -0.133579 -0.140966 -0.070163
v -0.128424 -0.134295 -0.070537
v -0.128295 -0.134424 -0.070603
v -0.128295 -0.134424 -0.070603
v -0.128424 -0.134296 -0.070537
v -0.128424 -0.134296 -0.069233
v -0.128424 -0.134295 -0.069233
v -0.128424 -0.134295 -0.069233
v -0.133770 -0.138875 -0.069233
v -0.133770 -0.138875 -0.069233
v -0.133770 -0.138875 -0.069233
v -0.133770 -0.138875 -0.069233
v -0.133579 -0.134105 -0.069608
v -0.133579 -0.134105 -0.070163
v -0.133579 -0.134105 -0.069608
v -0.133579 -0.134105 -0.070163
v -0.133579 -0.134105 -0.069608
v -0.133579 -0.134105 -0.070163
v -0.135824 -0.134296 -0.069233
v -0.135824 -0.134296 -0.069233
v -0.135824 -0.134296 -0.069233
v -0.135824 -0.134296 -0.069233
v -0.136015 -0.145545 -0.069608
v -0.136015 -0.145545 -0.070163
v -0.136015 -0.145545 -0.069608
v -0.136015 -0.145545 -0.070163
v -0.136312 -0.145354 -0.070537
v -0.136508 -0.145225 -0.070603
v -0.136508 -0.145225 -0.070603
v -0.136312 -0.145354 -0.070537
v -0.136508 -0.145225 -0.070603
v -0.136312 -0.145354 -0.069233
v -0.136312 -0.145354 -0.069233
v -0.147720 -0.145545 -0.069608
v -0.147720 -0.145545 -0.070163
v -0.147720 -0.145545 -0.070163
v -0.147720 -0.145545 -0.069608
v -0.147720 -0.145545 -0.070163
v -0.147720 -0.145545 -0.069608
v -0.143226 -0.140484 -0.070603
v -0.143028 -0.140355 -0.070537
v -0.143226 -0.140484 -0.070603
v -0.143028 -0.140355 -0.070537
v -0.143028 -0.140355 -0.069233
v -0.143226 -0.140484 -0.069168
v -0.143028 -0.140355 -0.069233
v -0.140584 -0.140355 -0.070537
v -0.140391 -0.140484 -0.069168
v -0.140584 -0.140355 -0.069233
v -0.140391 -0.140484 -0.069168
v -0.153022 -0.140379 -0.069608
v -0.153022 -0.140379 -0.070163
v -0.153087 -0.140141 -0.070537
v -0.152829 -0.140115 -0.070603
v -0.153087 -0.140141 -0.070537
v -0.153087 -0.140141 -0.069233
v -0.153087 -0.140141 -0.069233
v -0.152829 -0.140115 -0.069168
v -0.153087 -0.140141 -0.069233
v -0.152862 -0.140139 -0.070603
v -0.153056 -0.139885 -0.070163
v -0.153056 -0.139885 -0.069608
v -0.153056 -0.139885 -0.070163
v -0.153056 -0.139885 -0.069608
v -0.153056 -0.139885 -0.070163
v -0.153056 -0.139885 -0.070163
v -0.153056 -0.139885 -0.069608
v -0.153056 -0.139885 -0.069608
v -0.156853 -0.145354 -0.070537
v -0.156853 -0.145354 -0.070537
v -0.156853 -0.145354 -0.070537
v -0.156853 -0.145354 -0.069233
v -0.150169 -0.140981 -0.069608
v -0.150169 -0.140981 -0.070163
v -0.150169 -0.140981 -0.069608
v -0.150169 -0.140981 -0.070163
v -0.147733 -0.145545 -0.069608
v -0.147733 -0.145545 -0.070163
v -0.147733 -0.145545 -0.069608
v -0.147733 -0.145545 -0.070163
v -0.147923 -0.134296 -0.070537
v -0.147923 -0.134296 -0.070537
v -0.147923 -0.134296 -0.069233
v -0.148052 -0.134424 -0.069168
v -0.147923 -0.134296 -0.069233
v -0.147923 -0.134296 -0.069233
v -0.150169 -0.136325 -0.069608
v -0.150169 -0.136325 -0.070163
v -0.150169 -0.136325 -0.069608
v -0.150169 -0.136325 -0.070163
v -0.166943 -0.137615 -0.069608
v -0.166943 -0.137615 -0.070163
v -0.166943 -0.137615 -0.069608
v -0.166943 -0.137615 -0.070163
v -0.164723 -0.143077 -0.069608
v -0.164723 -0.143077 -0.070163
v -0.164723 -0.143077 -0.069608
v -0.164723 -0.143077 -0.070163
v -0.164925 -0.143214 -0.069234
v -0.164925 -0.143214 -0.069234
v -0.164914 -0.143217 -0.069233
v -0.164925 -0.143214 -0.069234
v -0.162703 -0.141721 -0.069608
v -0.162703 -0.141721 -0.070163
v -0.162703 -0.141721 -0.069608
v -0.162703 -0.141721 -0.070163
v -0.167159 -0.139439 -0.069608
v -0.167159 -0.139439 -0.069608
v -0.167159 -0.139440 -0.070163
v -0.170860 -0.136387 -0.069608
v -0.170860 -0.136387 -0.070163
v -0.170860 -0.136387 -0.069608
v -0.170860 -0.136387 -0.070163
v -0.170669 -0.138828 -0.069233
v -0.170669 -0.138828 -0.069233
v -0.170669 -0.138828 -0.069233
v -0.170669 -0.138828 -0.069233
v -0.175161 -0.138638 -0.069608
v -0.175161 -0.138638 -0.070163
v -0.175161 -0.138638 -0.069608
v -0.175161 -0.138638 -0.070163
v -0.170860 -0.140920 -0.069608
v -0.170860 -0.140920 -0.070163
v -0.170860 -0.140920 -0.069608
v -0.170860 -0.140920 -0.070163
v -0.170669 -0.143454 -0.069233
v -0.170669 -0.143454 -0.069233
v -0.170669 -0.143454 -0.069233
v -0.170669 -0.143454 -0.069233
v -0.175454 -0.143263 -0.069608
v -0.175454 -0.143263 -0.070163
v -0.175454 -0.143263 -0.069608
v -0.175454 -0.143263 -0.070163
v -0.168424 -0.145545 -0.069608
v -0.168424 -0.145545 -0.070163
v -0.168424 -0.145545 -0.069608
v -0.168424 -0.145545 -0.070163
v -0.168614 -0.134296 -0.070537
v -0.168614 -0.134296 -0.070537
v -0.168614 -0.134296 -0.070537
v -0.168614 -0.134296 -0.069233
v -0.168743 -0.134425 -0.069168
v -0.168614 -0.134296 -0.069233
v -0.168743 -0.134424 -0.069168
v -0.168614 -0.134296 -0.069233
v -0.168743 -0.134424 -0.069168
v -0.168614 -0.134296 -0.069233
v -0.175315 -0.134105 -0.069608
v -0.175315 -0.134105 -0.069608
v -0.175315 -0.134105 -0.070163
v -0.125165 -0.144526 -0.070435
v -0.125165 -0.144526 -0.070435
v -0.133602 -0.140943 -0.069465
v -0.133579 -0.140966 -0.069608
v -0.133602 -0.140943 -0.069465
v -0.133579 -0.140966 -0.069608
v -0.128776 -0.133924 -0.069882
v -0.128424 -0.134296 -0.070537
v -0.133602 -0.134128 -0.069465
v -0.133602 -0.134128 -0.069465
v -0.133579 -0.134105 -0.069608
v -0.133602 -0.134128 -0.069465
v -0.133579 -0.134105 -0.069608
v -0.135992 -0.145522 -0.069465
v -0.136015 -0.145545 -0.069608
v -0.135992 -0.145522 -0.069465
v -0.136015 -0.145545 -0.069608
v -0.136312 -0.145354 -0.070537
v -0.136157 -0.145457 -0.070435
v -0.136312 -0.145354 -0.070537
v -0.136312 -0.145354 -0.070537
v -0.136157 -0.145457 -0.070435
v -0.147685 -0.145522 -0.069465
v -0.147720 -0.145545 -0.069608
v -0.147685 -0.145522 -0.069465
v -0.147720 -0.145545 -0.069608
v -0.142870 -0.140252 -0.070435
v -0.143028 -0.140355 -0.070537
v -0.143028 -0.140355 -0.070537
v -0.142870 -0.140252 -0.070435
v -0.143028 -0.140355 -0.070537
v -0.143028 -0.140355 -0.070537
v -0.142870 -0.140252 -0.070435
v -0.143028 -0.140355 -0.070537
v -0.142870 -0.140252 -0.070435
v -0.140737 -0.140252 -0.070435
v -0.140584 -0.140355 -0.070537
v -0.140737 -0.140252 -0.070435
v -0.140584 -0.140355 -0.070537
v -0.153012 -0.140359 -0.069465
v -0.153022 -0.140379 -0.069608
v -0.153759 -0.140204 -0.069870
v -0.153087 -0.140141 -0.070537
v -0.153042 -0.139903 -0.069465
v -0.153056 -0.139885 -0.069608
v -0.153042 -0.139903 -0.069465
v -0.153042 -0.139903 -0.069465
v -0.153056 -0.139885 -0.069608
v -0.152862 -0.140139 -0.069168
v -0.152829 -0.140115 -0.069168
v -0.152862 -0.140139 -0.069168
v -0.152862 -0.140139 -0.069168
v -0.152829 -0.140115 -0.069168
v -0.152862 -0.140139 -0.069168
v -0.152829 -0.140115 -0.069168
v -0.152862 -0.140139 -0.069168
v -0.152829 -0.140115 -0.069168
v -0.152862 -0.140139 -0.069168
v -0.152829 -0.140115 -0.069168
v -0.156853 -0.145354 -0.070537
v -0.157053 -0.145457 -0.070435
v -0.157053 -0.145457 -0.070435
v -0.156853 -0.145354 -0.070537
v -0.150146 -0.140959 -0.069465
v -0.150169 -0.140981 -0.069608
v -0.150146 -0.140959 -0.069465
v -0.150169 -0.140981 -0.069608
v -0.147755 -0.145522 -0.069465
v -0.147733 -0.145545 -0.069608
v -0.147755 -0.145522 -0.069465
v -0.147733 -0.145545 -0.069608
v -0.147821 -0.134193 -0.070435
v -0.147923 -0.134296 -0.070537
v -0.150146 -0.136302 -0.069465
v -0.150169 -0.136325 -0.069608
v -0.150146 -0.136302 -0.069465
v -0.150169 -0.136325 -0.069608
v -0.166921 -0.137578 -0.069465
v -0.166943 -0.137615 -0.069608
v -0.166921 -0.137578 -0.069465
v -0.166943 -0.137615 -0.069608
v -0.164925 -0.143214 -0.070537
v -0.164895 -0.143116 -0.070435
v -0.164925 -0.143214 -0.070537
v -0.164925 -0.143214 -0.070537
v -0.164925 -0.143214 -0.070537
v -0.164895 -0.143116 -0.070435
v -0.164925 -0.143214 -0.070537
v -0.164746 -0.143094 -0.069465
v -0.164723 -0.143077 -0.069608
v -0.164746 -0.143094 -0.069465
v -0.164723 -0.143077 -0.069608
v -0.162726 -0.141699 -0.069465
v -0.162703 -0.141721 -0.069608
v -0.162726 -0.141699 -0.069465
v -0.162703 -0.141721 -0.069608
v -0.167137 -0.139462 -0.069465
v -0.167159 -0.139439 -0.069608
v -0.167137 -0.139462 -0.069465
v -0.167159 -0.139440 -0.069608
v -0.170837 -0.136364 -0.069465
v -0.170860 -0.136387 -0.069608
v -0.170837 -0.136364 -0.069465
v -0.170860 -0.136387 -0.069608
v -0.175139 -0.138660 -0.069465
v -0.175161 -0.138638 -0.069608
v -0.175139 -0.138660 -0.069465
v -0.175161 -0.138638 -0.069608
v -0.170837 -0.140897 -0.069465
v -0.170860 -0.140920 -0.069608
v -0.170837 -0.140897 -0.069465
v -0.170860 -0.140920 -0.069608
v -0.175431 -0.143286 -0.069465
v -0.175454 -0.143263 -0.069608
v -0.175431 -0.143286 -0.069465
v -0.175454 -0.143263 -0.069608
v -0.168446 -0.145522 -0.069465
v -0.168424 -0.145545 -0.069608
v -0.168446 -0.145522 -0.069465
v -0.168424 -0.145545 -0.069608
v -0.168512 -0.134193 -0.070435
v -0.168614 -0.134296 -0.070537
v -0.175293 -0.134128 -0.069465
v -0.175315 -0.134105 -0.069608
v -0.175293 -0.134128 -0.069465
v -0.175315 -0.134105 -0.069608
v -0.175125 -0.136196 -0.070537
v -0.175227 -0.136298 -0.070435
v -0.175125 -0.136196 -0.070537
v -0.175227 -0.136298 -0.070435
v -0.175125 -0.136196 -0.070537
v -0.125165 -0.141974 -0.069336
v -0.125231 -0.141856 -0.069465
v -0.125230 -0.141856 -0.069465
v -0.125165 -0.141974 -0.069336
v -0.125231 -0.141856 -0.069465
v -0.125231 -0.144567 -0.070306
v -0.125165 -0.144526 -0.070435
v -0.125231 -0.144567 -0.070306
v -0.125165 -0.144526 -0.070435
v -0.125123 -0.137663 -0.069465
v -0.125057 -0.137551 -0.069336
v -0.125123 -0.137663 -0.069465
v -0.125057 -0.137551 -0.069336
v -0.125123 -0.137663 -0.069465
v -0.125057 -0.137551 -0.069336
v -0.125123 -0.137663 -0.069465
v -0.133602 -0.140943 -0.069465
v -0.133667 -0.140878 -0.069336
v -0.133602 -0.140943 -0.069465
v -0.133667 -0.134193 -0.069336
v -0.133602 -0.134128 -0.069465
v -0.135572 -0.145101 -0.069077
v -0.135992 -0.145522 -0.069465
v -0.136157 -0.145457 -0.070435
v -0.136058 -0.145522 -0.070306
v -0.136058 -0.145522 -0.070306
v -0.147584 -0.145457 -0.069336
v -0.147685 -0.145522 -0.069465
v -0.147685 -0.145522 -0.069465
v -0.147685 -0.145522 -0.069465
v -0.142769 -0.140187 -0.070306
v -0.142870 -0.140252 -0.070435
v -0.142769 -0.140187 -0.070306
v -0.142769 -0.140187 -0.070306
v -0.140737 -0.140252 -0.070435
v -0.140835 -0.140187 -0.070306
v -0.140835 -0.140187 -0.070306
v -0.140737 -0.140252 -0.070435
v -0.140737 -0.140252 -0.070435
v -0.153012 -0.140359 -0.069465
v -0.152982 -0.140300 -0.069336
v -0.153012 -0.140359 -0.069465
v -0.153012 -0.140359 -0.069465
v -0.152982 -0.140300 -0.069336
v -0.153012 -0.140359 -0.069465
v -0.152982 -0.140300 -0.069336
v -0.153012 -0.140359 -0.069465
v -0.152982 -0.140300 -0.069336
v -0.153012 -0.140359 -0.069465
v -0.157182 -0.145522 -0.070306
v -0.157053 -0.145457 -0.070435
v -0.157182 -0.145522 -0.070306
v -0.157053 -0.145457 -0.070435
v -0.157181 -0.145522 -0.070306
v -0.157053 -0.145457 -0.070435
v -0.149733 -0.140546 -0.069055
v -0.150146 -0.140959 -0.069465
v -0.148172 -0.145106 -0.069065
v -0.147755 -0.145522 -0.069465
v -0.149758 -0.135915 -0.069029
v -0.150146 -0.136302 -0.069465
v -0.166855 -0.137469 -0.069336
v -0.166921 -0.137578 -0.069465
v -0.166921 -0.137578 -0.069465
v -0.166855 -0.137469 -0.069336
v -0.164895 -0.143116 -0.070435
v -0.164876 -0.143053 -0.070306
v -0.164876 -0.143053 -0.070306
v -0.164895 -0.143116 -0.070435
v -0.164876 -0.143053 -0.070306
v -0.164895 -0.143116 -0.070435
v -0.164876 -0.143053 -0.070306
v -0.164895 -0.143116 -0.070435
v -0.164876 -0.143053 -0.070306
v -0.164746 -0.143094 -0.069465
v -0.164812 -0.143142 -0.069336
v -0.164746 -0.143094 -0.069465
v -0.164812 -0.143142 -0.069336
v -0.163137 -0.141287 -0.069054
v -0.162726 -0.141699 -0.069465
v -0.166733 -0.139867 -0.069027
v -0.167137 -0.139462 -0.069465
v -0.170771 -0.136298 -0.069336
v -0.170837 -0.136364 -0.069465
v -0.170837 -0.136364 -0.069465
v -0.175073 -0.138726 -0.069336
v -0.175139 -0.138660 -0.069465
v -0.170771 -0.140831 -0.069336
v -0.170837 -0.140897 -0.069465
v -0.175366 -0.143351 -0.069336
v -0.175431 -0.143286 -0.069465
v -0.168860 -0.145112 -0.069053
v -0.168446 -0.145522 -0.069465
v -0.175293 -0.134128 -0.069465
v -0.174878 -0.134546 -0.069078
v -0.175293 -0.134128 -0.069465
v -0.175227 -0.136298 -0.070435
v -0.175293 -0.136364 -0.070306
v -0.125062 -0.142158 -0.069233
v -0.125165 -0.141974 -0.069336
v -0.125063 -0.142158 -0.069233
v -0.125165 -0.141974 -0.069336
v -0.125231 -0.144567 -0.070306
v -0.125253 -0.144581 -0.070163
v -0.125253 -0.144581 -0.070163
v -0.125231 -0.144567 -0.070306
v -0.124955 -0.137376 -0.069233
v -0.124955 -0.137376 -0.069233
v -0.125057 -0.137551 -0.069336
v -0.133602 -0.145522 -0.070306
v -0.133579 -0.145545 -0.070163
v -0.133602 -0.145522 -0.070306
v -0.133602 -0.145522 -0.070306
v -0.133579 -0.145545 -0.070163
v -0.133602 -0.145522 -0.070306
v -0.133579 -0.138684 -0.070163
v -0.133602 -0.138707 -0.070306
v -0.133601 -0.138707 -0.070306
v -0.133579 -0.138684 -0.070163
v -0.133602 -0.138707 -0.070306
v -0.135992 -0.134128 -0.070306
v -0.136015 -0.134105 -0.070163
v -0.135992 -0.134128 -0.070306
v -0.136015 -0.134105 -0.070163
v -0.135992 -0.134128 -0.070306
v -0.136024 -0.145545 -0.070163
v -0.136058 -0.145522 -0.070306
v -0.136058 -0.145522 -0.070306
v -0.136024 -0.145545 -0.070163
v -0.136058 -0.145522 -0.070306
v -0.147426 -0.145354 -0.069233
v -0.147584 -0.145457 -0.069336
v -0.147426 -0.145354 -0.069233
v -0.147584 -0.145457 -0.069336
v -0.142734 -0.140164 -0.070163
v -0.142769 -0.140187 -0.070306
v -0.142734 -0.140164 -0.070163
v -0.142734 -0.140164 -0.070163
v -0.142769 -0.140187 -0.070306
v -0.141760 -0.137508 -0.069233
v -0.141763 -0.137767 -0.069336
v -0.141763 -0.137767 -0.069336
v -0.141760 -0.137508 -0.069233
v -0.141763 -0.137767 -0.069336
v -0.141763 -0.137767 -0.069336
v -0.141760 -0.137508 -0.069233
v -0.141763 -0.137767 -0.069336
v -0.141760 -0.137508 -0.069233
v -0.141763 -0.137767 -0.069336
v -0.140835 -0.140187 -0.070306
v -0.140869 -0.140164 -0.070163
v -0.140835 -0.140187 -0.070306
v -0.140869 -0.140164 -0.070163
v -0.140835 -0.140187 -0.070306
v -0.140869 -0.140164 -0.070163
v -0.140869 -0.140164 -0.070163
v -0.140835 -0.140187 -0.070306
v -0.140869 -0.140164 -0.070163
v -0.140835 -0.140187 -0.070306
v -0.153002 -0.139955 -0.069336
v -0.152940 -0.140036 -0.069233
v -0.153002 -0.139955 -0.069336
v -0.152940 -0.140036 -0.069233
v -0.153002 -0.139955 -0.069336
v -0.152940 -0.140036 -0.069233
v -0.153002 -0.139955 -0.069336
v -0.152940 -0.140036 -0.069233
v -0.153002 -0.139955 -0.069336
v -0.157181 -0.145522 -0.070306
v -0.157226 -0.145545 -0.070163
v -0.157226 -0.145545 -0.070163
v -0.157182 -0.145522 -0.070306
v -0.157226 -0.145545 -0.070163
v -0.150146 -0.145522 -0.070306
v -0.150169 -0.145545 -0.070163
v -0.150146 -0.145522 -0.070306
v -0.150169 -0.145545 -0.070163
v -0.150146 -0.145522 -0.070306
v -0.147733 -0.134105 -0.070163
v -0.147755 -0.134128 -0.070306
v -0.147755 -0.134128 -0.070306
v -0.147733 -0.134105 -0.070163
v -0.147755 -0.134128 -0.070306
v -0.150169 -0.138699 -0.070163
v -0.150146 -0.138722 -0.070306
v -0.150146 -0.138722 -0.070306
v -0.150169 -0.138699 -0.070163
v -0.150146 -0.138722 -0.070306
v -0.166464 -0.136788 -0.069212
v -0.166855 -0.137469 -0.069336
v -0.164869 -0.143032 -0.070163
v -0.164876 -0.143053 -0.070306
v -0.164869 -0.143032 -0.070163
v -0.164869 -0.143032 -0.070163
v -0.164812 -0.143142 -0.069336
v -0.164914 -0.143217 -0.069233
v -0.164812 -0.143142 -0.069336
v -0.164746 -0.141699 -0.070306
v -0.164723 -0.141721 -0.070163
v -0.164746 -0.141699 -0.070306
v -0.164723 -0.141721 -0.070163
v -0.164746 -0.141699 -0.070306
v -0.162726 -0.139462 -0.070306
v -0.162703 -0.139439 -0.070163
v -0.162726 -0.139462 -0.070306
v -0.162703 -0.139439 -0.070163
v -0.162726 -0.139462 -0.070306
v -0.170837 -0.138660 -0.070306
v -0.170860 -0.138638 -0.070163
v -0.170837 -0.138660 -0.070306
v -0.170860 -0.138638 -0.070163
v -0.170837 -0.138660 -0.070306
v -0.175139 -0.140897 -0.070306
v -0.175161 -0.140920 -0.070163
v -0.175139 -0.140897 -0.070306
v -0.175161 -0.140920 -0.070163
v -0.175139 -0.140897 -0.070306
v -0.170837 -0.143286 -0.070306
v -0.170860 -0.143263 -0.070163
v -0.170837 -0.143286 -0.070306
v -0.170860 -0.143263 -0.070163
v -0.170837 -0.143286 -0.070306
v -0.175431 -0.145522 -0.070306
v -0.175454 -0.145545 -0.070163
v -0.175431 -0.145522 -0.070306
v -0.175454 -0.145545 -0.070163
v -0.175431 -0.145522 -0.070306
v -0.168424 -0.134105 -0.070163
v -0.168446 -0.134128 -0.070306
v -0.168446 -0.134128 -0.070306
v -0.168424 -0.134105 -0.070163
v -0.168446 -0.134128 -0.070306
v -0.175293 -0.136364 -0.070306
v -0.175315 -0.136387 -0.070163
v -0.175293 -0.136364 -0.070306
v -0.175315 -0.136387 -0.070163
v -0.175315 -0.136387 -0.070163
v -0.175293 -0.136364 -0.070306
v -0.125062 -0.142158 -0.069233
v -0.125062 -0.142158 -0.069233
v -0.125253 -0.144581 -0.070163
v -0.124955 -0.137376 -0.069233
v -0.124826 -0.137155 -0.069168
v -0.124955 -0.137376 -0.069233
v -0.133579 -0.145545 -0.070163
v -0.133579 -0.145545 -0.070163
v -0.133579 -0.145545 -0.070163
v -0.133770 -0.140775 -0.069233
v -0.133770 -0.140775 -0.069233
v -0.133898 -0.140646 -0.069168
v -0.133770 -0.140775 -0.069233
v -0.126369 -0.134296 -0.069233
v -0.126498 -0.134424 -0.069168
v -0.126369 -0.134296 -0.069233
v -0.126498 -0.134424 -0.069168
v -0.126369 -0.134296 -0.069233
v -0.133579 -0.138684 -0.070163
v -0.133579 -0.138684 -0.070163
v -0.133899 -0.134424 -0.070603
v -0.133770 -0.134296 -0.069233
v -0.133770 -0.134296 -0.069233
v -0.133899 -0.134424 -0.069168
v -0.133770 -0.134296 -0.069233
v -0.136015 -0.134105 -0.070163
v -0.136015 -0.134105 -0.070163
v -0.136024 -0.145545 -0.070163
v -0.136024 -0.145545 -0.070163
v -0.136024 -0.145545 -0.070163
v -0.147228 -0.145225 -0.069168
v -0.141755 -0.137181 -0.070603
v -0.141755 -0.137181 -0.070603
v -0.141755 -0.137181 -0.070603
v -0.142734 -0.140164 -0.070163
v -0.141755 -0.137181 -0.069168
v -0.141760 -0.137508 -0.069233
v -0.141755 -0.137181 -0.069168
v -0.141760 -0.137508 -0.069233
v -0.141760 -0.137508 -0.069233
v -0.140869 -0.140164 -0.070163
v -0.140869 -0.140164 -0.070163
v -0.152878 -0.140093 -0.070603
v -0.152936 -0.140209 -0.070537
v -0.152878 -0.140093 -0.070603
v -0.152936 -0.140209 -0.070537
v -0.152878 -0.140093 -0.070603
v -0.152878 -0.140093 -0.070603
v -0.152936 -0.140209 -0.070537
v -0.152878 -0.140093 -0.070603
v -0.152936 -0.140209 -0.070537
v -0.152878 -0.140093 -0.070603
v -0.152862 -0.140139 -0.070603
v -0.152862 -0.140139 -0.070603
v -0.152862 -0.140139 -0.070603
v -0.152862 -0.140139 -0.070603
v -0.152862 -0.140139 -0.070603
v -0.157226 -0.145545 -0.070163
v -0.157226 -0.145545 -0.070163
v -0.150169 -0.145545 -0.070163
v -0.150169 -0.145545 -0.070163
v -0.147733 -0.134105 -0.070163
v -0.147733 -0.134105 -0.070163
v -0.150169 -0.138699 -0.070163
v -0.150169 -0.138699 -0.070163
v -0.164893 -0.143268 -0.068524
v -0.164914 -0.143217 -0.069233
v -0.164723 -0.141721 -0.070163
v -0.164723 -0.141721 -0.070163
v -0.162703 -0.139440 -0.070163
v -0.162703 -0.139439 -0.070163
v -0.170860 -0.138638 -0.070163
v -0.170860 -0.138638 -0.070163
v -0.170669 -0.136196 -0.069233
v -0.170669 -0.136196 -0.069233
v -0.170669 -0.136196 -0.069233
v -0.170540 -0.136067 -0.069168
v -0.170669 -0.136196 -0.069233
v -0.170540 -0.136067 -0.069168
v -0.170669 -0.136196 -0.069233
v -0.174842 -0.138957 -0.069168
v -0.174970 -0.138828 -0.069233
v -0.174970 -0.138828 -0.069233
v -0.174970 -0.138828 -0.069233
v -0.174970 -0.138828 -0.069233
v -0.175161 -0.140920 -0.070163
v -0.175161 -0.140920 -0.070163
v -0.170669 -0.140729 -0.069233
v -0.170540 -0.140600 -0.069168
v -0.170669 -0.140729 -0.069233
v -0.170669 -0.140729 -0.069233
v -0.170669 -0.140729 -0.069233
v -0.170860 -0.143263 -0.070163
v -0.170860 -0.143263 -0.070163
v -0.175135 -0.143583 -0.070603
v -0.175135 -0.143583 -0.070603
v -0.175263 -0.143454 -0.069233
v -0.175135 -0.143583 -0.069168
v -0.175263 -0.143454 -0.069233
v -0.175263 -0.143454 -0.069233
v -0.175263 -0.143454 -0.069233
v -0.175454 -0.145545 -0.070163
v -0.175454 -0.145545 -0.070163
v -0.168743 -0.145225 -0.070603
v -0.168424 -0.134105 -0.070163
v -0.168424 -0.134105 -0.070163
v -0.174996 -0.134424 -0.070603
v -0.174996 -0.134424 -0.070603
v -0.175315 -0.136387 -0.070163
v -0.146375 -0.047906 -0.069608
v -0.146375 -0.047866 -0.069512
v -0.146375 -0.047906 -0.069608
v -0.146375 -0.047866 -0.069512
v -0.146375 -0.047906 -0.069608
v -0.146375 -0.047866 -0.069512
v -0.146375 -0.047906 -0.069608
v -0.146375 -0.047866 -0.069512
v -0.146375 -0.047906 -0.069608
v -0.137974 -0.044828 -0.070344
v -0.138075 -0.044896 -0.070412
v -0.138075 -0.044896 -0.070412
v -0.137974 -0.044828 -0.070344
v -0.138075 -0.044896 -0.070412
v -0.142753 -0.051653 -0.070344
v -0.142753 -0.051836 -0.070412
v -0.142753 -0.051836 -0.070412
v -0.142753 -0.051653 -0.070344
v -0.142753 -0.051836 -0.070412
v -0.142753 -0.051836 -0.070412
v -0.142753 -0.051653 -0.070344
v -0.142753 -0.051836 -0.070412
v -0.142753 -0.051836 -0.070412
v -0.142753 -0.051653 -0.070344
v -0.142753 -0.051836 -0.070412
v -0.150027 -0.051493 -0.069608
v -0.150027 -0.051534 -0.069512
v -0.150027 -0.051493 -0.069608
v -0.150027 -0.051493 -0.069608
v -0.150027 -0.051534 -0.069512
v -0.150027 -0.051493 -0.069608
v -0.150027 -0.051493 -0.069608
v -0.150027 -0.051493 -0.069608
v -0.150027 -0.051534 -0.069512
v -0.150027 -0.051493 -0.069608
v -0.168062 -0.050751 -0.069608
v -0.168056 -0.050738 -0.069512
v -0.168062 -0.050751 -0.069608
v -0.168056 -0.050738 -0.069512
v -0.168062 -0.050751 -0.069608
v -0.168062 -0.050751 -0.069608
v -0.168056 -0.050738 -0.069512
v -0.168062 -0.050751 -0.069608
v -0.168152 -0.050646 -0.070344
v -0.168016 -0.050633 -0.070412
v -0.168016 -0.050633 -0.070412
v -0.167995 -0.050618 -0.070412
v -0.168015 -0.050633 -0.070412
v -0.168016 -0.050633 -0.070412
v -0.168072 -0.050517 -0.069608
v -0.168063 -0.050529 -0.069512
v -0.168072 -0.050517 -0.069608
v -0.168063 -0.050529 -0.069512
v -0.168072 -0.050517 -0.069608
v -0.168072 -0.050517 -0.069608
v -0.168063 -0.050529 -0.069512
v -0.168072 -0.050517 -0.069608
v -0.168063 -0.050529 -0.069512
v -0.168072 -0.050517 -0.069608
v -0.168072 -0.050517 -0.069608
v -0.146375 -0.047748 -0.069426
v -0.146375 -0.047748 -0.069426
v -0.146375 -0.047866 -0.069512
v -0.146375 -0.047748 -0.069426
v -0.146375 -0.047748 -0.069426
v -0.146375 -0.047866 -0.069512
v -0.137909 -0.044784 -0.070258
v -0.137974 -0.044828 -0.070344
v -0.137909 -0.044784 -0.070258
v -0.137974 -0.044828 -0.070344
v -0.142753 -0.051536 -0.070258
v -0.142753 -0.051536 -0.070258
v -0.142753 -0.051536 -0.070258
v -0.142753 -0.051653 -0.070344
v -0.142753 -0.051536 -0.070258
v -0.150027 -0.051652 -0.069426
v -0.150027 -0.051534 -0.069512
v -0.150027 -0.051652 -0.069426
v -0.150027 -0.051534 -0.069512
v -0.150027 -0.051652 -0.069426
v -0.150027 -0.051652 -0.069426
v -0.150027 -0.051534 -0.069512
v -0.150027 -0.051652 -0.069426
v -0.168036 -0.050698 -0.069426
v -0.168056 -0.050738 -0.069512
v -0.168240 -0.050655 -0.070258
v -0.168152 -0.050646 -0.070344
v -0.168152 -0.050646 -0.070344
v -0.168036 -0.050564 -0.069426
v -0.168063 -0.050529 -0.069512
v -0.168036 -0.050564 -0.069426
v -0.168063 -0.050529 -0.069512
v -0.146375 -0.047748 -0.069426
v -0.146375 -0.047566 -0.069358
v -0.146375 -0.047566 -0.069358
v -0.146375 -0.047566 -0.069358
v -0.146375 -0.047566 -0.069358
v -0.137887 -0.044769 -0.070163
v -0.137909 -0.044784 -0.070258
v -0.137887 -0.044769 -0.070163
v -0.137909 -0.044784 -0.070258
v -0.142753 -0.051536 -0.070258
v -0.142753 -0.051495 -0.070163
v -0.142753 -0.051495 -0.070163
v -0.142753 -0.051536 -0.070258
v -0.142753 -0.051495 -0.070163
v -0.142753 -0.051495 -0.070163
v -0.150028 -0.051835 -0.069358
v -0.150028 -0.051835 -0.069358
v -0.150028 -0.051835 -0.069358
v -0.150028 -0.051835 -0.069358
v -0.168036 -0.050698 -0.069426
v -0.168005 -0.050637 -0.069358
v -0.168036 -0.050698 -0.069426
v -0.168036 -0.050698 -0.069426
v -0.168005 -0.050637 -0.069358
v -0.168036 -0.050698 -0.069426
v -0.168005 -0.050637 -0.069358
v -0.168005 -0.050637 -0.069358
v -0.168036 -0.050698 -0.069426
v -0.168240 -0.050655 -0.070258
v -0.168270 -0.050658 -0.070163
v -0.168240 -0.050655 -0.070258
v -0.168270 -0.050658 -0.070163
v -0.167995 -0.050618 -0.069358
v -0.168036 -0.050564 -0.069426
v -0.168036 -0.050564 -0.069426
v -0.168036 -0.050564 -0.069426
v -0.167995 -0.050618 -0.069358
v -0.146375 -0.047566 -0.070412
v -0.146375 -0.047566 -0.070412
v -0.146375 -0.047336 -0.070456
v -0.146375 -0.047566 -0.070412
v -0.146375 -0.047336 -0.070456
v -0.146375 -0.047336 -0.070456
v -0.146375 -0.047566 -0.069358
v -0.146375 -0.047336 -0.069314
v -0.146375 -0.047566 -0.069358
v -0.146375 -0.047566 -0.069358
v -0.137887 -0.044769 -0.069608
v -0.137887 -0.044769 -0.070163
v -0.137887 -0.044769 -0.069608
v -0.142753 -0.051495 -0.069608
v -0.142753 -0.051495 -0.070163
v -0.142753 -0.051495 -0.069608
v -0.142753 -0.051495 -0.070163
v -0.142753 -0.051495 -0.069608
v -0.142753 -0.051495 -0.069608
v -0.142753 -0.051495 -0.070163
v -0.150028 -0.051835 -0.070412
v -0.150028 -0.051835 -0.070412
v -0.150029 -0.052067 -0.070456
v -0.150028 -0.051835 -0.070412
v -0.150029 -0.052067 -0.070456
v -0.150029 -0.052067 -0.069314
v -0.150028 -0.051835 -0.069358
v -0.150029 -0.052067 -0.069314
v -0.150028 -0.051835 -0.069358
v -0.150028 -0.051835 -0.069358
v -0.168270 -0.050658 -0.069608
v -0.168270 -0.050658 -0.070163
v -0.168016 -0.050633 -0.069358
v -0.168005 -0.050637 -0.069358
v -0.168016 -0.050633 -0.069358
v -0.168005 -0.050637 -0.069358
v -0.146375 -0.047566 -0.070412
v -0.146375 -0.047748 -0.070344
v -0.146375 -0.047748 -0.070344
v -0.146375 -0.047566 -0.070412
v -0.146375 -0.047748 -0.070344
v -0.146375 -0.047566 -0.070412
v -0.146375 -0.047748 -0.070344
v -0.146375 -0.047566 -0.070412
v -0.137909 -0.044784 -0.069512
v -0.137887 -0.044769 -0.069608
v -0.137909 -0.044784 -0.069512
v -0.142753 -0.051536 -0.069512
v -0.142753 -0.051495 -0.069608
v -0.142753 -0.051536 -0.069512
v -0.142753 -0.051536 -0.069512
v -0.142753 -0.051536 -0.069512
v -0.142753 -0.051495 -0.069608
v -0.150028 -0.051835 -0.070412
v -0.150027 -0.051652 -0.070344
v -0.150028 -0.051835 -0.070412
v -0.150027 -0.051652 -0.070344
v -0.150028 -0.051835 -0.070412
v -0.150027 -0.051652 -0.070344
v -0.150028 -0.051835 -0.070412
v -0.168005 -0.050637 -0.070412
v -0.168036 -0.050698 -0.070344
v -0.168005 -0.050637 -0.070412
v -0.168036 -0.050698 -0.070344
v -0.168005 -0.050637 -0.070412
v -0.168036 -0.050698 -0.070344
v -0.168005 -0.050637 -0.070412
v -0.168005 -0.050637 -0.070412
v -0.168036 -0.050698 -0.070344
v -0.168005 -0.050637 -0.070412
v -0.168036 -0.050698 -0.070344
v -0.168005 -0.050637 -0.070412
v -0.168240 -0.050655 -0.069512
v -0.168270 -0.050658 -0.069608
v -0.146375 -0.047866 -0.070258
v -0.146375 -0.047866 -0.070258
v -0.146375 -0.047866 -0.070258
v -0.146375 -0.047748 -0.070344
v -0.146375 -0.047866 -0.070258
v -0.137974 -0.044828 -0.069426
v -0.137909 -0.044784 -0.069512
v -0.137974 -0.044828 -0.069426
v -0.137909 -0.044784 -0.069512
v -0.142753 -0.051536 -0.069512
v -0.142753 -0.051653 -0.069426
v -0.142753 -0.051653 -0.069426
v -0.142753 -0.051653 -0.069426
v -0.142753 -0.051653 -0.069426
v -0.142753 -0.051536 -0.069512
v -0.150027 -0.051534 -0.070258
v -0.150027 -0.051652 -0.070344
v -0.150027 -0.051534 -0.070258
v -0.150027 -0.051534 -0.070258
v -0.150027 -0.051652 -0.070344
v -0.150027 -0.051534 -0.070258
v -0.168240 -0.050655 -0.069512
v -0.168152 -0.050646 -0.069426
v -0.168240 -0.050655 -0.069512
v -0.168036 -0.050564 -0.070344
v -0.168063 -0.050529 -0.070258
v -0.168036 -0.050564 -0.070344
v -0.168063 -0.050529 -0.070258
v -0.168036 -0.050564 -0.070344
v -0.168063 -0.050529 -0.070258
v -0.168036 -0.050564 -0.070344
v -0.168036 -0.050564 -0.070344
v -0.168063 -0.050529 -0.070258
v -0.168036 -0.050564 -0.070344
v -0.146375 -0.047866 -0.070258
v -0.146375 -0.047906 -0.070163
v -0.146375 -0.047906 -0.070163
v -0.146375 -0.047906 -0.070163
v -0.146375 -0.047906 -0.070163
v -0.138075 -0.044896 -0.069358
v -0.137974 -0.044828 -0.069426
v -0.138075 -0.044896 -0.069358
v -0.137974 -0.044828 -0.069426
v -0.142753 -0.051653 -0.069426
v -0.142753 -0.051836 -0.069358
v -0.142753 -0.051836 -0.069358
v -0.142753 -0.051836 -0.069358
v -0.150027 -0.051534 -0.070258
v -0.150027 -0.051493 -0.070163
v -0.150027 -0.051493 -0.070163
v -0.150027 -0.051493 -0.070163
v -0.150027 -0.051493 -0.070163
v -0.150027 -0.051534 -0.070258
v -0.150027 -0.051493 -0.070163
v -0.152728 -0.044828 -0.069426
v -0.152728 -0.044828 -0.069426
v -0.152774 -0.044896 -0.069358
v -0.152728 -0.044828 -0.069426
v -0.168062 -0.050751 -0.070163
v -0.168056 -0.050738 -0.070258
v -0.168056 -0.050738 -0.070258
v -0.168062 -0.050751 -0.070163
v -0.168056 -0.050738 -0.070258
v -0.168062 -0.050751 -0.070163
v -0.168056 -0.050738 -0.070258
v -0.168062 -0.050751 -0.070163
v -0.168056 -0.050738 -0.070258
v -0.168056 -0.050738 -0.070258
v -0.168062 -0.050751 -0.070163
v -0.168056 -0.050738 -0.070258
v -0.168072 -0.050517 -0.070163
v -0.168072 -0.050517 -0.070163
v -0.168063 -0.050529 -0.070258
v -0.168072 -0.050517 -0.070163
v -0.168063 -0.050529 -0.070258
v -0.146375 -0.047906 -0.070163
v -0.146375 -0.047906 -0.070163
v -0.146375 -0.047906 -0.070163
v -0.138339 -0.045074 -0.069287
v -0.138075 -0.044896 -0.069358
v -0.142753 -0.052067 -0.070456
v -0.142753 -0.052067 -0.070456
v -0.142753 -0.052067 -0.070456
v -0.142753 -0.052067 -0.069314
v -0.142753 -0.051836 -0.069358
v -0.142753 -0.052067 -0.069314
v -0.142753 -0.051836 -0.069358
v -0.142753 -0.051836 -0.069358
v -0.150027 -0.051493 -0.070163
v -0.150027 -0.051493 -0.070163
v -0.168062 -0.050751 -0.070163
v -0.168062 -0.050751 -0.069608
v -0.167682 -0.050597 -0.069252
v -0.168016 -0.050633 -0.069358
v -0.168072 -0.050517 -0.070163
v -0.168072 -0.050517 -0.070163
v -0.168072 -0.050517 -0.070163
v -0.167995 -0.050618 -0.069358
v -0.168016 -0.050633 -0.069358
v -0.167995 -0.050618 -0.069358
v -0.124466 -0.144639 -0.068789
v -0.124378 -0.136506 -0.070880
v -0.122203 -0.135788 -0.069361
v -0.128439 -0.140798 -0.070843
v -0.134019 -0.139124 -0.070702
v -0.144993 -0.145153 -0.070687
v -0.147685 -0.145522 -0.069465
v -0.147720 -0.145545 -0.069608
v -0.136743 -0.145091 -0.069074
v -0.141756 -0.133310 -0.070711
v -0.136058 -0.145522 -0.070306
v -0.141746 -0.133298 -0.069053
v -0.152936 -0.140209 -0.070537
v -0.152878 -0.140093 -0.070603
v -0.153022 -0.140379 -0.069608
v -0.152936 -0.140209 -0.069233
v -0.152940 -0.140036 -0.069233
v -0.153042 -0.139903 -0.069465
v -0.152940 -0.140036 -0.069233
v -0.153002 -0.139955 -0.069336
v -0.155399 -0.145693 -0.069759
v -0.150999 -0.140623 -0.070851
v -0.152399 -0.141849 -0.070682
v -0.148180 -0.145102 -0.070700
v -0.152078 -0.134653 -0.070632
v -0.153806 -0.134727 -0.069218
v -0.152577 -0.138066 -0.071014
v -0.152656 -0.138133 -0.069078
v -0.164234 -0.136002 -0.070569
v -0.164096 -0.135959 -0.069131
v -0.166762 -0.144424 -0.070772
v -0.166720 -0.144410 -0.069082
v -0.149904 -0.055889 -0.070531
v -0.142737 -0.056067 -0.070531
v -0.142737 -0.056075 -0.069237
v -0.139825 -0.045240 -0.069898
v -0.145659 -0.045051 -0.070524
v -0.145654 -0.045029 -0.069200
v -0.147107 -0.045044 -0.070535
v -0.153002 -0.044818 -0.070472
v -0.154438 -0.045046 -0.069230
v -0.167666 -0.050595 -0.070450
v -0.168796 -0.049830 -0.070416
v -0.168661 -0.051445 -0.070566
v -0.168620 -0.051399 -0.069227
v -0.119423 -0.136071 -0.070690
v -0.119770 -0.143669 -0.069320
v -0.122219 -0.143780 -0.070810
v -0.118555 -0.143212 -0.070728
v -0.117063 -0.143821 -0.070312
v -0.116042 -0.142675 -0.069049
v -0.115394 -0.140832 -0.069390
v -0.116862 -0.135999 -0.070671
v -0.116898 -0.135919 -0.068938
v -0.119224 -0.134630 -0.070504
v -0.152078 -0.134653 -0.070632
v -0.153806 -0.134727 -0.069218
v -0.153594 -0.135411 -0.070798
v -0.154425 -0.137312 -0.070744
v -0.154082 -0.138960 -0.068838
v -0.153735 -0.139480 -0.070929
v -0.158403 -0.143558 -0.068964
v -0.157076 -0.141561 -0.068663
v -0.157498 -0.138057 -0.070211
v -0.157274 -0.141292 -0.070145
v -0.157305 -0.138140 -0.068820
v -0.158843 -0.135754 -0.069099
v -0.161939 -0.135887 -0.070689
v -0.159240 -0.142020 -0.070698
v -0.158601 -0.138822 -0.071005
v -0.161003 -0.143567 -0.069100
v -0.160925 -0.143382 -0.070771
v -0.125501 -0.046324 -0.070584
v -0.125284 -0.049540 -0.070724
v -0.123638 -0.049280 -0.069869
v -0.123930 -0.048223 -0.069331
v -0.123803 -0.047169 -0.069807
v -0.132172 -0.044836 -0.071072
v -0.137127 -0.047435 -0.070777
v -0.135093 -0.045652 -0.070611
v -0.137401 -0.052095 -0.070465
v -0.137111 -0.052754 -0.069349
v -0.136176 -0.054122 -0.070516
v -0.131964 -0.055770 -0.069617
v -0.133639 -0.055536 -0.070371
v -0.130005 -0.055451 -0.070673
v -0.128882 -0.055080 -0.069131
v -0.126439 -0.052355 -0.070644
v -0.127953 -0.046643 -0.069679
v -0.129193 -0.045377 -0.070767
v -0.132242 -0.044957 -0.069440
v -0.132172 -0.044836 -0.071072
v -0.133726 -0.054224 -0.069885
v -0.135492 -0.052523 -0.070494
v -0.134573 -0.047138 -0.069345
v -0.127931 -0.049381 -0.069114
v -0.128243 -0.052433 -0.069280
v -0.127987 -0.049646 -0.070729
v -0.128201 -0.051962 -0.070726
v -0.152829 -0.140115 -0.070603
v -0.152829 -0.140115 -0.069168
v -0.164914 -0.143217 -0.070537
v -0.164914 -0.143217 -0.069233
v -0.164914 -0.143217 -0.069233
v -0.168016 -0.050633 -0.070412
v -0.168016 -0.050633 -0.070412
v -0.168016 -0.050633 -0.069358
v -0.168016 -0.050633 -0.069358
v -0.168016 -0.050633 -0.069358
v -0.175868 -0.610169 0.070122
v 0.192493 -0.616928 0.069898
v 0.196670 -0.451652 0.070256
v -0.175872 -0.442621 0.070099
v -0.133579 -0.145545 -0.069608
v -0.136024 -0.145545 -0.069608
v -0.142734 -0.140164 -0.069608
v -0.152878 -0.140093 -0.069168
v -0.164869 -0.143032 -0.069608
v -0.164869 -0.143032 -0.069608
v -0.164869 -0.143032 -0.069608
v -0.134013 -0.140534 -0.070726
v -0.135849 -0.145375 -0.070542
v -0.144993 -0.145153 -0.070687
v -0.136058 -0.145522 -0.069465
v -0.152982 -0.140300 -0.070435
v -0.152982 -0.140300 -0.070435
v -0.152982 -0.140300 -0.070435
v -0.152982 -0.140300 -0.070435
v -0.152982 -0.140300 -0.070435
v -0.149731 -0.140546 -0.070714
v -0.149732 -0.135889 -0.070715
v -0.164876 -0.143053 -0.069465
v -0.163140 -0.141287 -0.070707
v -0.166748 -0.139858 -0.070751
v -0.170435 -0.135964 -0.070719
v -0.170435 -0.135964 -0.070719
v -0.174717 -0.139082 -0.070700
v -0.170434 -0.140485 -0.070716
v -0.175227 -0.134193 -0.070435
v -0.125062 -0.144463 -0.069233
v -0.145291 -0.145354 -0.069233
v -0.145291 -0.145354 -0.069233
v -0.147685 -0.145522 -0.070306
v -0.142870 -0.140252 -0.069336
v -0.153042 -0.139903 -0.070306
v -0.128295 -0.134424 -0.069168
v -0.133898 -0.139004 -0.069168
v -0.143226 -0.140484 -0.070603
v -0.143226 -0.140484 -0.069168
v -0.140391 -0.140484 -0.069168
v -0.156600 -0.145225 -0.069168
v -0.170540 -0.143583 -0.069168
v -0.174855 -0.135927 -0.070641
v -0.147720 -0.145545 -0.069608
v -0.153022 -0.140379 -0.069608
v -0.153022 -0.140379 -0.069608
v -0.152862 -0.140139 -0.069168
v -0.164925 -0.143214 -0.070537
v -0.170860 -0.136387 -0.069608
v -0.134010 -0.145110 -0.070732
v -0.134010 -0.145110 -0.070732
v -0.135569 -0.134554 -0.070696
v -0.153042 -0.139903 -0.069465
v -0.150036 -0.145413 -0.070496
v -0.149737 -0.139113 -0.070735
v -0.165159 -0.141286 -0.070708
v -0.163130 -0.139865 -0.070735
v -0.170442 -0.139076 -0.070731
v -0.174994 -0.140747 -0.070543
v -0.170443 -0.143706 -0.070733
v -0.175010 -0.145098 -0.070690
v -0.170771 -0.136298 -0.069336
v -0.147228 -0.145225 -0.069168
v -0.147228 -0.145225 -0.069168
v -0.141755 -0.137181 -0.069168
v -0.152936 -0.140209 -0.069233
v -0.152936 -0.140209 -0.069233
v -0.152936 -0.140209 -0.069233
v -0.152940 -0.140036 -0.069233
v -0.166478 -0.136835 -0.070641
v -0.164954 -0.143215 -0.071137
v -0.174842 -0.138957 -0.069168
v -0.175134 -0.143583 -0.069168
v -0.175134 -0.143583 -0.069168
v -0.168056 -0.050738 -0.069512
v -0.168056 -0.050738 -0.069512
v -0.146375 -0.047336 -0.069314
v -0.146375 -0.047336 -0.069314
v -0.150029 -0.052067 -0.069314
v -0.168015 -0.050633 -0.070412
v -0.168270 -0.050658 -0.069608
v -0.168036 -0.050698 -0.070344
v -0.168036 -0.050698 -0.070344
v -0.138339 -0.045073 -0.070486
v -0.142753 -0.052067 -0.069314
v -0.172089 -0.615722 0.068851
v -0.173241 -0.618796 0.070183
v -0.172295 -0.611488 0.069008
v -0.171777 -0.611353 0.060703
v -0.169098 -0.612980 0.069052
v -0.166583 -0.611505 0.070003
v -0.169104 -0.614137 0.060700
v -0.172089 -0.615722 0.068851
v -0.173241 -0.618796 0.070183
v 0.196278 -0.616144 0.068950
v 0.195054 -0.615556 0.060690
v 0.194488 -0.612678 0.069026
v 0.196939 -0.611308 0.060691
v 0.198461 -0.612402 0.068888
v 0.201993 -0.612938 0.069925
v 0.196031 -0.448200 0.069031
v 0.196109 -0.448278 0.060699
v 0.194707 -0.444583 0.068956
v 0.195025 -0.444327 0.060701
v 0.198593 -0.444323 0.060709
v 0.198838 -0.445581 0.068908
v 0.196109 -0.448278 0.060699
v 0.196031 -0.448200 0.069031
v -0.169397 -0.447321 0.068898
v -0.171306 -0.448303 0.060699
v -0.173400 -0.447051 0.068885
v -0.174092 -0.450260 0.070067
v -0.170983 -0.443591 0.069036
v -0.172700 -0.443966 0.060687
v -0.169405 -0.444651 0.060704
v -0.169397 -0.447321 0.068898
v -0.174092 -0.450260 0.070067
v -0.124779 -0.144322 -0.070584
v -0.124758 -0.142729 -0.070461
v -0.122484 -0.143768 -0.069361
v -0.124714 -0.135262 -0.070738
v -0.124698 -0.135261 -0.069117
v -0.135552 -0.145082 -0.070625
v -0.128158 -0.140509 -0.069112
v -0.126623 -0.145106 -0.069084
v -0.128170 -0.139116 -0.070720
v -0.128175 -0.139117 -0.069046
v -0.138292 -0.145134 -0.070723
v -0.136058 -0.145522 -0.070306
v -0.136024 -0.145545 -0.070163
v -0.136024 -0.145545 -0.069608
v -0.136312 -0.145354 -0.070537
v -0.136508 -0.145225 -0.069168
v -0.147426 -0.145354 -0.070537
v -0.147584 -0.145457 -0.070435
v -0.147584 -0.145457 -0.069336
v -0.147685 -0.145522 -0.069465
v -0.147426 -0.145354 -0.069233
v -0.152936 -0.140209 -0.070537
v -0.153022 -0.140379 -0.070163
v -0.152936 -0.140209 -0.069233
v -0.152982 -0.140300 -0.069336
v -0.152603 -0.140077 -0.070652
v -0.153042 -0.139903 -0.069465
v -0.153002 -0.139955 -0.069336
v -0.153056 -0.139885 -0.069608
v -0.156231 -0.145058 -0.069318
v -0.149709 -0.145086 -0.070643
v -0.151512 -0.140530 -0.069231
v -0.152328 -0.135865 -0.070457
v -0.152578 -0.136823 -0.068802
v -0.166503 -0.134995 -0.070688
v -0.166467 -0.135279 -0.069214
v -0.164869 -0.143032 -0.070163
v -0.164876 -0.143053 -0.070306
v -0.164869 -0.143032 -0.069608
v -0.163024 -0.145995 -0.069862
v -0.164434 -0.145096 -0.070655
v -0.168743 -0.134425 -0.069168
v -0.120396 -0.049679 -0.070499
v -0.123638 -0.049280 -0.069869
v -0.123000 -0.049665 -0.070622
v -0.149965 -0.055715 -0.069373
v -0.147105 -0.045046 -0.069235
v -0.168459 -0.050085 -0.069467
v -0.126622 -0.145130 -0.070719
v -0.116908 -0.138946 -0.070928
v -0.116931 -0.138830 -0.069520
v -0.117867 -0.142689 -0.068924
v -0.117175 -0.141459 -0.070625
v -0.117327 -0.144323 -0.068948
v -0.115356 -0.138175 -0.068705
v -0.121034 -0.134331 -0.068927
v -0.123016 -0.134698 -0.070511
v -0.166720 -0.144410 -0.069082
v -0.164434 -0.145096 -0.070655
v -0.161409 -0.145097 -0.070012
v -0.158409 -0.143676 -0.070875
v -0.164069 -0.134490 -0.069076
v -0.161321 -0.134511 -0.070749
v -0.137822 -0.050515 -0.069397
v -0.137067 -0.047705 -0.068792
v -0.128070 -0.054362 -0.070555
v -0.127255 -0.053387 -0.069369
v -0.126339 -0.049970 -0.070496
v -0.136163 -0.051396 -0.069520
v -0.133701 -0.046628 -0.070460
v -0.129176 -0.047277 -0.070648
v -0.130125 -0.054429 -0.069970
v -0.132784 -0.054295 -0.069262
v -0.169124 -0.046268 -0.070948
v -0.168780 -0.045988 -0.069111
v -0.169402 -0.047533 -0.069230
v -0.167723 -0.048975 -0.070428
v -0.165780 -0.049697 -0.069268
v -0.167591 -0.049223 -0.069275
v -0.167843 -0.047797 -0.070449
v -0.167539 -0.046692 -0.070482
v -0.173509 -0.615038 0.060712
v -0.173509 -0.615038 0.060712
v 0.192493 -0.616928 0.069898
v 0.196278 -0.616144 0.068950
v 0.198839 -0.614612 0.060703
v 0.195054 -0.615556 0.060690
v 0.191703 -0.612085 0.069923
v 0.191278 -0.446771 0.069860
v 0.201856 -0.447535 0.069889
v -0.171306 -0.448303 0.060699
v -0.167900 -0.441511 0.069771
v -0.124757 -0.142731 -0.069315
v -0.124659 -0.136844 -0.069302
v -0.128194 -0.145124 -0.069050
v -0.128196 -0.145126 -0.070707
v -0.144033 -0.142031 -0.069051
v -0.136157 -0.145457 -0.069336
v -0.147228 -0.145225 -0.069168
v -0.152982 -0.140300 -0.070435
v -0.151766 -0.139039 -0.070798
v -0.151765 -0.139037 -0.068971
v -0.174699 -0.140457 -0.070625
v -0.168743 -0.145225 -0.070603
v -0.117939 -0.136947 -0.069853
v -0.116972 -0.140968 -0.069200
v -0.119740 -0.145275 -0.070343
v -0.118294 -0.134780 -0.068741
v -0.151778 -0.134622 -0.069135
v -0.153778 -0.135251 -0.068412
v -0.158638 -0.135813 -0.070853
v -0.161605 -0.134293 -0.068663
v -0.123367 -0.046736 -0.070496
v -0.124055 -0.048087 -0.070007
v -0.137516 -0.049090 -0.070446
v -0.135510 -0.054995 -0.069703
v -0.167164 -0.045161 -0.070527
v -0.168110 -0.046818 -0.069817
v -0.166397 -0.046388 -0.069192
v 0.195054 -0.615556 0.060690
v 0.198839 -0.614612 0.060703
v 0.196939 -0.611308 0.060691
v -0.172700 -0.443966 0.060687
v -0.171306 -0.448303 0.060699
v -0.169405 -0.444651 0.060704
v -0.136508 -0.145225 -0.069168
v -0.156220 -0.145034 -0.070493
v -0.151386 -0.135924 -0.069058
v -0.168886 -0.145082 -0.070625
v -0.122946 -0.049748 -0.069262
v -0.120424 -0.046464 -0.069230
v -0.122574 -0.046404 -0.069399
v -0.166709 -0.051277 -0.069305
v -0.164847 -0.051026 -0.070523
v -0.166772 -0.051334 -0.070422
v -0.165654 -0.046347 -0.070506
v -0.165780 -0.049697 -0.069268
v -0.167723 -0.048975 -0.070428
v -0.166577 -0.049610 -0.070501
v -0.144038 -0.142018 -0.070697
v -0.171777 -0.611353 0.060703
v -0.173509 -0.615038 0.060712
v -0.169104 -0.614137 0.060700
v 0.196109 -0.448278 0.060699
v 0.198593 -0.444323 0.060709
v 0.195025 -0.444327 0.060701
v -0.139622 -0.142031 -0.070727
v -0.139607 -0.142009 -0.069086
v -0.142870 -0.140252 -0.070435
v -0.140584 -0.140355 -0.070537
v -0.140391 -0.140484 -0.070603
v -0.150030 -0.052323 -0.069299
v -0.147008 -0.145082 -0.069145
v -0.145464 -0.145085 -0.069128
v -0.146376 -0.047081 -0.070471
v -0.142753 -0.052323 -0.069299
v -0.149904 -0.055889 -0.070531
v -0.149965 -0.055715 -0.069373
v -0.147008 -0.145082 -0.070625
v -0.147228 -0.145225 -0.070603
v -0.152896 -0.045075 -0.069286
v -0.152577 -0.138066 -0.071014
v -0.152656 -0.138133 -0.069078
v -0.124197 -0.050594 -0.069246
v -0.124130 -0.050563 -0.070486
v -0.135285 -0.045628 -0.069757
v -0.132242 -0.044957 -0.069440
v -0.169661 -0.055627 -0.069281
v -0.169639 -0.055610 -0.070532
v -0.175868 -0.610169 0.070122
v -0.170062 -0.608595 0.070212
v -0.166583 -0.611505 0.070003
v -0.173241 -0.618796 0.070183
v -0.175872 -0.442621 0.070099
v -0.167900 -0.441511 0.069771
v -0.166082 -0.448037 0.070270
v -0.174092 -0.450260 0.070067
v -0.134041 -0.140503 -0.069145
v -0.133899 -0.140646 -0.069168
v -0.126641 -0.134567 -0.070625
v -0.126498 -0.134424 -0.070603
v -0.126641 -0.134567 -0.069145
v -0.128152 -0.134567 -0.070625
v -0.128295 -0.134424 -0.070603
v -0.128295 -0.134424 -0.069168
v -0.128152 -0.134567 -0.069145
v -0.134041 -0.139147 -0.069145
v -0.133899 -0.139004 -0.069168
v -0.134041 -0.134567 -0.070625
v -0.133899 -0.134424 -0.070603
v -0.135695 -0.134424 -0.069168
v -0.135552 -0.134567 -0.069145
v -0.145225 -0.145457 -0.069336
v -0.145464 -0.145085 -0.069128
v -0.145291 -0.145354 -0.069233
v -0.136724 -0.145082 -0.070625
v -0.136508 -0.145225 -0.070603
v -0.140869 -0.140164 -0.069608
v -0.143028 -0.140355 -0.069233
v -0.143226 -0.140484 -0.069168
v -0.140737 -0.140252 -0.069336
v -0.140584 -0.140355 -0.069233
v -0.140391 -0.140484 -0.069168
v -0.148052 -0.134424 -0.070603
v -0.148195 -0.134567 -0.070625
v -0.148195 -0.134567 -0.069145
v -0.164869 -0.143032 -0.070163
v -0.164869 -0.143032 -0.069608
v -0.164876 -0.143053 -0.069465
v -0.170397 -0.135924 -0.069145
v -0.170540 -0.136067 -0.069168
v -0.174842 -0.138957 -0.069168
v -0.174699 -0.139100 -0.069145
v -0.170397 -0.140457 -0.069145
v -0.170540 -0.140600 -0.069168
v -0.175134 -0.143583 -0.070603
v -0.174992 -0.143726 -0.070625
v -0.175134 -0.143583 -0.069168
v -0.174992 -0.143726 -0.069145
v -0.168886 -0.134567 -0.069145
v -0.168743 -0.134424 -0.069168
v -0.174853 -0.134567 -0.070625
v -0.174996 -0.134424 -0.070603
v -0.120427 -0.051077 -0.070544
v -0.120431 -0.051069 -0.069225
v -0.119895 -0.055631 -0.069235
v -0.119386 -0.055633 -0.070563
v -0.118832 -0.045053 -0.069236
v -0.118831 -0.045040 -0.070537
v -0.124809 -0.046032 -0.069192
v -0.123705 -0.045267 -0.070585
v -0.120406 -0.046455 -0.070516
v -0.146376 -0.047081 -0.069299
v -0.142753 -0.052323 -0.070471
v -0.150030 -0.052323 -0.070471
v -0.157114 -0.047503 -0.069234
v -0.157107 -0.048543 -0.070523
v -0.161552 -0.045753 -0.070522
v -0.161565 -0.045751 -0.069236
v -0.157107 -0.048543 -0.070523
v -0.157114 -0.047503 -0.069234
v -0.161396 -0.050052 -0.069254
v -0.161394 -0.050505 -0.070532
v -0.157113 -0.052062 -0.069235
v -0.157117 -0.053127 -0.070535
v -0.161692 -0.054911 -0.069246
v -0.161706 -0.054917 -0.070534
v -0.155528 -0.055625 -0.070534
v -0.155535 -0.055616 -0.069244
v -0.155531 -0.045040 -0.070534
v -0.155528 -0.045043 -0.069236
v -0.168270 -0.050658 -0.070163
v -0.168270 -0.050658 -0.069608
v -0.164060 -0.055614 -0.069250
v -0.164059 -0.055625 -0.070535
v -0.163271 -0.045040 -0.070533
v -0.163269 -0.045050 -0.069239
v -0.167164 -0.045161 -0.070527
v -0.168780 -0.045988 -0.069111
v -0.128295 -0.134424 -0.069168
v -0.134041 -0.134567 -0.069145
v -0.133899 -0.134424 -0.069168
v -0.170397 -0.139100 -0.069145
v -0.170540 -0.138957 -0.069168
v -0.140178 -0.140627 -0.069145
v -0.143446 -0.140627 -0.069145
v 0.196141 -0.608388 0.070191
v 0.192493 -0.616928 0.069898
v 0.191703 -0.612085 0.069923
v 0.200262 -0.617462 0.070118
v 0.201993 -0.612938 0.069925
v 0.194466 -0.440982 0.069995
v 0.196670 -0.451652 0.070256
v 0.191278 -0.446771 0.069860
v 0.200115 -0.441908 0.070107
v 0.201856 -0.447535 0.069889
v -0.140178 -0.140627 -0.070625
v -0.143446 -0.140627 -0.070625
v -0.141750 -0.136818 -0.070625
v -0.143446 -0.140627 -0.070625
v -0.141750 -0.136818 -0.069145
v -0.143446 -0.140627 -0.069145
v -0.151778 -0.134622 -0.069135
v -0.170540 -0.136067 -0.069168
v -0.170397 -0.135924 -0.069145
v -0.170540 -0.143583 -0.069168
v -0.170397 -0.143726 -0.069145
v -0.168886 -0.134567 -0.070625
v -0.168743 -0.134424 -0.070603
v -0.174996 -0.134424 -0.070603
v -0.152774 -0.044896 -0.069358
v -0.163269 -0.045050 -0.069239
v -0.163271 -0.045040 -0.070533
v -0.155528 -0.045043 -0.069236
v -0.155531 -0.045040 -0.070534
v -0.155535 -0.055616 -0.069244
v -0.161706 -0.054917 -0.070534
v -0.161692 -0.054911 -0.069246
v -0.161394 -0.050505 -0.070532
v -0.161396 -0.050052 -0.069254
v -0.161552 -0.045753 -0.070522
v -0.120406 -0.046455 -0.070516
v -0.118831 -0.045040 -0.070537
v -0.119386 -0.055633 -0.070563
v -0.119895 -0.055631 -0.069235
v -0.169639 -0.055610 -0.070532
v -0.169661 -0.055627 -0.069281
v -0.139607 -0.142009 -0.069086
v -0.139622 -0.142031 -0.070727
v -0.166577 -0.049610 -0.070501
v -0.166772 -0.051334 -0.070422
v -0.164847 -0.051026 -0.070523
v -0.164847 -0.051026 -0.070523
v -0.166709 -0.051277 -0.069305
v -0.166709 -0.051277 -0.069305
v -0.120424 -0.046464 -0.069230
v -0.120424 -0.046464 -0.069230
v -0.120424 -0.046464 -0.069230
v -0.122946 -0.049748 -0.069262
v -0.123367 -0.046736 -0.070496
v -0.153778 -0.135251 -0.068412
v -0.128194 -0.145124 -0.069050
v -0.124757 -0.142731 -0.069315
v -0.167539 -0.046692 -0.070482
v -0.167539 -0.046692 -0.070482
v -0.167591 -0.049223 -0.069275
v -0.167591 -0.049223 -0.069275
v -0.167723 -0.048975 -0.070428
v -0.167723 -0.048975 -0.070428
v -0.136163 -0.051396 -0.069520
v -0.164069 -0.134490 -0.069076
v -0.121034 -0.134331 -0.068927
v -0.121034 -0.134331 -0.068927
v -0.116931 -0.138830 -0.069520
v -0.116908 -0.138946 -0.070928
v -0.126622 -0.145130 -0.070719
v -0.120396 -0.049679 -0.070499
v -0.120396 -0.049679 -0.070499
v -0.120396 -0.049679 -0.070499
v -0.166467 -0.135279 -0.069214
v -0.166467 -0.135279 -0.069214
v -0.157117 -0.053127 -0.070535
v -0.138292 -0.145134 -0.070723
v -0.126623 -0.145106 -0.069084
v -0.128158 -0.140509 -0.069112
v -0.124698 -0.135261 -0.069117
v -0.124698 -0.135261 -0.069117
v -0.124714 -0.135262 -0.070738
v -0.124714 -0.135262 -0.070738
v -0.122484 -0.143768 -0.069361
v -0.124779 -0.144322 -0.070584
v -0.169405 -0.444651 0.060704
v -0.169405 -0.444651 0.060704
v -0.172700 -0.443966 0.060687
v -0.172700 -0.443966 0.060687
v -0.170983 -0.443591 0.069036
v -0.170983 -0.443591 0.069036
v -0.170983 -0.443591 0.069036
v -0.171306 -0.448303 0.060699
v -0.169397 -0.447321 0.068898
v -0.169397 -0.447321 0.068898
v -0.169397 -0.447321 0.068898
v 0.198838 -0.445581 0.068908
v 0.198838 -0.445581 0.068908
v 0.198838 -0.445581 0.068908
v 0.198593 -0.444323 0.060709
v 0.195025 -0.444327 0.060701
v 0.194707 -0.444583 0.068956
v 0.194707 -0.444583 0.068956
v 0.194707 -0.444583 0.068956
v 0.196031 -0.448200 0.069031
v 0.196031 -0.448200 0.069031
v 0.194488 -0.612678 0.069026
v 0.194488 -0.612678 0.069026
v 0.194488 -0.612678 0.069026
v 0.195054 -0.615556 0.060690
v 0.196278 -0.616144 0.068950
v 0.196278 -0.616144 0.068950
v 0.196278 -0.616144 0.068950
v 0.196278 -0.616144 0.068950
v 0.196278 -0.616144 0.068950
v -0.169098 -0.612980 0.069052
v -0.169098 -0.612980 0.069052
v -0.171777 -0.611353 0.060703
v -0.172295 -0.611488 0.069008
v -0.172295 -0.611488 0.069008
v -0.172295 -0.611488 0.069008
v -0.172295 -0.611488 0.069008
v -0.172089 -0.615722 0.068851
v -0.138339 -0.045073 -0.070486
v -0.175010 -0.145098 -0.070690
v -0.175010 -0.145098 -0.070690
v -0.175010 -0.145098 -0.070690
v -0.174994 -0.140747 -0.070543
v -0.174994 -0.140747 -0.070543
v -0.170442 -0.139076 -0.070731
v -0.165159 -0.141286 -0.070708
v -0.165159 -0.141286 -0.070708
v -0.151778 -0.134622 -0.069135
v -0.150036 -0.145413 -0.070496
v -0.150036 -0.145413 -0.070496
v -0.134010 -0.145110 -0.070732
v -0.134010 -0.145110 -0.070732
v -0.152862 -0.140139 -0.069168
v -0.152862 -0.140139 -0.069168
v -0.174855 -0.135927 -0.070641
v -0.174855 -0.135927 -0.070641
v -0.125062 -0.144463 -0.069233
v -0.170434 -0.140485 -0.070716
v -0.174717 -0.139082 -0.070700
v -0.170435 -0.135964 -0.070719
v -0.163140 -0.141287 -0.070707
v -0.163140 -0.141287 -0.070707
v -0.163140 -0.141287 -0.070707
v -0.149732 -0.135889 -0.070715
v -0.149731 -0.140546 -0.070714
v -0.134013 -0.140534 -0.070726
v -0.134013 -0.140534 -0.070726
v -0.134013 -0.140534 -0.070726
v 0.192493 -0.616928 0.069898
v 0.192493 -0.616928 0.069898
v 0.192493 -0.616928 0.069898
v -0.175868 -0.610169 0.070122
v -0.175868 -0.610169 0.070122
v -0.175868 -0.610169 0.070122
v -0.127987 -0.049646 -0.070729
v -0.127987 -0.049646 -0.070729
v -0.128243 -0.052433 -0.069280
v -0.128243 -0.052433 -0.069280
v -0.133726 -0.054224 -0.069885
v -0.126439 -0.052355 -0.070644
v -0.126439 -0.052355 -0.070644
v -0.130005 -0.055451 -0.070673
v -0.131964 -0.055770 -0.069617
v -0.131964 -0.055770 -0.069617
v -0.137111 -0.052754 -0.069349
v -0.137111 -0.052754 -0.069349
v -0.137111 -0.052754 -0.069349
v -0.137127 -0.047435 -0.070777
v -0.132172 -0.044836 -0.071072
v -0.123638 -0.049280 -0.069869
v -0.123638 -0.049280 -0.069869
v -0.125284 -0.049540 -0.070724
v -0.125501 -0.046324 -0.070584
v -0.160925 -0.143382 -0.070771
v -0.158601 -0.138822 -0.071005
v -0.175872 -0.442621 0.070099
v -0.175872 -0.442621 0.070099
v -0.158403 -0.143558 -0.068964
v -0.154082 -0.138960 -0.068838
v 0.196939 -0.611308 0.060691
v 0.196939 -0.611308 0.060691
v -0.119224 -0.134630 -0.070504
v -0.119224 -0.134630 -0.070504
v -0.116862 -0.135999 -0.070671
v -0.118555 -0.143212 -0.070728
v -0.118555 -0.143212 -0.070728
v -0.122219 -0.143780 -0.070810
v -0.167666 -0.050595 -0.070450
v -0.167666 -0.050595 -0.070450
v -0.154438 -0.045046 -0.069230
v -0.154438 -0.045046 -0.069230
v -0.147107 -0.045044 -0.070535
v -0.145659 -0.045051 -0.070524
v -0.139825 -0.045240 -0.069898
v -0.166720 -0.144410 -0.069082
v -0.166762 -0.144424 -0.070772
v -0.164096 -0.135959 -0.069131
v -0.152656 -0.138133 -0.069078
v -0.152577 -0.138066 -0.071014
v -0.153806 -0.134727 -0.069218
v -0.153806 -0.134727 -0.069218
v -0.148180 -0.145102 -0.070700
v -0.148180 -0.145102 -0.070700
v -0.148180 -0.145102 -0.070700
v -0.150999 -0.140623 -0.070851
v -0.150999 -0.140623 -0.070851
v -0.155399 -0.145693 -0.069759
v -0.155399 -0.145693 -0.069759
v -0.141746 -0.133298 -0.069053
v -0.141756 -0.133310 -0.070711
v -0.136743 -0.145091 -0.069074
v -0.136743 -0.145091 -0.069074
v -0.136743 -0.145091 -0.069074
v -0.134019 -0.139124 -0.070702
v -0.134019 -0.139124 -0.070702
v -0.134019 -0.139124 -0.070702
v -0.128439 -0.140798 -0.070843
v -0.124466 -0.144639 -0.068789
v -0.124466 -0.144639 -0.068789
v -0.165654 -0.046347 -0.070506
v -0.165654 -0.046347 -0.070506
v -0.167995 -0.050618 -0.069358
v -0.167995 -0.050618 -0.069358
v -0.167995 -0.050618 -0.069358
v -0.167995 -0.050618 -0.069358
v -0.168016 -0.050633 -0.069358
v -0.117867 -0.142689 -0.068924
v -0.117867 -0.142689 -0.068924
v -0.167682 -0.050597 -0.069252
v -0.167682 -0.050597 -0.069252
v -0.167682 -0.050597 -0.069252
v -0.167682 -0.050597 -0.069252
v -0.144033 -0.142031 -0.069051
v 0.198461 -0.612402 0.068888
v 0.198461 -0.612402 0.068888
v 0.198461 -0.612402 0.068888
v -0.168062 -0.050751 -0.070163
v -0.168062 -0.050751 -0.070163
v -0.168062 -0.050751 -0.070163
v -0.161409 -0.145097 -0.070012
v -0.168240 -0.050655 -0.069512
v -0.168152 -0.050646 -0.069426
v -0.168152 -0.050646 -0.069426
v -0.142753 -0.051653 -0.069426
v -0.142753 -0.051653 -0.069426
v -0.142753 -0.051653 -0.069426
v -0.164060 -0.055614 -0.069250
v -0.164060 -0.055614 -0.069250
v -0.137909 -0.044784 -0.069512
v -0.146375 -0.047748 -0.070344
v -0.168005 -0.050637 -0.070412
v -0.168005 -0.050637 -0.070412
v -0.168005 -0.050637 -0.070412
v -0.168005 -0.050637 -0.070412
v -0.168005 -0.050637 -0.070412
v -0.168005 -0.050637 -0.070412
v -0.168005 -0.050637 -0.070412
v -0.165780 -0.049697 -0.069268
v -0.165780 -0.049697 -0.069268
v -0.146375 -0.047748 -0.070344
v -0.146375 -0.047748 -0.070344
v -0.168005 -0.050637 -0.070412
v -0.168005 -0.050637 -0.070412
v -0.168005 -0.050637 -0.070412
v -0.168005 -0.050637 -0.070412
v -0.168005 -0.050637 -0.069358
v -0.168016 -0.050633 -0.069358
v -0.168016 -0.050633 -0.069358
v -0.168016 -0.050633 -0.069358
v -0.168016 -0.050633 -0.069358
v -0.168270 -0.050658 -0.070163
v -0.142753 -0.051495 -0.069608
v -0.142753 -0.051495 -0.069608
v -0.142753 -0.051495 -0.070163
v -0.142753 -0.051495 -0.070163
v -0.142753 -0.051495 -0.069608
v -0.137887 -0.044769 -0.069608
v -0.142737 -0.056067 -0.070531
v -0.151512 -0.140530 -0.069231
v -0.128170 -0.139116 -0.070720
v -0.167995 -0.050618 -0.069358
v -0.168036 -0.050698 -0.069426
v -0.168036 -0.050698 -0.069426
v -0.168036 -0.050698 -0.069426
v -0.168036 -0.050698 -0.069426
v -0.168036 -0.050698 -0.069426
v -0.168005 -0.050637 -0.070412
v -0.168005 -0.050637 -0.070412
v -0.168005 -0.050637 -0.070412
v -0.168005 -0.050637 -0.070412
v -0.168005 -0.050637 -0.070412
v -0.168005 -0.050637 -0.070412
v -0.168005 -0.050637 -0.069358
v -0.168005 -0.050637 -0.069358
v -0.168005 -0.050637 -0.069358
v -0.168005 -0.050637 -0.069358
v -0.168005 -0.050637 -0.069358
v -0.168005 -0.050637 -0.069358
v -0.168005 -0.050637 -0.069358
v -0.168005 -0.050637 -0.069358
v -0.168005 -0.050637 -0.069358
v -0.168005 -0.050637 -0.069358
v -0.168005 -0.050637 -0.069358
v -0.168005 -0.050637 -0.069358
v -0.168036 -0.050698 -0.070344
v -0.168036 -0.050698 -0.070344
v -0.168036 -0.050698 -0.070344
v -0.168036 -0.050698 -0.070344
v -0.168036 -0.050698 -0.070344
v -0.168036 -0.050698 -0.070344
v -0.150028 -0.051835 -0.070412
v -0.150028 -0.051835 -0.070412
v -0.150028 -0.051835 -0.069358
v -0.142753 -0.051495 -0.069608
v -0.142753 -0.051536 -0.070258
v -0.142753 -0.051536 -0.070258
v -0.142753 -0.051495 -0.069608
v -0.142753 -0.051495 -0.070163
v -0.142753 -0.051495 -0.070163
v -0.142753 -0.051495 -0.070163
v -0.137909 -0.044784 -0.070258
v -0.146375 -0.047566 -0.069358
v -0.146375 -0.047566 -0.070412
v -0.146375 -0.047566 -0.069358
v -0.168036 -0.050564 -0.069426
v -0.168036 -0.050698 -0.069426
v -0.150027 -0.051652 -0.070344
v -0.150027 -0.051652 -0.069426
v -0.168270 -0.050658 -0.069608
v 0.200290 -0.449564 0.070432
v 0.200290 -0.449564 0.070432
v 0.200290 -0.449564 0.070432
v -0.152829 -0.140115 -0.069168
v -0.152829 -0.140115 -0.069168
v -0.152829 -0.140115 -0.069168
v 0.200926 -0.448789 0.070432
v -0.124955 -0.137376 -0.070537
v -0.124955 -0.137376 -0.070537
v 0.201690 -0.446945 0.070432
v 0.201690 -0.446945 0.070432
v 0.201690 -0.446945 0.070432
v 0.201399 -0.447904 0.070432
v 0.201399 -0.447904 0.070432
v 0.201399 -0.447904 0.070432
v 0.201399 -0.447904 0.070432
v 0.201690 -0.444948 0.070432
v -0.125062 -0.144463 -0.069233
v -0.125062 -0.144463 -0.069233
v -0.125062 -0.144463 -0.069233
v 0.201399 -0.443988 0.070432
v 0.197670 -0.440928 0.070432
v 0.200115 -0.441908 0.070107
v 0.200115 -0.441908 0.070107
v 0.200115 -0.441908 0.070107
v 0.200115 -0.441908 0.070107
v 0.192417 -0.610870 0.070432
v 0.192417 -0.610870 0.070432
v 0.192417 -0.610870 0.070432
v -0.156600 -0.145225 -0.069168
v -0.156600 -0.145225 -0.069168
v -0.156600 -0.145225 -0.070603
v 0.196672 -0.440830 0.070432
v -0.166748 -0.139858 -0.070751
v -0.166748 -0.139858 -0.070751
v -0.152862 -0.140139 -0.070603
v -0.152862 -0.140139 -0.070603
v -0.152862 -0.140139 -0.070603
v -0.152862 -0.140139 -0.070603
v -0.152862 -0.140139 -0.070603
v -0.175227 -0.134193 -0.070435
v 0.191945 -0.447904 0.070432
v 0.193054 -0.449564 0.070432
v 0.193054 -0.449565 0.070432
v 0.200926 -0.616555 0.070432
v 0.200926 -0.616555 0.070432
v 0.201690 -0.614711 0.070432
v 0.201399 -0.615671 0.070432
v 0.201690 -0.612714 0.070432
v 0.201399 -0.611755 0.070432
v 0.200290 -0.610094 0.070432
v 0.196670 -0.451652 0.070256
v 0.196670 -0.451652 0.070256
v 0.196670 -0.451652 0.070256
v 0.196670 -0.451652 0.070256
v -0.166921 -0.137578 -0.070306
v -0.166921 -0.137578 -0.070306
v 0.193054 -0.610094 0.070432
v 0.193054 -0.610094 0.070432
v 0.193054 -0.610095 0.070432
v 0.192417 -0.610870 0.070432
v -0.126369 -0.134296 -0.069233
v 0.192417 -0.448789 0.070432
v -0.166598 -0.443988 0.070432
v -0.166598 -0.443988 0.070432
v 0.191945 -0.611754 0.070432
v -0.149737 -0.139113 -0.070735
v -0.149737 -0.139113 -0.070735
v -0.149737 -0.139113 -0.070735
v 0.191654 -0.614711 0.070432
v 0.191945 -0.615671 0.070432
v 0.191653 -0.614711 0.070432
v -0.168016 -0.050633 -0.069358
v 0.192417 -0.616555 0.070432
v 0.192417 -0.616555 0.070432
v 0.191945 -0.615670 0.070432
v 0.192418 -0.616555 0.070432
v 0.192418 -0.616555 0.070432
v 0.192418 -0.616555 0.070432
v 0.192417 -0.616555 0.070432
v 0.192417 -0.616555 0.070432
v 0.192417 -0.616555 0.070432
v 0.191945 -0.615671 0.070432
v -0.170326 -0.608694 0.070432
v -0.171325 -0.608596 0.070432
v -0.171325 -0.608596 0.070432
v -0.171325 -0.608596 0.070432
v -0.165158 -0.141286 -0.069053
v -0.168016 -0.050633 -0.069358
v -0.168016 -0.050633 -0.069358
v -0.168016 -0.050633 -0.069358
v -0.168016 -0.050633 -0.069358
v -0.168016 -0.050633 -0.069358
v -0.168015 -0.050633 -0.070412
v -0.168015 -0.050633 -0.069358
v 0.193054 -0.442328 0.070432
v -0.168016 -0.050633 -0.069358
v -0.168016 -0.050633 -0.069358
v -0.168016 -0.050633 -0.069358
v -0.168016 -0.050633 -0.069358
v -0.168016 -0.050633 -0.070412
v -0.168016 -0.050633 -0.070412
v -0.168016 -0.050633 -0.070412
v -0.168016 -0.050633 -0.069358
v -0.168016 -0.050633 -0.069358
v -0.168016 -0.050633 -0.069358
v -0.168016 -0.050633 -0.069358
v -0.168016 -0.050633 -0.069358
v -0.168016 -0.050633 -0.069358
v -0.168016 -0.050633 -0.069358
v -0.168016 -0.050633 -0.069358
v -0.168016 -0.050633 -0.069358
v -0.168016 -0.050633 -0.069358
v -0.168016 -0.050633 -0.069358
v -0.168016 -0.050633 -0.069358
v -0.168016 -0.050633 -0.069358
v -0.168016 -0.050633 -0.070412
v -0.168016 -0.050633 -0.069358
v -0.168016 -0.050633 -0.070412
v -0.170540 -0.140600 -0.069168
v -0.168016 -0.050633 -0.070412
v -0.168016 -0.050633 -0.070412
v -0.140737 -0.140252 -0.069336
v -0.140737 -0.140252 -0.070435
v -0.140737 -0.140252 -0.070435
v -0.175431 -0.145522 -0.069465
v -0.175431 -0.145522 -0.070306
v -0.152328 -0.135865 -0.070457
v -0.168016 -0.050633 -0.069358
v -0.168016 -0.050633 -0.069358
v -0.168016 -0.050633 -0.069358
v -0.168016 -0.050633 -0.070412
v -0.168016 -0.050633 -0.070412
v -0.168016 -0.050633 -0.070412
v -0.155528 -0.055625 -0.070534
v 0.193054 -0.442328 0.070432
v -0.168016 -0.050633 -0.070412
v -0.168016 -0.050633 -0.070412
v -0.168016 -0.050633 -0.070412
v -0.168062 -0.050751 -0.069608
v -0.168015 -0.050633 -0.069358
v -0.168015 -0.050633 -0.069358
v -0.168015 -0.050633 -0.069358
v -0.168015 -0.050633 -0.070412
v -0.168015 -0.050633 -0.070412
v -0.168016 -0.050633 -0.069358
v -0.168016 -0.050633 -0.069358
v -0.168016 -0.050633 -0.069358
v -0.168016 -0.050633 -0.069358
v -0.168016 -0.050633 -0.070412
v -0.168016 -0.050633 -0.070412
v -0.168016 -0.050633 -0.070412
v -0.168016 -0.050633 -0.070412
v -0.168016 -0.050633 -0.070412
v -0.168016 -0.050633 -0.070412
v -0.168016 -0.050633 -0.070412
v -0.168016 -0.050633 -0.070412
v -0.168016 -0.050633 -0.070412
v -0.168016 -0.050633 -0.070412
v -0.168016 -0.050633 -0.070412
v -0.168016 -0.050633 -0.070412
v -0.168062 -0.050751 -0.070163
v -0.168062 -0.050751 -0.070163
v -0.168062 -0.050751 -0.070163
v -0.168015 -0.050633 -0.070412
v -0.168015 -0.050633 -0.070412
v -0.168015 -0.050633 -0.070412
v -0.120427 -0.051077 -0.070544
v -0.140869 -0.140164 -0.069608
v -0.140869 -0.140164 -0.069608
v -0.140869 -0.140164 -0.070163
v -0.152862 -0.140139 -0.070603
v -0.152862 -0.140139 -0.070603
v -0.152862 -0.140139 -0.070603
v -0.152862 -0.140139 -0.070603
v 0.200926 -0.448789 0.070432
v -0.175315 -0.136387 -0.069608
v -0.175315 -0.136387 -0.070163
v -0.170062 -0.608595 0.070212
v -0.170062 -0.608595 0.070212
v -0.170062 -0.608595 0.070212
v -0.170062 -0.608595 0.070212
v -0.170062 -0.608595 0.070212
v -0.150027 -0.051534 -0.070258
v -0.152774 -0.044896 -0.069358
v -0.162726 -0.139462 -0.070306
v -0.162726 -0.139462 -0.069465
v -0.162726 -0.139462 -0.069465
v -0.174996 -0.134424 -0.070603
v -0.174996 -0.134424 -0.070603
v 0.194466 -0.440982 0.069995
v 0.194466 -0.440982 0.069995
v 0.194466 -0.440982 0.069995
v 0.194466 -0.440982 0.069995
v 0.194466 -0.440982 0.069995
v -0.150146 -0.136302 -0.069465
v -0.150146 -0.136302 -0.069465
v -0.150146 -0.136302 -0.069465
v -0.168743 -0.134424 -0.069168
v -0.168743 -0.134424 -0.069168
v -0.168743 -0.134424 -0.070603
v -0.168743 -0.134424 -0.070603
v -0.162726 -0.141699 -0.070306
v -0.168743 -0.134424 -0.069168
v -0.168743 -0.134424 -0.069168
v -0.168743 -0.134424 -0.069168
v -0.168743 -0.134424 -0.069168
v -0.168743 -0.134424 -0.069168
v -0.168743 -0.134424 -0.070603
v -0.168743 -0.134424 -0.070603
v -0.168743 -0.134424 -0.070603
v -0.168743 -0.134424 -0.070603
v -0.162726 -0.141699 -0.070306
v -0.168743 -0.134424 -0.069168
v -0.168743 -0.134424 -0.070603
v -0.168743 -0.134424 -0.070603
v -0.168743 -0.134424 -0.070603
v -0.168743 -0.134425 -0.069168
v -0.166921 -0.137578 -0.069465
v -0.166921 -0.137578 -0.069465
v -0.147720 -0.145545 -0.070163
v -0.147720 -0.145545 -0.069608
v -0.136099 -0.048849 -0.069315
v -0.136099 -0.048849 -0.069315
v -0.175134 -0.143583 -0.069168
v -0.175134 -0.143583 -0.070603
v -0.175134 -0.143583 -0.069168
v -0.175134 -0.143583 -0.070603
v -0.175134 -0.143583 -0.070603
v -0.136176 -0.054122 -0.070516
v 0.201788 -0.445946 0.070432
v -0.166855 -0.137469 -0.069336
v -0.166855 -0.137469 -0.069336
v -0.146375 -0.047866 -0.070258
v -0.146375 -0.047866 -0.070258
v -0.146375 -0.047866 -0.070258
v -0.146375 -0.047866 -0.069512
v -0.146375 -0.047866 -0.069512
v -0.146375 -0.047866 -0.069512
v -0.170540 -0.143583 -0.069168
v 0.195674 -0.440928 0.070432
v -0.170540 -0.138957 -0.069168
v -0.133639 -0.055536 -0.070371
v -0.114764 -0.138431 -0.070102
v 0.201399 -0.611754 0.070432
v -0.174842 -0.138957 -0.069168
v -0.174842 -0.138957 -0.069168
v -0.164914 -0.143217 -0.070537
v -0.164914 -0.143217 -0.070537
v -0.164914 -0.143217 -0.069233
v -0.164914 -0.143217 -0.069233
v -0.164914 -0.143217 -0.069233
v -0.164914 -0.143217 -0.069233
v -0.164914 -0.143217 -0.069233
v -0.164914 -0.143217 -0.069233
v -0.164914 -0.143217 -0.069233
v -0.164914 -0.143217 -0.070537
v -0.164914 -0.143217 -0.069233
v -0.164914 -0.143217 -0.070537
v -0.164914 -0.143217 -0.070537
v -0.164914 -0.143217 -0.069233
v -0.164914 -0.143217 -0.069233
v -0.164914 -0.143217 -0.070537
v -0.164914 -0.143217 -0.070537
v -0.148052 -0.134423 -0.069168
v -0.148052 -0.134423 -0.069168
v -0.148052 -0.134423 -0.069168
v -0.170540 -0.136067 -0.069168
v -0.148052 -0.134424 -0.069168
v -0.148052 -0.134424 -0.069168
v -0.148052 -0.134424 -0.069168
v -0.148052 -0.134424 -0.070603
v -0.148052 -0.134424 -0.069168
v -0.148052 -0.134424 -0.069168
v -0.148052 -0.134424 -0.070603
v -0.152829 -0.140115 -0.069168
v -0.152829 -0.140115 -0.069168
v -0.152829 -0.140115 -0.069168
v -0.164954 -0.143215 -0.071137
v -0.164954 -0.143215 -0.071137
v -0.164954 -0.143215 -0.071137
v -0.174996 -0.134424 -0.070603
v -0.174996 -0.134424 -0.070603
v -0.174996 -0.134424 -0.070603
v -0.174996 -0.134424 -0.070603
v -0.150146 -0.136302 -0.070306
v -0.150146 -0.136302 -0.069465
v -0.163135 -0.139871 -0.069047
v -0.156600 -0.145225 -0.070603
v -0.152829 -0.140115 -0.069168
v -0.152829 -0.140115 -0.069168
v -0.152829 -0.140115 -0.069168
v -0.152829 -0.140115 -0.069168
v -0.152829 -0.140115 -0.069168
v -0.152829 -0.140115 -0.069168
v -0.152829 -0.140115 -0.069168
v -0.152829 -0.140115 -0.069168
v -0.152829 -0.140115 -0.069168
v -0.152829 -0.140115 -0.069168
v -0.152829 -0.140115 -0.069168
v -0.152829 -0.140115 -0.069168
v -0.152829 -0.140115 -0.069168
v -0.152829 -0.140115 -0.069168
v -0.152829 -0.140115 -0.069168
v -0.133602 -0.145522 -0.070306
v -0.133602 -0.145522 -0.070306
v -0.133602 -0.145522 -0.070306
v -0.152829 -0.140115 -0.069168
v -0.152829 -0.140115 -0.069168
v -0.152829 -0.140115 -0.069168
v -0.152829 -0.140115 -0.069168
v -0.152829 -0.140115 -0.070603
v -0.152829 -0.140115 -0.070603
v -0.152829 -0.140115 -0.070603
v -0.152829 -0.140115 -0.070603
v -0.152829 -0.140115 -0.070603
v -0.152829 -0.140115 -0.070603
v -0.152829 -0.140115 -0.070603
v -0.152829 -0.140115 -0.070603
v -0.164914 -0.143217 -0.069233
v -0.164914 -0.143217 -0.070537
v -0.164914 -0.143217 -0.070537
v -0.152829 -0.140115 -0.070603
v -0.152829 -0.140115 -0.070603
v -0.152829 -0.140115 -0.070603
v -0.175139 -0.140897 -0.070306
v -0.140391 -0.140484 -0.069168
v -0.152829 -0.140115 -0.070603
v -0.152829 -0.140115 -0.070603
v -0.152829 -0.140115 -0.070603
v -0.152829 -0.140115 -0.069168
v -0.152829 -0.140115 -0.069168
v -0.152829 -0.140115 -0.069168
v -0.152829 -0.140115 -0.069168
v -0.152829 -0.140115 -0.069168
v -0.152829 -0.140115 -0.069168
v -0.152829 -0.140115 -0.069168
v -0.152829 -0.140115 -0.069168
v -0.152829 -0.140115 -0.069168
v -0.152829 -0.140115 -0.069168
v -0.152829 -0.140115 -0.069168
v -0.152829 -0.140115 -0.069168
v -0.152829 -0.140115 -0.069168
v -0.152829 -0.140115 -0.069168
v -0.152829 -0.140115 -0.069168
v -0.152829 -0.140115 -0.069168
v -0.152829 -0.140115 -0.070603
v -0.152829 -0.140115 -0.070603
v -0.152829 -0.140115 -0.070603
v -0.152829 -0.140115 -0.070603
v -0.152829 -0.140115 -0.070603
v -0.152829 -0.140115 -0.070603
v -0.152829 -0.140115 -0.070603
v -0.152829 -0.140115 -0.070603
v -0.152829 -0.140115 -0.070603
v -0.152829 -0.140115 -0.070603
v -0.152829 -0.140115 -0.070603
v -0.168240 -0.050655 -0.069512
v -0.164914 -0.143217 -0.070537
v -0.164914 -0.143217 -0.070537
v -0.164914 -0.143217 -0.070537
v -0.133898 -0.139004 -0.069168
v -0.149730 -0.145106 -0.069068
v -0.149730 -0.145106 -0.069068
v -0.149730 -0.145106 -0.069068
v -0.152829 -0.140115 -0.070603
v -0.152829 -0.140115 -0.070603
v -0.152829 -0.140115 -0.070603
v -0.152829 -0.140115 -0.070603
v -0.152829 -0.140115 -0.070603
v 0.191653 -0.444948 0.070432
v -0.175293 -0.136364 -0.069465
v -0.175293 -0.136364 -0.070306
v -0.147228 -0.145225 -0.069168
v -0.147228 -0.145225 -0.069168
v -0.147228 -0.145225 -0.069168
v -0.147228 -0.145225 -0.069168
v -0.147228 -0.145225 -0.070603
v -0.136508 -0.145225 -0.069168
v -0.136508 -0.145225 -0.069168
v -0.136508 -0.145225 -0.069168
v -0.136508 -0.145225 -0.069168
v -0.136508 -0.145225 -0.070603
v -0.168614 -0.145354 -0.070537
v -0.144038 -0.142018 -0.070697
v -0.152829 -0.140115 -0.069168
v -0.152829 -0.140115 -0.069168
v -0.152829 -0.140115 -0.069168
v -0.152829 -0.140115 -0.069168
v -0.152829 -0.140115 -0.069168
v -0.152829 -0.140115 -0.069168
v -0.152829 -0.140115 -0.069168
v -0.152829 -0.140115 -0.069168
v -0.152829 -0.140115 -0.069168
v -0.152829 -0.140115 -0.069168
v -0.166921 -0.137578 -0.069465
v -0.166921 -0.137578 -0.069465
v 0.201690 -0.614711 0.070432
v -0.159240 -0.142020 -0.070698
v -0.135695 -0.134424 -0.069168
v -0.170837 -0.143286 -0.069465
v -0.170837 -0.143286 -0.069465
v -0.135695 -0.134424 -0.069168
v -0.135695 -0.134424 -0.069168
v -0.135695 -0.134424 -0.069168
v -0.135695 -0.134424 -0.069168
v -0.133579 -0.134105 -0.070163
v -0.133579 -0.134105 -0.069608
v -0.125253 -0.144581 -0.070163
v -0.133899 -0.134424 -0.069168
v -0.133899 -0.134424 -0.070603
v -0.144993 -0.145153 -0.070687
v -0.144993 -0.145153 -0.070687
v -0.150169 -0.136325 -0.070163
v -0.133899 -0.134424 -0.069168
v -0.133899 -0.134424 -0.070603
v -0.128295 -0.134424 -0.069168
v -0.128295 -0.134424 -0.069168
v -0.128295 -0.134424 -0.070603
v -0.164914 -0.143217 -0.069233
v -0.164914 -0.143217 -0.069233
v -0.164914 -0.143217 -0.069233
v -0.164914 -0.143217 -0.069233
v -0.164914 -0.143217 -0.069233
v -0.164914 -0.143217 -0.069233
v -0.164914 -0.143217 -0.069233
v -0.164914 -0.143217 -0.069233
v -0.164914 -0.143217 -0.069233
v -0.164914 -0.143217 -0.069233
v -0.164914 -0.143217 -0.069233
v -0.164914 -0.143217 -0.069233
v -0.164914 -0.143217 -0.069233
v -0.164914 -0.143217 -0.069233
v -0.164914 -0.143217 -0.070537
v -0.164914 -0.143217 -0.070537
v -0.164914 -0.143217 -0.070537
v -0.164914 -0.143217 -0.070537
v -0.164914 -0.143217 -0.070537
v -0.164914 -0.143217 -0.070537
v -0.164914 -0.143217 -0.070537
v -0.164914 -0.143217 -0.070537
v -0.164914 -0.143217 -0.070537
v -0.164914 -0.143217 -0.070537
v -0.164914 -0.143217 -0.070537
v -0.164914 -0.143217 -0.070537
v -0.164914 -0.143217 -0.070537
v -0.164914 -0.143217 -0.070537
v -0.164914 -0.143217 -0.069233
v -0.164914 -0.143217 -0.069233
v -0.164914 -0.143217 -0.069233
v -0.150146 -0.145522 -0.070306
v -0.164925 -0.143214 -0.070537
v -0.164925 -0.143214 -0.070537
v -0.164925 -0.143214 -0.070537
v 0.201399 -0.447904 0.070432
v -0.128295 -0.134424 -0.069168
v -0.128295 -0.134424 -0.070603
v -0.126498 -0.134424 -0.069168
v -0.126498 -0.134424 -0.069168
v -0.126498 -0.134424 -0.070603
v -0.169104 -0.614137 0.060700
v -0.140835 -0.140187 -0.069465
v -0.140835 -0.140187 -0.069465
v -0.140835 -0.140187 -0.069465
v -0.140835 -0.140187 -0.070306
v -0.126498 -0.134424 -0.069168
v -0.126498 -0.134424 -0.069168
v -0.126498 -0.134424 -0.070603
v -0.126498 -0.134424 -0.069168
v -0.126498 -0.134424 -0.070603
v -0.133898 -0.140646 -0.069168
v -0.150169 -0.136325 -0.070163
v -0.150169 -0.136325 -0.069608
v -0.171325 -0.440830 0.070432
v -0.137909 -0.044784 -0.070258
v -0.150146 -0.138722 -0.070306
v 0.201690 -0.612714 0.070432
v -0.128295 -0.134424 -0.070603
v -0.164914 -0.143217 -0.070537
v -0.164914 -0.143217 -0.070537
v -0.164914 -0.143217 -0.070537
v -0.164914 -0.143217 -0.070537
v 0.191945 -0.443988 0.070432
v -0.133667 -0.140878 -0.069336
v -0.133667 -0.140878 -0.069336
v -0.133667 -0.140878 -0.069336
v -0.168446 -0.134128 -0.069465
v -0.133898 -0.139004 -0.069168
v -0.168446 -0.134128 -0.069465
v -0.168446 -0.134128 -0.069465
v -0.168062 -0.050751 -0.069608
v -0.126498 -0.134424 -0.069168
v -0.126498 -0.134424 -0.070603
v -0.168016 -0.050633 -0.069358
v -0.124378 -0.136506 -0.070880
v -0.152862 -0.140139 -0.070603
v -0.152862 -0.140139 -0.070603
v -0.152862 -0.140139 -0.070603
v -0.152862 -0.140139 -0.070603
v -0.152862 -0.140139 -0.070603
v -0.133579 -0.138684 -0.069608
v -0.133579 -0.138684 -0.070163
v -0.174842 -0.138957 -0.069168
v 0.200926 -0.443104 0.070432
v 0.200926 -0.443104 0.070432
v 0.201399 -0.611754 0.070432
v -0.164914 -0.143217 -0.070537
v 0.192417 -0.443104 0.070432
v -0.136157 -0.145457 -0.069336
v 0.200926 -0.616555 0.070432
v 0.200926 -0.616555 0.070432
v 0.200926 -0.616555 0.070432
v -0.136508 -0.145225 -0.069168
v -0.170837 -0.138660 -0.069465
v -0.136508 -0.145225 -0.070603
v -0.136508 -0.145225 -0.070603
v -0.136508 -0.145225 -0.070603
v -0.140869 -0.140164 -0.069608
v -0.140869 -0.140164 -0.070163
v -0.128196 -0.145126 -0.070707
v -0.129363 -0.046664 -0.069395
v -0.129363 -0.046664 -0.069395
v -0.129363 -0.046664 -0.069395
v 0.201399 -0.443988 0.070432
v -0.166503 -0.134995 -0.070688
v -0.143226 -0.140484 -0.070603
v -0.157113 -0.052062 -0.069235
v -0.128295 -0.134424 -0.069168
v -0.128295 -0.134424 -0.070603
v -0.170326 -0.608694 0.070432
v -0.150169 -0.138699 -0.069608
v -0.150169 -0.138699 -0.070163
v -0.124934 -0.142390 -0.069168
v 0.201788 -0.613712 0.070432
v -0.152829 -0.140115 -0.069168
v -0.152829 -0.140115 -0.069168
v -0.149904 -0.055889 -0.070531
v -0.157053 -0.145457 -0.069336
v -0.157053 -0.145457 -0.069336
v -0.157053 -0.145457 -0.070435
v -0.125587 -0.049336 -0.069576
v -0.125587 -0.049336 -0.069576
v -0.125587 -0.049336 -0.069576
v 0.192418 -0.610870 0.070432
v -0.170443 -0.143706 -0.070733
v -0.147228 -0.145225 -0.070603
v -0.142753 -0.051536 -0.069512
v -0.142753 -0.051536 -0.069512
v -0.142753 -0.051536 -0.069512
v -0.142753 -0.051536 -0.070258
v -0.153056 -0.139885 -0.069608
v -0.153056 -0.139885 -0.069608
v -0.168016 -0.050633 -0.069358
v -0.168016 -0.050633 -0.069358
v -0.168016 -0.050633 -0.069358
v -0.135849 -0.145375 -0.070542
v -0.135849 -0.145375 -0.070542
v -0.166397 -0.046388 -0.069192
v -0.166397 -0.046388 -0.069192
v -0.166397 -0.046388 -0.069192
v 0.197670 -0.440928 0.070432
v 0.197670 -0.440928 0.070432
v 0.197670 -0.440928 0.070432
v -0.133579 -0.138684 -0.069608
v -0.137974 -0.044828 -0.069426
v -0.137974 -0.044828 -0.070344
v -0.156600 -0.145225 -0.069168
v -0.156600 -0.145225 -0.070603
v -0.147755 -0.145522 -0.070306
v 0.196672 -0.440830 0.070432
v 0.196141 -0.608388 0.070191
v 0.196141 -0.608388 0.070191
v -0.171325 -0.608596 0.070432
v -0.171325 -0.608596 0.070432
v -0.171325 -0.608596 0.070432
v -0.168056 -0.050738 -0.070258
v -0.117939 -0.136947 -0.069853
v -0.170669 -0.138828 -0.069233
v -0.170669 -0.138828 -0.069233
v -0.148195 -0.134567 -0.069145
v -0.137887 -0.044769 -0.070163
v 0.200926 -0.610870 0.070432
v -0.172323 -0.608694 0.070432
v -0.172323 -0.608694 0.070432
v -0.164914 -0.143217 -0.069233
v -0.164914 -0.143217 -0.069233
v -0.164914 -0.143217 -0.070537
v -0.164914 -0.143217 -0.070537
v -0.147105 -0.045046 -0.069235
v -0.135569 -0.134554 -0.070696
v -0.135569 -0.134554 -0.070696
v -0.135569 -0.134554 -0.070696
v -0.175073 -0.138726 -0.069336
v -0.175073 -0.138726 -0.069336
v -0.175073 -0.138726 -0.069336
v -0.123803 -0.047169 -0.069807
v -0.123803 -0.047169 -0.069807
v -0.123803 -0.047169 -0.069807
v -0.123803 -0.047169 -0.069807
v -0.150146 -0.138722 -0.069465
v -0.164914 -0.143217 -0.069233
v -0.126641 -0.134567 -0.069145
v -0.133899 -0.134424 -0.069168
v -0.133899 -0.134424 -0.070603
v -0.133899 -0.134424 -0.070603
v 0.201399 -0.447904 0.070432
v -0.126474 -0.048869 -0.069216
v -0.153012 -0.140359 -0.070306
v -0.150027 -0.051652 -0.070344
v -0.150027 -0.051652 -0.069426
v -0.122203 -0.135788 -0.069361
v -0.172323 -0.608694 0.070432
v -0.172323 -0.608694 0.070432
v -0.122113 -0.145256 -0.068940
v -0.115396 -0.140960 -0.070373
v -0.153736 -0.141186 -0.070682
v -0.152936 -0.140117 -0.068855
v -0.152936 -0.140117 -0.068855
v -0.152936 -0.140117 -0.068855
v -0.152936 -0.140117 -0.068855
v -0.135572 -0.145101 -0.069077
v -0.135572 -0.145101 -0.069077
v -0.159975 -0.144847 -0.068932
v -0.123705 -0.045267 -0.070585
v -0.158996 -0.137923 -0.069387
v -0.158996 -0.137923 -0.069387
v 0.200925 -0.448790 0.070432
v -0.158409 -0.143676 -0.070875
v 0.200926 -0.610870 0.070432
v 0.200926 -0.616555 0.070432
v -0.167137 -0.139462 -0.070306
v -0.134026 -0.145093 -0.069100
v -0.134026 -0.145093 -0.069100
v -0.133579 -0.145545 -0.070163
v -0.167070 -0.443104 0.070432
v -0.164914 -0.143217 -0.070537
v -0.164914 -0.143217 -0.070537
v -0.150146 -0.145522 -0.069465
v -0.147228 -0.145225 -0.069168
v -0.147228 -0.145225 -0.069168
v -0.166583 -0.611505 0.070003
v -0.170837 -0.143286 -0.070306
v -0.175010 -0.145105 -0.069080
v -0.175010 -0.145105 -0.069080
v -0.175010 -0.145105 -0.069080
v -0.156853 -0.145354 -0.070537
v -0.168446 -0.145522 -0.069465
v -0.168446 -0.145522 -0.069465
v -0.168446 -0.145522 -0.069465
v -0.142753 -0.051536 -0.069512
v -0.142753 -0.051536 -0.069512
v -0.142753 -0.051536 -0.070258
v -0.161003 -0.143567 -0.069100
v 0.192418 -0.443104 0.070432
v -0.142870 -0.140252 -0.069336
v 0.191654 -0.612714 0.070432
v -0.164914 -0.143217 -0.069233
v -0.164914 -0.143217 -0.069233
v -0.164914 -0.143217 -0.069233
v -0.164914 -0.143217 -0.069233
v -0.164914 -0.143217 -0.069233
v -0.164914 -0.143217 -0.069233
v -0.175431 -0.145522 -0.070306
v -0.173400 -0.447051 0.068885
v -0.173400 -0.447051 0.068885
v -0.173400 -0.447051 0.068885
v -0.140391 -0.140484 -0.069168
v -0.140391 -0.140484 -0.069168
v -0.168512 -0.134193 -0.069336
v -0.168512 -0.134193 -0.069336
v -0.168512 -0.134193 -0.069336
v -0.168512 -0.134193 -0.069336
v -0.136015 -0.145545 -0.069608
v -0.136015 -0.145545 -0.070163
v -0.175293 -0.134128 -0.070306
v -0.175293 -0.134128 -0.069465
v -0.174853 -0.134567 -0.070625
v -0.142753 -0.051495 -0.069608
v -0.142753 -0.051495 -0.070163
v -0.136312 -0.145354 -0.069233
v 0.201399 -0.615671 0.070432
v -0.125057 -0.137551 -0.070435
v -0.164059 -0.055625 -0.070535
v 0.201690 -0.612714 0.070432
v 0.201690 -0.612714 0.070432
v 0.201690 -0.612714 0.070432
v -0.148052 -0.134424 -0.069168
v -0.148052 -0.134424 -0.069168
v -0.148052 -0.134424 -0.070603
v -0.159215 -0.142003 -0.069410
v -0.159215 -0.142003 -0.069410
v 0.191555 -0.445946 0.070432
v -0.153002 -0.139955 -0.069336
v -0.153002 -0.139955 -0.069336
v -0.149758 -0.135915 -0.069029
v -0.149758 -0.135915 -0.069029
v -0.164895 -0.143116 -0.069336
v -0.164895 -0.143116 -0.069336
v -0.164895 -0.143116 -0.070435
v -0.136024 -0.145545 -0.070163
v 0.195673 -0.440928 0.070432
v 0.195673 -0.440928 0.070432
v -0.175135 -0.143583 -0.069168
v -0.175135 -0.143583 -0.069168
v -0.175135 -0.143583 -0.070603
v -0.166855 -0.137469 -0.070435
v -0.116898 -0.135919 -0.068938
v -0.170837 -0.138660 -0.069465
v 0.201690 -0.614711 0.070432
v -0.170837 -0.143286 -0.069465
v -0.147685 -0.145522 -0.069465
v -0.170326 -0.608694 0.070432
v -0.170326 -0.608694 0.070432
v -0.126971 -0.047609 -0.070003
v -0.126971 -0.047609 -0.070003
v -0.150146 -0.138722 -0.070306
v -0.130125 -0.054429 -0.069970
v -0.130125 -0.054429 -0.069970
v -0.168512 -0.134193 -0.070435
v -0.168512 -0.134193 -0.070435
v -0.170771 -0.143351 -0.069336
v -0.170771 -0.143351 -0.069336
v -0.170771 -0.143351 -0.069336
v -0.170771 -0.143351 -0.069336
v -0.153056 -0.139885 -0.070163
v -0.153056 -0.139885 -0.070163
v -0.174842 -0.138957 -0.069168
v -0.135279 -0.047766 -0.070516
v -0.135279 -0.047766 -0.070516
v -0.135279 -0.047766 -0.070516
v -0.133602 -0.134128 -0.069465
v -0.133602 -0.134128 -0.069465
v -0.133602 -0.134128 -0.069465
v -0.143028 -0.140355 -0.069233
v -0.143028 -0.140355 -0.069233
v -0.152829 -0.140115 -0.069168
v -0.152829 -0.140115 -0.069168
v -0.153087 -0.140141 -0.070537
v -0.153087 -0.140141 -0.070537
v -0.153087 -0.140141 -0.069233
v -0.170326 -0.440928 0.070432
v -0.170326 -0.440928 0.070432
v -0.171325 -0.440830 0.070432
v -0.171325 -0.440830 0.070432
v 0.191555 -0.613712 0.070432
v 0.191555 -0.613712 0.070432
v 0.191555 -0.613712 0.070432
v 0.191555 -0.613712 0.070432
v -0.168651 -0.441492 0.070438
v -0.168651 -0.441492 0.070438
v -0.168651 -0.441492 0.070438
v -0.170326 -0.440928 0.070432
v -0.170326 -0.440928 0.070432
v 0.198839 -0.614612 0.060703
v 0.198839 -0.614612 0.060703
v -0.152829 -0.140115 -0.070603
v -0.152829 -0.140115 -0.070603
v -0.152829 -0.140115 -0.070603
v -0.152829 -0.140115 -0.070603
v -0.152829 -0.140115 -0.070603
v -0.152829 -0.140115 -0.070603
v -0.152829 -0.140115 -0.070603
v -0.152829 -0.140115 -0.070603
v -0.152829 -0.140115 -0.070603
v -0.152829 -0.140115 -0.070603
v -0.152829 -0.140115 -0.070603
v -0.152829 -0.140115 -0.070603
v -0.152829 -0.140115 -0.070603
v -0.152829 -0.140115 -0.070603
v -0.152829 -0.140115 -0.070603
v -0.152829 -0.140115 -0.070603
v 0.201788 -0.613712 0.070432
v 0.201788 -0.613712 0.070432
v 0.201788 -0.613712 0.070432
v -0.166306 -0.444948 0.070432
v -0.166082 -0.448037 0.070270
v -0.166082 -0.448037 0.070270
v -0.127255 -0.053387 -0.069369
v -0.127255 -0.053387 -0.069369
v -0.142753 -0.051536 -0.069512
v -0.142753 -0.051536 -0.069512
v -0.125231 -0.144567 -0.070306
v -0.125253 -0.144581 -0.069608
v -0.125253 -0.144581 -0.069608
v -0.125057 -0.137551 -0.070435
v -0.152982 -0.140300 -0.070435
v -0.148172 -0.145106 -0.069065
v -0.148172 -0.145106 -0.069065
v -0.148172 -0.145106 -0.069065
v -0.133602 -0.145522 -0.069465
v -0.133602 -0.145522 -0.070306
v -0.133602 -0.145522 -0.069465
v -0.133602 -0.145522 -0.069465
v -0.133602 -0.145522 -0.070306
v -0.133579 -0.145545 -0.069608
v -0.133579 -0.145545 -0.070163
v -0.133602 -0.145522 -0.069465
v -0.175293 -0.136364 -0.070306
v -0.126010 -0.133937 -0.069991
v -0.133579 -0.138684 -0.069608
v -0.133579 -0.138684 -0.070163
v -0.133602 -0.138707 -0.069465
v -0.133602 -0.138707 -0.070306
v -0.133667 -0.134193 -0.070435
v -0.125057 -0.137551 -0.069336
v -0.125057 -0.137551 -0.069336
v -0.133770 -0.134296 -0.070537
v -0.133770 -0.134296 -0.070537
v -0.133770 -0.134296 -0.069233
v -0.168015 -0.050633 -0.069358
v -0.168015 -0.050633 -0.069358
v -0.168015 -0.050633 -0.069358
v -0.168015 -0.050633 -0.070412
v -0.168015 -0.050633 -0.070412
v -0.135992 -0.134128 -0.069465
v -0.135992 -0.134128 -0.069465
v -0.135992 -0.134128 -0.069465
v -0.170771 -0.136298 -0.069336
v -0.170771 -0.136298 -0.069336
v -0.136015 -0.134105 -0.069608
v -0.136015 -0.134105 -0.069608
v -0.136058 -0.145522 -0.070306
v -0.136024 -0.145545 -0.069608
v -0.136024 -0.145545 -0.070163
v -0.136058 -0.145522 -0.069465
v -0.136058 -0.145522 -0.070306
v -0.136024 -0.145545 -0.069608
v -0.136024 -0.145545 -0.070163
v -0.172323 -0.440928 0.070432
v -0.172323 -0.440928 0.070432
v -0.162703 -0.141721 -0.070163
v -0.162703 -0.141721 -0.069608
v -0.162703 -0.141721 -0.069608
v -0.157181 -0.145522 -0.069465
v -0.157181 -0.145522 -0.070306
v -0.157181 -0.145522 -0.070306
v -0.157181 -0.145522 -0.070306
v -0.120431 -0.051069 -0.069225
v -0.147426 -0.145354 -0.070537
v -0.141760 -0.137508 -0.069233
v -0.164895 -0.143116 -0.069336
v -0.164895 -0.143116 -0.070435
v -0.164895 -0.143116 -0.070435
v -0.164895 -0.143116 -0.070435
v -0.164895 -0.143116 -0.070435
v -0.150027 -0.051493 -0.069608
v -0.164895 -0.143116 -0.069336
v -0.164895 -0.143116 -0.070435
v -0.141763 -0.137767 -0.070435
v -0.141763 -0.137767 -0.070435
v -0.141763 -0.137767 -0.069336
v -0.141760 -0.137508 -0.070537
v -0.141760 -0.137508 -0.069233
v -0.142734 -0.140164 -0.069608
v -0.142734 -0.140164 -0.070163
v -0.142769 -0.140187 -0.070306
v -0.168424 -0.134105 -0.069608
v -0.168424 -0.134105 -0.069608
v -0.128175 -0.139117 -0.069046
v -0.140869 -0.140164 -0.069608
v -0.140869 -0.140164 -0.070163
v -0.140835 -0.140187 -0.069465
v -0.131375 -0.046154 -0.070334
v -0.131375 -0.046154 -0.070334
v -0.131375 -0.046154 -0.070334
v -0.131375 -0.046154 -0.070334
v -0.140869 -0.140164 -0.070163
v -0.142753 -0.051836 -0.069358
v -0.142753 -0.051836 -0.070412
v -0.152862 -0.140139 -0.069168
v -0.152862 -0.140139 -0.069168
v -0.152878 -0.140093 -0.069168
v -0.152878 -0.140093 -0.069168
v -0.152878 -0.140093 -0.069168
v -0.152878 -0.140093 -0.069168
v -0.152878 -0.140093 -0.069168
v -0.152878 -0.140093 -0.069168
v -0.152878 -0.140093 -0.069168
v -0.152878 -0.140093 -0.069168
v -0.152878 -0.140093 -0.069168
v -0.152878 -0.140093 -0.070603
v -0.152878 -0.140093 -0.070603
v -0.152878 -0.140093 -0.070603
v -0.152878 -0.140093 -0.070603
v -0.152878 -0.140093 -0.070603
v -0.152878 -0.140093 -0.069168
v -0.152878 -0.140093 -0.069168
v -0.152878 -0.140093 -0.069168
v -0.152878 -0.140093 -0.069168
v -0.152878 -0.140093 -0.069168
v -0.152878 -0.140093 -0.069168
v -0.152878 -0.140093 -0.069168
v -0.152878 -0.140093 -0.069168
v -0.152878 -0.140093 -0.069168
v -0.152878 -0.140093 -0.070603
v -0.152878 -0.140093 -0.070603
v -0.152878 -0.140093 -0.070603
v -0.152878 -0.140093 -0.070603
v -0.152878 -0.140093 -0.070603
v -0.152878 -0.140093 -0.070603
v -0.153002 -0.139955 -0.070435
v -0.153002 -0.139955 -0.070435
v -0.153002 -0.139955 -0.070435
v -0.153002 -0.139955 -0.070435
v -0.164876 -0.143053 -0.069465
v -0.164876 -0.143053 -0.069465
v -0.164876 -0.143053 -0.069465
v -0.164876 -0.143053 -0.070306
v -0.164876 -0.143053 -0.070306
v -0.170837 -0.136364 -0.070306
v -0.170837 -0.136364 -0.069465
v -0.152940 -0.140036 -0.070537
v -0.152940 -0.140036 -0.069233
v -0.152940 -0.140036 -0.069233
v -0.152940 -0.140036 -0.069233
v -0.157182 -0.145522 -0.070306
v -0.157226 -0.145545 -0.069608
v -0.157226 -0.145545 -0.070163
v -0.175431 -0.143286 -0.070306
v -0.167137 -0.139462 -0.069465
v -0.150169 -0.145545 -0.069608
v -0.150169 -0.145545 -0.070163
v -0.150146 -0.145522 -0.069465
v -0.150146 -0.145522 -0.070306
v -0.150146 -0.145522 -0.069465
v -0.150146 -0.145522 -0.070306
v -0.150169 -0.145545 -0.069608
v -0.135992 -0.145522 -0.069465
v -0.142753 -0.051536 -0.070258
v -0.147733 -0.134105 -0.069608
v -0.147755 -0.134128 -0.069465
v -0.147755 -0.134128 -0.069465
v -0.147755 -0.134128 -0.069465
v -0.146375 -0.047866 -0.070258
v -0.146375 -0.047866 -0.070258
v -0.146375 -0.047866 -0.070258
v -0.146375 -0.047866 -0.069512
v -0.146375 -0.047866 -0.069512
v -0.147733 -0.134105 -0.069608
v -0.150169 -0.138699 -0.069608
v -0.150169 -0.138699 -0.070163
v -0.150146 -0.138722 -0.069465
v -0.150146 -0.138722 -0.069465
v -0.164723 -0.141721 -0.069608
v -0.164723 -0.141721 -0.070163
v -0.164812 -0.143142 -0.070435
v -0.164812 -0.143142 -0.070435
v -0.164812 -0.143142 -0.070435
v -0.164812 -0.143142 -0.070435
v -0.164812 -0.143142 -0.069336
v -0.164723 -0.141721 -0.069608
v -0.164723 -0.141721 -0.070163
v -0.164925 -0.143214 -0.069234
v -0.164925 -0.143214 -0.069234
v -0.164925 -0.143214 -0.069234
v -0.164746 -0.141699 -0.069465
v -0.164746 -0.141699 -0.070306
v -0.164746 -0.141699 -0.069465
v -0.164746 -0.141699 -0.069465
v -0.164746 -0.141699 -0.070306
v -0.164746 -0.141699 -0.070306
v -0.164746 -0.141699 -0.070306
v -0.164746 -0.141699 -0.070306
v -0.164723 -0.141721 -0.069608
v -0.164723 -0.141721 -0.069608
v -0.164723 -0.141721 -0.069608
v -0.164723 -0.141721 -0.070163
v -0.162726 -0.139462 -0.069465
v -0.168614 -0.134296 -0.069233
v -0.168614 -0.134296 -0.069233
v -0.162703 -0.139439 -0.069608
v -0.137887 -0.044769 -0.070163
v -0.170860 -0.138638 -0.069608
v -0.170860 -0.138638 -0.070163
v -0.170837 -0.138660 -0.069465
v -0.170837 -0.138660 -0.070306
v -0.175161 -0.140920 -0.069608
v -0.175161 -0.140920 -0.070163
v -0.175139 -0.140897 -0.069465
v -0.175139 -0.140897 -0.070306
v -0.152578 -0.136823 -0.068802
v -0.152578 -0.136823 -0.068802
v -0.161565 -0.045751 -0.069236
v -0.125253 -0.144581 -0.070163
v -0.175138 -0.140897 -0.069465
v -0.175161 -0.140920 -0.069608
v -0.170860 -0.143263 -0.069608
v -0.170860 -0.143263 -0.070163
v -0.170837 -0.143286 -0.069465
v -0.125179 -0.137765 -0.069890
v -0.125179 -0.137765 -0.069890
v -0.125179 -0.137765 -0.069890
v -0.125179 -0.137765 -0.069890
v -0.125179 -0.137765 -0.069890
v -0.125123 -0.137663 -0.070306
v -0.125123 -0.137663 -0.069465
v -0.125123 -0.137663 -0.069465
v -0.125123 -0.137663 -0.069465
v -0.125123 -0.137663 -0.069465
v -0.170860 -0.143263 -0.069608
v -0.135492 -0.052523 -0.070494
v -0.175366 -0.143351 -0.070435
v -0.175366 -0.143351 -0.070435
v -0.175366 -0.143351 -0.070435
v -0.135824 -0.134296 -0.069233
v -0.135824 -0.134296 -0.069233
v -0.175263 -0.143454 -0.069233
v -0.175263 -0.143454 -0.069233
v -0.175263 -0.143454 -0.069233
v -0.175431 -0.145522 -0.069465
v -0.133601 -0.138707 -0.069465
v -0.175454 -0.145545 -0.069608
v -0.175454 -0.145545 -0.070163
v -0.168512 -0.145457 -0.070435
v -0.168512 -0.145457 -0.070435
v -0.168512 -0.145457 -0.070435
v -0.175315 -0.134105 -0.070163
v -0.168446 -0.134128 -0.069465
v -0.168446 -0.134128 -0.070306
v -0.168424 -0.134105 -0.069608
v -0.175125 -0.134295 -0.070537
v -0.175125 -0.134295 -0.070537
v -0.175227 -0.134193 -0.070435
v -0.175227 -0.134193 -0.070435
v -0.175227 -0.134193 -0.070435
v -0.175293 -0.136364 -0.069465
v -0.175315 -0.136387 -0.069608
v -0.175315 -0.136387 -0.070163
v -0.133602 -0.140943 -0.070306
v -0.157182 -0.145522 -0.069465
v -0.157182 -0.145522 -0.069465
v -0.157182 -0.145522 -0.070306
v -0.125231 -0.144567 -0.069465
v -0.125123 -0.137663 -0.070306
v -0.125123 -0.137663 -0.069465
v -0.133667 -0.138772 -0.069336
v -0.133667 -0.138772 -0.069336
v -0.133667 -0.138772 -0.069336
v -0.133667 -0.138772 -0.069336
v -0.133667 -0.138772 -0.069336
v -0.133602 -0.138707 -0.069465
v -0.135927 -0.134193 -0.069336
v -0.135927 -0.134193 -0.069336
v -0.135927 -0.134193 -0.069336
v -0.136157 -0.145457 -0.069336
v -0.136157 -0.145457 -0.069336
v -0.136157 -0.145457 -0.069336
v -0.164914 -0.143217 -0.069233
v -0.164914 -0.143217 -0.069233
v -0.136058 -0.145522 -0.070306
v 0.193054 -0.449564 0.070432
v -0.147685 -0.145522 -0.070306
v -0.147584 -0.145457 -0.070435
v -0.147584 -0.145457 -0.069336
v -0.147584 -0.145457 -0.069336
v -0.147584 -0.145457 -0.069336
v -0.147584 -0.145457 -0.069336
v -0.142769 -0.140187 -0.069465
v -0.142769 -0.140187 -0.069465
v -0.142769 -0.140187 -0.069465
v -0.142870 -0.140252 -0.069336
v -0.142870 -0.140252 -0.069336
v -0.142870 -0.140252 -0.070435
v -0.142870 -0.140252 -0.070435
v -0.142870 -0.140252 -0.070435
v -0.142870 -0.140252 -0.070435
v -0.142870 -0.140252 -0.069336
v -0.142870 -0.140252 -0.069336
v -0.142870 -0.140252 -0.070435
v -0.142769 -0.140187 -0.069465
v -0.142769 -0.140187 -0.070306
v -0.145654 -0.045029 -0.069200
v -0.142737 -0.056075 -0.069237
v -0.140835 -0.140187 -0.069465
v -0.140835 -0.140187 -0.070306
v -0.140835 -0.140187 -0.070306
v -0.140737 -0.140252 -0.069336
v -0.140737 -0.140252 -0.069336
v -0.140737 -0.140252 -0.069336
v -0.140737 -0.140252 -0.070435
v -0.140737 -0.140252 -0.070435
v -0.140835 -0.140187 -0.069465
v -0.147923 -0.134296 -0.069233
v -0.153002 -0.139955 -0.070435
v -0.153002 -0.139955 -0.069336
v -0.175431 -0.145522 -0.070306
v -0.153042 -0.139903 -0.070306
v -0.153042 -0.139903 -0.070306
v -0.153042 -0.139903 -0.069465
v -0.153042 -0.139903 -0.069465
v -0.153042 -0.139903 -0.069465
v -0.153042 -0.139903 -0.069465
v -0.153042 -0.139903 -0.069465
v -0.153042 -0.139903 -0.070306
v -0.153042 -0.139903 -0.070306
v -0.157053 -0.145457 -0.069336
v -0.157053 -0.145457 -0.070435
v -0.157053 -0.145457 -0.070435
v -0.147821 -0.134193 -0.069336
v -0.147821 -0.134193 -0.069336
v -0.149740 -0.139129 -0.069066
v -0.149740 -0.139129 -0.069066
v -0.149740 -0.139129 -0.069066
v -0.149740 -0.139129 -0.069066
v -0.164876 -0.143053 -0.069465
v -0.164876 -0.143053 -0.069465
v -0.164876 -0.143053 -0.069465
v -0.164876 -0.143053 -0.070306
v -0.164876 -0.143053 -0.070306
v -0.164876 -0.143053 -0.070306
v -0.168036 -0.050564 -0.070344
v -0.168036 -0.050564 -0.070344
v -0.168036 -0.050564 -0.070344
v -0.168036 -0.050564 -0.070344
v -0.164895 -0.143116 -0.069336
v -0.164895 -0.143116 -0.069336
v -0.164895 -0.143116 -0.070435
v -0.164895 -0.143116 -0.070435
v -0.152940 -0.140036 -0.070537
v -0.152940 -0.140036 -0.070537
v -0.152940 -0.140036 -0.070537
v -0.152940 -0.140036 -0.070537
v -0.164746 -0.141699 -0.069465
v -0.133667 -0.134193 -0.069336
v -0.133667 -0.134193 -0.069336
v -0.174715 -0.140475 -0.069054
v -0.174715 -0.140475 -0.069054
v -0.174715 -0.140475 -0.069054
v -0.175138 -0.140897 -0.069465
v -0.175431 -0.145522 -0.069465
v -0.168446 -0.134128 -0.069465
v -0.175293 -0.134128 -0.070306
v 0.201788 -0.445946 0.070432
v -0.175293 -0.136364 -0.069465
v -0.175293 -0.136364 -0.070306
v -0.126369 -0.134296 -0.069233
v -0.125283 -0.141759 -0.069873
v -0.167137 -0.139462 -0.070306
v -0.167137 -0.139462 -0.070306
v -0.125231 -0.141856 -0.070306
v -0.125165 -0.144526 -0.069336
v -0.133602 -0.140943 -0.070306
v -0.133602 -0.140943 -0.070306
v -0.133602 -0.140943 -0.070306
v -0.133602 -0.140943 -0.069465
v -0.133602 -0.140943 -0.069465
v -0.133602 -0.140943 -0.069465
v -0.133579 -0.140966 -0.070163
v -0.133579 -0.140966 -0.069608
v -0.175161 -0.140920 -0.070163
v -0.133579 -0.134105 -0.070163
v -0.133579 -0.134105 -0.069608
v -0.133602 -0.134128 -0.070306
v -0.135992 -0.145522 -0.070306
v -0.175125 -0.136196 -0.070537
v -0.175125 -0.136196 -0.070537
v -0.175431 -0.143286 -0.070306
v -0.175431 -0.143286 -0.070306
v -0.175431 -0.143286 -0.070306
v -0.175431 -0.143286 -0.069465
v -0.135992 -0.145522 -0.070306
v -0.135992 -0.145522 -0.069465
v -0.145225 -0.145457 -0.069336
v -0.145225 -0.145457 -0.069336
v -0.145225 -0.145457 -0.069336
v -0.145225 -0.145457 -0.069336
v -0.145225 -0.145457 -0.069336
v 0.200262 -0.617462 0.070118
v 0.200262 -0.617462 0.070118
v 0.200262 -0.617462 0.070118
v 0.200262 -0.617462 0.070118
v -0.136312 -0.145354 -0.069233
v -0.136312 -0.145354 -0.069233
v -0.136312 -0.145354 -0.070537
v -0.136312 -0.145354 -0.070537
v -0.136312 -0.145354 -0.069233
v -0.136312 -0.145354 -0.069233
v -0.136312 -0.145354 -0.070537
v -0.136312 -0.145354 -0.070537
v -0.143028 -0.140355 -0.069233
v -0.143028 -0.140355 -0.070537
v -0.143028 -0.140355 -0.070537
v -0.175227 -0.136298 -0.070435
v -0.124055 -0.048087 -0.070007
v -0.140584 -0.140355 -0.069233
v -0.140584 -0.140355 -0.069233
v -0.140584 -0.140355 -0.069233
v -0.140584 -0.140355 -0.069233
v -0.140584 -0.140355 -0.070537
v -0.140584 -0.140355 -0.070537
v -0.153012 -0.140359 -0.070306
v -0.153012 -0.140359 -0.070306
v 0.201399 -0.615670 0.070432
v -0.153012 -0.140359 -0.070306
v -0.153022 -0.140379 -0.070163
v -0.153056 -0.139885 -0.070163
v -0.153056 -0.139885 -0.070163
v -0.153056 -0.139885 -0.070163
v -0.153056 -0.139885 -0.070163
v -0.162703 -0.141721 -0.069608
v -0.162703 -0.141721 -0.070163
v -0.156853 -0.145354 -0.069233
v -0.156853 -0.145354 -0.070537
v -0.157053 -0.145457 -0.069336
v -0.150146 -0.140959 -0.070306
v -0.150169 -0.140981 -0.070163
v -0.150146 -0.140959 -0.070306
v -0.150146 -0.140959 -0.070306
v -0.150146 -0.140959 -0.069465
v -0.147733 -0.145545 -0.070163
v -0.147733 -0.145545 -0.069608
v -0.147755 -0.145522 -0.070306
v -0.147755 -0.145522 -0.070306
v -0.147755 -0.145522 -0.069465
v -0.150146 -0.136302 -0.070306
v -0.166921 -0.137578 -0.070306
v -0.174873 -0.135939 -0.069076
v -0.174873 -0.135939 -0.069076
v -0.174873 -0.135939 -0.069076
v -0.162703 -0.141721 -0.070163
v -0.162726 -0.141699 -0.070306
v -0.162726 -0.141699 -0.070306
v -0.162726 -0.141699 -0.069465
v -0.167159 -0.139439 -0.070163
v -0.167159 -0.139439 -0.069608
v -0.167137 -0.139462 -0.070306
v -0.175161 -0.138638 -0.069608
v -0.150169 -0.145545 -0.070163
v -0.170860 -0.136387 -0.070163
v -0.170860 -0.136387 -0.069608
v -0.175431 -0.143286 -0.069465
v -0.175454 -0.143263 -0.070163
v -0.158843 -0.135754 -0.069099
v -0.170837 -0.136364 -0.070306
v -0.175138 -0.138660 -0.070306
v -0.175161 -0.138638 -0.069608
v -0.175138 -0.138660 -0.070306
v -0.141763 -0.137767 -0.070435
v -0.141763 -0.137767 -0.069336
v -0.141763 -0.137767 -0.069336
v -0.175139 -0.138660 -0.070306
v -0.175139 -0.138660 -0.069465
v -0.175139 -0.138660 -0.069465
v -0.175139 -0.138660 -0.069465
v -0.175139 -0.138660 -0.069465
v -0.170837 -0.140897 -0.070306
v -0.170837 -0.140897 -0.070306
v -0.170837 -0.140897 -0.069465
v 0.201690 -0.446945 0.070432
v -0.168424 -0.145545 -0.070163
v -0.168424 -0.145545 -0.069608
v -0.168446 -0.145522 -0.070306
v -0.168446 -0.145522 -0.070306
v -0.175315 -0.134105 -0.069608
v -0.175293 -0.134128 -0.070306
v -0.175293 -0.134128 -0.069465
v -0.175293 -0.134128 -0.069465
v -0.175293 -0.134128 -0.069465
v -0.128424 -0.134296 -0.069233
v -0.133770 -0.138875 -0.069233
v -0.133770 -0.138875 -0.069233
v -0.153002 -0.044818 -0.070472
v -0.168240 -0.050655 -0.070258
v -0.133579 -0.134105 -0.070163
v -0.136015 -0.145545 -0.070163
v -0.147720 -0.145545 -0.069608
v -0.147720 -0.145545 -0.070163
v -0.132588 -0.046166 -0.069497
v -0.132588 -0.046166 -0.069497
v -0.132588 -0.046166 -0.069497
v -0.143226 -0.140484 -0.070603
v -0.143226 -0.140484 -0.070603
v -0.143226 -0.140484 -0.070603
v -0.136508 -0.145225 -0.069168
v -0.136508 -0.145225 -0.069168
v -0.136508 -0.145225 -0.069168
v -0.163024 -0.145995 -0.069862
v -0.163024 -0.145995 -0.069862
v -0.163024 -0.145995 -0.069862
v -0.175227 -0.136298 -0.070435
v -0.175227 -0.136298 -0.070435
v -0.143028 -0.140355 -0.070537
v -0.125165 -0.141974 -0.069336
v -0.143226 -0.140484 -0.069168
v -0.153087 -0.140141 -0.069233
v 0.200290 -0.449564 0.070432
v -0.125253 -0.144581 -0.070163
v -0.118832 -0.045053 -0.069236
v -0.153056 -0.139885 -0.069608
v -0.153056 -0.139885 -0.069608
v -0.153056 -0.139885 -0.069608
v -0.153056 -0.139885 -0.069608
v -0.153056 -0.139885 -0.069608
v -0.133579 -0.140966 -0.069608
v -0.150169 -0.140981 -0.070163
v -0.150169 -0.140981 -0.069608
v -0.147733 -0.145545 -0.070163
v -0.147733 -0.145545 -0.069608
v -0.137067 -0.047705 -0.068792
v -0.166943 -0.137615 -0.070163
v -0.166943 -0.137615 -0.069608
v -0.166943 -0.137615 -0.070163
v -0.175454 -0.145545 -0.069608
v -0.175454 -0.145545 -0.070163
v -0.164914 -0.143217 -0.069233
v -0.164914 -0.143217 -0.069233
v -0.170669 -0.143454 -0.069233
v -0.170669 -0.143454 -0.069233
v -0.175454 -0.143263 -0.069608
v -0.175454 -0.143263 -0.070163
v -0.168424 -0.145545 -0.070163
v -0.168424 -0.145545 -0.069608
v -0.168424 -0.145545 -0.069608
v -0.133579 -0.145545 -0.069608
v -0.133579 -0.145545 -0.070163
v -0.168614 -0.134296 -0.070537
v -0.168614 -0.134296 -0.069233
v -0.168614 -0.134296 -0.070537
v -0.168036 -0.050564 -0.070344
v -0.168614 -0.134296 -0.069233
v -0.128776 -0.133924 -0.069882
v -0.128776 -0.133924 -0.069882
v -0.128776 -0.133924 -0.069882
v -0.162726 -0.139462 -0.069465
v -0.162726 -0.139462 -0.069465
v -0.128424 -0.134296 -0.070537
v -0.136015 -0.145545 -0.069608
v -0.150027 -0.051652 -0.070344
v -0.150027 -0.051652 -0.069426
v -0.136157 -0.145457 -0.070435
v -0.136157 -0.145457 -0.070435
v -0.136157 -0.145457 -0.070435
v -0.136157 -0.145457 -0.070435
v -0.136157 -0.145457 -0.070435
v -0.136157 -0.145457 -0.070435
v -0.147685 -0.145522 -0.069465
v -0.142870 -0.140252 -0.070435
v -0.153012 -0.140359 -0.069465
v -0.153087 -0.140141 -0.070537
v -0.152862 -0.140139 -0.069168
v -0.152862 -0.140139 -0.069168
v -0.147426 -0.145354 -0.070537
v -0.147426 -0.145354 -0.070537
v -0.157053 -0.145457 -0.070435
v -0.150146 -0.140959 -0.069465
v -0.150146 -0.140959 -0.069465
v -0.150146 -0.140959 -0.069465
v -0.147755 -0.145522 -0.069465
v -0.147755 -0.145522 -0.069465
v -0.150146 -0.136302 -0.069465
v -0.164925 -0.143214 -0.069234
v -0.164925 -0.143214 -0.069234
v -0.164925 -0.143214 -0.069234
v -0.164925 -0.143214 -0.069234
v -0.164925 -0.143214 -0.069234
v -0.164925 -0.143214 -0.069234
v -0.164925 -0.143214 -0.069234
v -0.164925 -0.143214 -0.069234
v -0.164925 -0.143214 -0.069234
v -0.164925 -0.143214 -0.069234
v -0.164925 -0.143214 -0.070537
v -0.164925 -0.143214 -0.070537
v -0.164925 -0.143214 -0.070537
v -0.164925 -0.143214 -0.070537
v -0.164925 -0.143214 -0.070537
v -0.164925 -0.143214 -0.070537
v -0.164925 -0.143214 -0.070537
v -0.164925 -0.143214 -0.070537
v -0.133602 -0.138707 -0.070306
v -0.162726 -0.141699 -0.069465
v -0.162726 -0.141699 -0.069465
v -0.167137 -0.139462 -0.069465
v -0.167137 -0.139462 -0.069465
v -0.175139 -0.138660 -0.069465
v -0.156600 -0.145225 -0.069168
v -0.156600 -0.145225 -0.069168
v -0.156600 -0.145225 -0.069168
v -0.125231 -0.141856 -0.069465
v -0.125231 -0.141856 -0.069465
v -0.125231 -0.141856 -0.069465
v -0.133602 -0.140943 -0.069465
v -0.142769 -0.140187 -0.070306
v -0.147685 -0.145522 -0.069465
v -0.142769 -0.140187 -0.070306
v -0.142769 -0.140187 -0.070306
v -0.140737 -0.140252 -0.070435
v -0.140737 -0.140252 -0.070435
v -0.128424 -0.134295 -0.069233
v -0.168056 -0.050738 -0.070258
v -0.168056 -0.050738 -0.070258
v -0.168056 -0.050738 -0.070258
v -0.168056 -0.050738 -0.070258
v -0.168056 -0.050738 -0.070258
v -0.168056 -0.050738 -0.070258
v -0.168056 -0.050738 -0.069512
v -0.157053 -0.145457 -0.070435
v -0.149733 -0.140546 -0.069055
v -0.166855 -0.137469 -0.069336
v -0.166855 -0.137469 -0.069336
v -0.166855 -0.137469 -0.069336
v -0.166855 -0.137469 -0.069336
v -0.166855 -0.137469 -0.069336
v -0.125123 -0.137663 -0.070306
v -0.125123 -0.137663 -0.069465
v -0.125123 -0.137663 -0.069465
v -0.166733 -0.139867 -0.069027
v -0.174878 -0.134546 -0.069078
v -0.174878 -0.134546 -0.069078
v -0.157226 -0.145545 -0.069608
v -0.157226 -0.145545 -0.070163
v -0.170771 -0.140831 -0.069336
v -0.170771 -0.140831 -0.069336
v -0.152862 -0.140139 -0.070603
v -0.175366 -0.143351 -0.069336
v -0.175366 -0.143351 -0.069336
v -0.175366 -0.143351 -0.069336
v -0.168860 -0.145112 -0.069053
v -0.168860 -0.145112 -0.069053
v -0.133601 -0.138707 -0.070306
v -0.135992 -0.134128 -0.070306
v -0.135992 -0.134128 -0.070306
v -0.135992 -0.134128 -0.070306
v -0.164914 -0.143217 -0.070537
v -0.164914 -0.143217 -0.070537
v -0.164914 -0.143217 -0.070537
v -0.136058 -0.145522 -0.070306
v -0.147426 -0.145354 -0.069233
v -0.147426 -0.145354 -0.069233
v -0.147426 -0.145354 -0.069233
v -0.147755 -0.134128 -0.070306
v -0.164869 -0.143032 -0.069608
v -0.164869 -0.143032 -0.070163
v -0.170837 -0.138660 -0.070306
v -0.170837 -0.138660 -0.070306
v -0.175139 -0.140897 -0.070306
v -0.133770 -0.140775 -0.069233
v -0.133770 -0.140775 -0.069233
v -0.133770 -0.140775 -0.069233
v -0.153759 -0.140204 -0.069870
v -0.152936 -0.140209 -0.069233
v -0.152936 -0.140209 -0.069233
v -0.152936 -0.140209 -0.070537
v -0.147733 -0.134105 -0.070163
v -0.141769 -0.138332 -0.069895
v -0.141769 -0.138332 -0.069895
v -0.141769 -0.138332 -0.069895
v -0.141769 -0.138332 -0.069895
v -0.141769 -0.138332 -0.069895
v -0.164893 -0.143268 -0.068524
v -0.164893 -0.143268 -0.068524
v -0.164893 -0.143268 -0.068524
v -0.164893 -0.143268 -0.068524
v -0.164914 -0.143217 -0.069233
v -0.164914 -0.143217 -0.069233
v -0.164914 -0.143217 -0.069233
v -0.170771 -0.138726 -0.069336
v -0.170771 -0.138726 -0.069336
v -0.170771 -0.138726 -0.069336
v -0.170771 -0.138726 -0.069336
v -0.168446 -0.145522 -0.070306
v -0.170669 -0.136196 -0.069233
v -0.174970 -0.138828 -0.069233
v -0.174970 -0.138828 -0.069233
v -0.170669 -0.140729 -0.069233
v -0.170669 -0.140729 -0.069233
v -0.175263 -0.143454 -0.069233
v -0.146375 -0.047906 -0.070163
v -0.146375 -0.047906 -0.069608
v -0.146375 -0.047906 -0.070163
v -0.164914 -0.143217 -0.070537
v -0.164914 -0.143217 -0.070537
v -0.164914 -0.143217 -0.070537
v -0.164914 -0.143217 -0.070537
v -0.146375 -0.047906 -0.069608
v -0.146375 -0.047906 -0.069608
v -0.146375 -0.047906 -0.070163
v -0.146375 -0.047906 -0.070163
v -0.146375 -0.047906 -0.070163
v -0.150146 -0.136302 -0.070306
v -0.134953 -0.053353 -0.068927
v -0.134953 -0.053353 -0.068927
v -0.137974 -0.044828 -0.069426
v -0.138075 -0.044896 -0.070412
v -0.142753 -0.051653 -0.070344
v -0.164812 -0.143142 -0.069336
v -0.142753 -0.051653 -0.070344
v -0.142753 -0.051836 -0.069358
v -0.142753 -0.051836 -0.070412
v -0.150027 -0.051534 -0.069512
v -0.133770 -0.138875 -0.069233
v -0.133770 -0.138875 -0.069233
v -0.133770 -0.138875 -0.069233
v -0.150027 -0.051534 -0.069512
v -0.150027 -0.051534 -0.069512
v -0.150027 -0.051493 -0.069608
v -0.168056 -0.050738 -0.070258
v -0.168152 -0.050646 -0.070344
v -0.168152 -0.050646 -0.070344
v -0.167995 -0.050618 -0.069358
v -0.167995 -0.050618 -0.069358
v -0.167995 -0.050618 -0.069358
v -0.140835 -0.140187 -0.070306
v -0.140835 -0.140187 -0.070306
v -0.140835 -0.140187 -0.070306
v -0.140835 -0.140187 -0.070306
v -0.140835 -0.140187 -0.070306
v -0.167995 -0.050618 -0.070412
v -0.167995 -0.050618 -0.070412
v -0.167995 -0.050618 -0.070412
v -0.167995 -0.050618 -0.070412
v -0.167995 -0.050618 -0.070412
v -0.167995 -0.050618 -0.070412
v -0.167995 -0.050618 -0.070412
v -0.167995 -0.050618 -0.070412
v -0.167995 -0.050618 -0.070412
v -0.167995 -0.050618 -0.070412
v -0.156853 -0.145354 -0.069233
v -0.156853 -0.145354 -0.069233
v -0.156853 -0.145354 -0.069233
v -0.156853 -0.145354 -0.069233
v -0.156853 -0.145354 -0.070537
v -0.168072 -0.050517 -0.069608
v -0.168063 -0.050529 -0.070258
v -0.168063 -0.050529 -0.070258
v -0.168063 -0.050529 -0.069512
v -0.168063 -0.050529 -0.069512
v -0.168072 -0.050517 -0.070163
v -0.168063 -0.050529 -0.070258
v -0.170860 -0.140920 -0.070163
v -0.170860 -0.140920 -0.069608
v -0.146375 -0.047748 -0.069426
v -0.146375 -0.047748 -0.069426
v -0.135992 -0.145522 -0.070306
v -0.135992 -0.145522 -0.069465
v -0.135992 -0.145522 -0.069465
v -0.146375 -0.047748 -0.069426
v -0.146375 -0.047748 -0.069426
v -0.146375 -0.047748 -0.069426
v -0.137909 -0.044784 -0.069512
v -0.142753 -0.051653 -0.069426
v -0.142753 -0.051653 -0.069426
v -0.142753 -0.051653 -0.069426
v -0.142753 -0.051653 -0.070344
v -0.208756 -0.126617 -0.026404
v -0.208756 -0.126617 -0.026404
v -0.208756 -0.126617 -0.026404
v -0.208756 -0.126617 -0.026404
v -0.208756 -0.126617 -0.026404
v -0.208756 -0.126617 -0.026404
v -0.208756 -0.126617 0.026797
v -0.208756 -0.126617 0.026797
v -0.208756 -0.126617 0.026797
v -0.208756 -0.126617 0.026797
v -0.208756 -0.126617 0.026797
v -0.208756 -0.126617 0.026797
v -0.208756 -0.126617 0.026797
v -0.208756 -0.126617 0.026797
v -0.208756 -0.126617 0.026797
v -0.208756 -0.126617 0.026797
v -0.208756 -0.126617 0.026797
v -0.208756 -0.126617 0.026797
v -0.208756 -0.126617 0.026797
v -0.208756 -0.126617 0.026797
v -0.208756 -0.126617 0.026797
v -0.208756 -0.126617 0.026797
v -0.208756 -0.126617 0.026797
v -0.208756 -0.126617 0.026797
v -0.208756 -0.126617 0.026797
v -0.249157 -0.026658 -0.026404
v -0.249157 -0.026658 -0.026404
v -0.249157 -0.026658 -0.026404
v -0.249157 -0.026658 -0.026404
v -0.249157 -0.026658 -0.026404
v -0.249157 -0.026658 -0.026404
v -0.249157 -0.026658 -0.026404
v -0.249157 -0.026658 -0.026404
v -0.249157 -0.026658 -0.026404
v -0.228204 -0.126617 0.026797
v -0.228204 -0.126617 0.026797
v -0.228204 -0.126617 0.026797
v -0.228204 -0.126617 0.026797
v -0.228204 -0.126617 0.026797
v -0.228204 -0.126617 0.026797
v -0.228204 -0.126617 0.026797
v -0.228204 -0.126617 0.026797
v -0.228204 -0.126617 0.026797
v -0.228204 -0.126617 0.026797
v -0.228204 -0.126617 0.026797
v -0.228204 -0.126617 0.026797
v -0.249157 -0.026658 0.026797
v -0.249157 -0.026658 0.026797
v -0.249157 -0.026658 0.026797
v -0.249157 -0.026658 0.026797
v -0.249157 -0.026658 0.026797
v -0.249157 -0.026658 0.026797
v -0.249157 -0.026658 0.026797
v -0.249157 -0.026658 0.026797
v -0.249157 -0.026658 0.026797
v -0.249157 -0.026658 0.026797
v -0.249157 -0.026658 0.026797
v -0.249157 -0.026658 0.026797
v -0.249157 -0.026658 0.026797
v 0.243258 -0.029266 -0.028432
v 0.243258 -0.029511 -0.025945
v 0.243258 -0.029266 -0.028432
v 0.243258 -0.029511 -0.025945
v 0.243258 -0.029266 -0.028432
v 0.243258 -0.029266 -0.028432
v 0.243258 -0.029511 -0.025945
v 0.243258 -0.029266 -0.028432
v 0.243258 -0.029511 -0.025945
v 0.243258 -0.029266 -0.023458
v 0.243258 -0.029511 -0.025945
v 0.243258 -0.029266 -0.023458
v 0.243258 -0.028540 -0.021066
v 0.243258 -0.029266 -0.023458
v 0.243258 -0.028540 -0.021066
v 0.243258 -0.029266 -0.023458
v 0.243251 -0.023169 -0.014002
v 0.243258 -0.028540 -0.021066
v 0.243251 -0.023169 -0.014002
v 0.243258 -0.028540 -0.021066
v 0.249046 -0.059090 -0.000165
v 0.249052 -0.056204 -0.002430
v 0.249046 -0.059090 -0.000165
v 0.249046 -0.059090 -0.000165
v 0.249052 -0.056204 -0.002430
v 0.249046 -0.059090 -0.000165
v 0.249046 -0.060676 0.001767
v 0.249046 -0.060676 0.001767
v 0.249046 -0.060676 0.001767
v 0.249046 -0.060676 0.001767
v 0.243258 -0.060676 0.001767
v 0.243258 -0.061854 0.003971
v 0.243258 -0.060676 0.001767
v 0.243258 -0.060676 0.001767
v 0.249046 -0.061854 0.003971
v 0.249046 -0.061854 0.003971
v 0.249046 -0.061854 0.003971
v 0.249046 -0.060676 0.001767
v 0.249046 -0.061854 0.003971
v 0.249046 -0.061854 0.003971
v 0.249046 -0.061854 0.003971
v 0.243258 -0.061854 0.003971
v 0.243258 -0.062579 0.006362
v 0.243258 -0.062579 0.006362
v 0.243258 -0.061854 0.003971
v 0.249046 -0.062579 0.006362
v 0.249046 -0.062579 0.006362
v 0.249046 -0.062579 0.006362
v 0.249046 -0.062579 0.006362
v 0.243258 -0.062824 0.008849
v 0.243258 -0.062579 0.006362
v 0.243258 -0.062579 0.006362
v 0.243258 -0.062824 0.008849
v 0.243258 -0.062579 0.006362
v 0.249046 -0.062824 0.008849
v 0.249046 -0.062824 0.008849
v 0.249046 -0.062824 0.008849
v 0.249046 -0.062824 0.008849
v 0.243258 -0.062579 0.011336
v 0.243258 -0.062824 0.008849
v 0.249046 -0.062579 0.011336
v 0.249046 -0.062579 0.011336
v 0.249046 -0.062579 0.011336
v 0.249046 -0.062579 0.011336
v 0.243258 -0.061854 0.013727
v 0.243258 -0.062579 0.011336
v 0.243258 -0.062579 0.011336
v 0.243258 -0.061854 0.013727
v 0.243258 -0.062579 0.011336
v 0.243258 -0.061854 0.013727
v 0.243258 -0.062579 0.011336
v 0.249046 -0.061854 0.013727
v 0.249046 -0.061854 0.013727
v 0.249046 -0.061854 0.013727
v 0.249046 -0.062579 0.011336
v 0.249046 -0.061854 0.013727
v 0.243258 -0.060676 0.015931
v 0.243258 -0.061854 0.013727
v 0.243258 -0.060676 0.015931
v 0.243258 -0.061854 0.013727
v 0.243258 -0.060676 0.015931
v 0.243258 -0.061854 0.013727
v 0.249046 -0.060676 0.015931
v 0.249046 -0.060676 0.015931
v 0.249046 -0.060676 0.015931
v 0.243258 -0.059090 0.017863
v 0.243258 -0.060676 0.015931
v 0.243258 -0.060676 0.015931
v 0.243258 -0.059090 0.017863
v 0.243258 -0.060676 0.015931
v 0.243246 -0.055263 0.020657
v 0.243258 -0.059090 0.017863
v 0.243258 -0.059090 0.017863
v 0.243246 -0.055263 0.020657
v 0.249046 -0.041062 0.017863
v 0.249066 -0.045982 0.021226
v 0.249046 -0.041062 0.017863
v 0.249066 -0.045982 0.021226
v 0.249046 -0.041062 0.017863
v 0.249046 -0.041062 0.017863
v 0.249046 -0.039477 0.015931
v 0.249046 -0.039477 0.015931
v 0.249046 -0.039477 0.015931
v 0.249046 -0.039477 0.015931
v 0.249046 -0.039477 0.015931
v 0.243258 -0.039477 0.015931
v 0.243258 -0.038299 0.013727
v 0.243258 -0.039477 0.015931
v 0.243258 -0.038299 0.013727
v 0.243258 -0.039477 0.015931
v 0.249046 -0.038299 0.013727
v 0.249046 -0.038299 0.013727
v 0.249046 -0.038299 0.013727
v 0.249046 -0.039477 0.015931
v 0.249046 -0.038299 0.013727
v 0.249046 -0.038299 0.013727
v 0.249046 -0.038299 0.013727
v 0.243258 -0.037573 0.011336
v 0.243258 -0.038299 0.013727
v 0.243258 -0.037573 0.011336
v 0.243258 -0.038299 0.013727
v 0.249046 -0.037573 0.011336
v 0.249046 -0.037573 0.011336
v 0.249046 -0.037573 0.011336
v 0.249046 -0.037573 0.011336
v 0.243258 -0.037328 0.008849
v 0.243258 -0.037573 0.011336
v 0.243258 -0.037573 0.011336
v 0.243258 -0.037328 0.008849
v 0.243258 -0.037573 0.011336
v 0.249046 -0.037328 0.008849
v 0.249046 -0.037328 0.008849
v 0.249046 -0.037328 0.008849
v 0.249046 -0.037328 0.008849
v 0.243258 -0.037328 0.008849
v 0.243258 -0.037573 0.006362
v 0.243258 -0.037573 0.006362
v 0.243258 -0.037328 0.008849
v 0.249046 -0.037573 0.006362
v 0.249046 -0.037573 0.006362
v 0.249046 -0.037573 0.006362
v 0.249046 -0.037573 0.006362
v 0.243258 -0.037573 0.006362
v 0.243258 -0.038299 0.003971
v 0.243258 -0.037573 0.006362
v 0.243258 -0.038299 0.003971
v 0.243258 -0.038299 0.003971
v 0.243258 -0.037573 0.006362
v 0.249046 -0.038299 0.003971
v 0.249046 -0.038299 0.003971
v 0.249046 -0.038299 0.003971
v 0.249046 -0.037573 0.006362
v 0.249046 -0.038299 0.003971
v 0.243258 -0.039477 0.001767
v 0.243258 -0.038299 0.003971
v 0.243258 -0.039477 0.001767
v 0.243258 -0.038299 0.003971
v 0.243258 -0.039477 0.001767
v 0.243258 -0.038299 0.003971
v 0.249046 -0.039477 0.001767
v 0.249046 -0.039477 0.001767
v 0.249046 -0.039477 0.001767
v 0.243258 -0.041062 -0.000165
v 0.243258 -0.039477 0.001767
v 0.243258 -0.039477 0.001767
v 0.243258 -0.041062 -0.000165
v 0.243258 -0.039477 0.001767
v 0.243236 -0.047586 -0.004242
v 0.243258 -0.041062 -0.000165
v 0.243258 -0.041062 -0.000165
v 0.243236 -0.047586 -0.004242
v 0.249046 -0.077055 -0.050463
v 0.249023 -0.072375 -0.053864
v 0.249046 -0.077055 -0.050463
v 0.249046 -0.077055 -0.050463
v 0.249023 -0.072375 -0.053864
v 0.249046 -0.077055 -0.050463
v 0.249046 -0.078640 -0.048531
v 0.249046 -0.078640 -0.048531
v 0.249046 -0.078640 -0.048531
v 0.249046 -0.078640 -0.048531
v 0.243258 -0.079818 -0.046327
v 0.243258 -0.078640 -0.048531
v 0.243258 -0.078640 -0.048531
v 0.243258 -0.079818 -0.046327
v 0.243258 -0.078640 -0.048531
v 0.249046 -0.079818 -0.046327
v 0.249046 -0.079818 -0.046327
v 0.249046 -0.079818 -0.046327
v 0.249046 -0.078640 -0.048531
v 0.249046 -0.079818 -0.046327
v 0.249046 -0.079818 -0.046327
v 0.249046 -0.079818 -0.046327
v 0.243258 -0.080544 -0.043936
v 0.243258 -0.080544 -0.043936
v 0.243258 -0.079818 -0.046327
v 0.249046 -0.080544 -0.043936
v 0.249046 -0.080544 -0.043936
v 0.249046 -0.080544 -0.043936
v 0.249046 -0.080544 -0.043936
v 0.249046 -0.080544 -0.043936
v 0.243258 -0.080789 -0.041449
v 0.243258 -0.080544 -0.043936
v 0.243258 -0.080544 -0.043936
v 0.243258 -0.080789 -0.041449
v 0.243258 -0.080544 -0.043936
v 0.249046 -0.080789 -0.041449
v 0.249046 -0.080789 -0.041449
v 0.249046 -0.080789 -0.041449
v 0.249046 -0.080789 -0.041449
v 0.243258 -0.080789 -0.041449
v 0.243258 -0.080544 -0.038962
v 0.243258 -0.080544 -0.038962
v 0.243258 -0.080789 -0.041449
v 0.249046 -0.080544 -0.038962
v 0.249046 -0.080544 -0.038962
v 0.249046 -0.080789 -0.041449
v 0.249046 -0.080544 -0.038962
v 0.249046 -0.080544 -0.038962
v 0.249046 -0.080544 -0.038962
v 0.243258 -0.080544 -0.038962
v 0.243256 -0.078915 -0.034386
v 0.243258 -0.080544 -0.038962
v 0.243256 -0.078915 -0.034386
v 0.243258 -0.080544 -0.038962
v 0.249046 -0.055538 -0.038962
v 0.249069 -0.057415 -0.033717
v 0.249046 -0.055538 -0.038962
v 0.249046 -0.055538 -0.038962
v 0.249069 -0.057415 -0.033717
v 0.249046 -0.055538 -0.038962
v 0.249046 -0.055538 -0.038962
v 0.243258 -0.055538 -0.038962
v 0.243258 -0.055293 -0.041449
v 0.243258 -0.055538 -0.038962
v 0.243258 -0.055293 -0.041449
v 0.243258 -0.055538 -0.038962
v 0.243258 -0.055538 -0.038962
v 0.243258 -0.055293 -0.041449
v 0.243258 -0.055538 -0.038962
v 0.249046 -0.055293 -0.041449
v 0.249046 -0.055293 -0.041449
v 0.249046 -0.055293 -0.041449
v 0.249046 -0.055293 -0.041449
v 0.243258 -0.055293 -0.041449
v 0.243258 -0.055538 -0.043936
v 0.243258 -0.055538 -0.043936
v 0.243258 -0.055293 -0.041449
v 0.249046 -0.055538 -0.043936
v 0.249046 -0.055538 -0.043936
v 0.249046 -0.055538 -0.043936
v 0.249046 -0.055538 -0.043936
v 0.243258 -0.056263 -0.046327
v 0.243258 -0.055538 -0.043936
v 0.243258 -0.055538 -0.043936
v 0.243258 -0.056263 -0.046327
v 0.243258 -0.056263 -0.046327
v 0.243258 -0.055538 -0.043936
v 0.249046 -0.056263 -0.046327
v 0.249046 -0.056263 -0.046327
v 0.249046 -0.056263 -0.046327
v 0.249046 -0.055538 -0.043936
v 0.249046 -0.056263 -0.046327
v 0.243258 -0.057441 -0.048531
v 0.243258 -0.057441 -0.048531
v 0.243258 -0.056263 -0.046327
v 0.243258 -0.057441 -0.048531
v 0.243258 -0.056263 -0.046327
v 0.249046 -0.057441 -0.048531
v 0.249046 -0.057441 -0.048531
v 0.249046 -0.057441 -0.048531
v 0.243258 -0.059027 -0.050463
v 0.243258 -0.057441 -0.048531
v 0.243258 -0.059027 -0.050463
v 0.243258 -0.057441 -0.048531
v 0.243253 -0.063909 -0.053819
v 0.243258 -0.059027 -0.050463
v 0.243258 -0.059027 -0.050463
v 0.243253 -0.063909 -0.053819
v 0.249061 -0.119245 -0.032961
v 0.249046 -0.120940 -0.028432
v 0.249046 -0.120940 -0.028432
v 0.249046 -0.120940 -0.028432
v 0.249046 -0.120940 -0.028432
v 0.243258 -0.121185 -0.025945
v 0.243258 -0.120940 -0.028432
v 0.243258 -0.120940 -0.028432
v 0.243258 -0.121185 -0.025945
v 0.243258 -0.120940 -0.028432
v 0.243258 -0.121185 -0.025945
v 0.243258 -0.120940 -0.028432
v 0.243258 -0.120940 -0.028432
v 0.243258 -0.121185 -0.025945
v 0.243258 -0.120940 -0.028432
v 0.243258 -0.121185 -0.025945
v 0.243258 -0.120940 -0.028432
v 0.243258 -0.121185 -0.025945
v 0.243258 -0.120940 -0.028432
v 0.249046 -0.121185 -0.025945
v 0.249046 -0.121185 -0.025945
v 0.249046 -0.121185 -0.025945
v 0.243258 -0.120940 -0.023458
v 0.243258 -0.121185 -0.025945
v 0.243258 -0.120940 -0.023458
v 0.243258 -0.120940 -0.023458
v 0.243258 -0.121185 -0.025945
v 0.243258 -0.120940 -0.023458
v 0.249046 -0.120940 -0.023458
v 0.249046 -0.120940 -0.023458
v 0.249046 -0.120940 -0.023458
v 0.249046 -0.120940 -0.023458
v 0.243258 -0.120215 -0.021066
v 0.243258 -0.120940 -0.023458
v 0.243258 -0.120215 -0.021066
v 0.243258 -0.120940 -0.023458
v 0.243258 -0.120215 -0.021066
v 0.243258 -0.120940 -0.023458
v 0.243258 -0.120215 -0.021066
v 0.243258 -0.120940 -0.023458
v 0.249046 -0.120215 -0.021066
v 0.249046 -0.120215 -0.021066
v 0.249046 -0.120215 -0.021066
v 0.243256 -0.117910 -0.017154
v 0.243258 -0.120215 -0.021066
v 0.243258 -0.120215 -0.021066
v 0.243256 -0.117910 -0.017154
v 0.243258 -0.120215 -0.021066
v 0.249105 -0.101503 -0.014470
v 0.249046 -0.096660 -0.021066
v 0.249046 -0.096660 -0.021066
v 0.249046 -0.096660 -0.021066
v 0.249105 -0.101503 -0.014470
v 0.249046 -0.096660 -0.021066
v 0.249046 -0.095934 -0.023458
v 0.249046 -0.095934 -0.023458
v 0.249046 -0.095934 -0.023458
v 0.249046 -0.095934 -0.023458
v 0.249046 -0.095689 -0.025945
v 0.249046 -0.095689 -0.025945
v 0.249046 -0.095689 -0.025945
v 0.249046 -0.095689 -0.025945
v 0.249046 -0.095934 -0.028432
v 0.249046 -0.095934 -0.028432
v 0.249046 -0.095689 -0.025945
v 0.249046 -0.095934 -0.028432
v 0.249046 -0.095934 -0.028432
v 0.249046 -0.095934 -0.028432
v 0.249046 -0.148833 -0.001750
v 0.249156 -0.142033 -0.004385
v 0.249046 -0.148833 -0.001750
v 0.249046 -0.148833 -0.001750
v 0.243258 -0.148833 -0.001750
v 0.243258 -0.150765 -0.000165
v 0.243258 -0.148833 -0.001750
v 0.243258 -0.150765 -0.000165
v 0.243258 -0.148833 -0.001750
v 0.243258 -0.148833 -0.001750
v 0.249046 -0.150765 -0.000165
v 0.249046 -0.150765 -0.000165
v 0.243258 -0.150765 -0.000165
v 0.243258 -0.152350 0.001767
v 0.249046 -0.152350 0.001767
v 0.249046 -0.152350 0.001767
v 0.249046 -0.152350 0.001767
v 0.249046 -0.150765 -0.000165
v 0.249046 -0.152350 0.001767
v 0.243258 -0.152350 0.001767
v 0.243258 -0.153528 0.003971
v 0.243258 -0.152350 0.001767
v 0.243258 -0.153528 0.003971
v 0.243258 -0.152350 0.001767
v 0.249046 -0.152350 0.001767
v 0.249046 -0.153528 0.003971
v 0.249046 -0.153528 0.003971
v 0.249046 -0.153528 0.003971
v 0.249046 -0.153528 0.003971
v 0.249046 -0.153528 0.003971
v 0.249046 -0.153528 0.003971
v 0.249046 -0.153528 0.003971
v 0.249046 -0.153528 0.003971
v 0.243258 -0.154254 0.006362
v 0.243258 -0.153528 0.003971
v 0.243258 -0.153528 0.003971
v 0.243258 -0.154254 0.006362
v 0.243258 -0.153528 0.003971
v 0.243258 -0.153528 0.003971
v 0.243258 -0.154254 0.006362
v 0.243258 -0.154254 0.006362
v 0.243258 -0.153528 0.003971
v 0.243258 -0.154254 0.006362
v 0.249046 -0.154254 0.006362
v 0.249046 -0.154254 0.006362
v 0.249046 -0.154254 0.006362
v 0.249046 -0.154254 0.006362
v 0.249046 -0.154254 0.006362
v 0.249046 -0.154254 0.006362
v 0.243258 -0.154499 0.008849
v 0.243258 -0.154254 0.006362
v 0.243258 -0.154499 0.008849
v 0.243258 -0.154254 0.006362
v 0.243258 -0.154499 0.008849
v 0.243258 -0.154254 0.006362
v 0.243258 -0.154499 0.008849
v 0.249046 -0.154499 0.008849
v 0.249046 -0.154499 0.008849
v 0.249046 -0.154499 0.008849
v 0.249046 -0.154499 0.008849
v 0.249046 -0.154499 0.008849
v 0.249046 -0.154499 0.008849
v 0.243258 -0.154254 0.011336
v 0.243258 -0.154499 0.008849
v 0.243258 -0.154499 0.008849
v 0.243258 -0.154254 0.011336
v 0.243258 -0.154254 0.011336
v 0.243258 -0.154499 0.008849
v 0.243258 -0.154499 0.008849
v 0.243258 -0.154254 0.011336
v 0.249046 -0.154254 0.011336
v 0.249046 -0.154254 0.011336
v 0.249046 -0.154254 0.011336
v 0.249046 -0.154254 0.011336
v 0.249046 -0.154254 0.011336
v 0.249046 -0.154254 0.011336
v 0.243258 -0.153528 0.013727
v 0.243258 -0.154254 0.011336
v 0.243258 -0.154254 0.011336
v 0.243258 -0.153528 0.013727
v 0.243258 -0.154254 0.011336
v 0.243258 -0.153528 0.013727
v 0.243258 -0.154254 0.011336
v 0.243258 -0.153528 0.013727
v 0.249046 -0.153528 0.013727
v 0.249046 -0.153528 0.013727
v 0.249046 -0.153528 0.013727
v 0.249046 -0.153528 0.013727
v 0.249046 -0.153528 0.013727
v 0.249046 -0.153528 0.013727
v 0.243258 -0.152350 0.015931
v 0.243258 -0.153528 0.013727
v 0.243258 -0.153528 0.013727
v 0.243258 -0.152350 0.015931
v 0.243258 -0.152350 0.015931
v 0.243258 -0.153528 0.013727
v 0.249046 -0.152350 0.015931
v 0.249046 -0.152350 0.015931
v 0.249046 -0.152350 0.015931
v 0.249046 -0.152350 0.015931
v 0.243258 -0.152350 0.015931
v 0.243258 -0.150765 0.017863
v 0.243258 -0.150765 0.017863
v 0.243258 -0.152350 0.015931
v 0.249046 -0.150765 0.017863
v 0.249046 -0.150765 0.017863
v 0.243258 -0.150765 0.017863
v 0.243258 -0.148833 0.019448
v 0.249046 -0.148833 0.019448
v 0.249046 -0.148833 0.019448
v 0.249046 -0.148833 0.019448
v 0.249046 -0.150765 0.017863
v 0.249046 -0.148833 0.019448
v 0.243138 -0.141241 0.022101
v 0.243258 -0.148833 0.019448
v 0.243258 -0.148833 0.019448
v 0.249046 -0.134668 0.019448
v 0.249157 -0.142036 0.022060
v 0.249046 -0.134668 0.019448
v 0.249046 -0.134668 0.019448
v 0.243258 -0.134668 0.019449
v 0.243258 -0.132737 0.017863
v 0.243258 -0.134668 0.019448
v 0.243258 -0.134668 0.019448
v 0.243258 -0.132737 0.017863
v 0.243258 -0.134668 0.019448
v 0.249046 -0.132737 0.017863
v 0.249046 -0.132737 0.017863
v 0.243258 -0.132737 0.017863
v 0.243258 -0.131151 0.015931
v 0.249046 -0.131151 0.015931
v 0.249046 -0.131151 0.015931
v 0.249046 -0.131151 0.015931
v 0.249046 -0.132737 0.017863
v 0.249046 -0.131151 0.015931
v 0.243258 -0.129973 0.013727
v 0.243258 -0.131151 0.015931
v 0.243258 -0.131151 0.015931
v 0.243258 -0.129973 0.013727
v 0.243258 -0.131151 0.015931
v 0.249046 -0.129973 0.013727
v 0.249046 -0.131151 0.015931
v 0.249046 -0.129973 0.013727
v 0.249046 -0.129973 0.013727
v 0.249046 -0.129973 0.013727
v 0.249046 -0.129973 0.013727
v 0.249046 -0.129973 0.013727
v 0.249046 -0.129973 0.013727
v 0.243258 -0.129248 0.011336
v 0.243258 -0.129973 0.013727
v 0.243258 -0.129973 0.013727
v 0.243258 -0.129248 0.011336
v 0.243258 -0.129973 0.013727
v 0.243258 -0.129248 0.011336
v 0.243258 -0.129973 0.013727
v 0.243258 -0.129248 0.011336
v 0.243258 -0.129973 0.013727
v 0.243258 -0.129248 0.011336
v 0.249046 -0.129248 0.011336
v 0.249046 -0.129248 0.011336
v 0.249046 -0.129248 0.011336
v 0.249046 -0.129248 0.011336
v 0.249046 -0.129248 0.011336
v 0.249046 -0.129248 0.011336
v 0.243258 -0.129003 0.008849
v 0.243258 -0.129248 0.011336
v 0.243258 -0.129003 0.008849
v 0.243258 -0.129248 0.011336
v 0.243258 -0.129248 0.011336
v 0.243258 -0.129003 0.008849
v 0.243258 -0.129003 0.008849
v 0.249046 -0.129003 0.008849
v 0.249046 -0.129003 0.008849
v 0.249046 -0.129003 0.008849
v 0.249046 -0.129003 0.008849
v 0.249046 -0.129003 0.008849
v 0.249046 -0.129003 0.008849
v 0.243258 -0.129248 0.006362
v 0.243258 -0.129003 0.008849
v 0.243258 -0.129003 0.008849
v 0.243258 -0.129248 0.006362
v 0.243258 -0.129003 0.008849
v 0.243258 -0.129248 0.006362
v 0.243258 -0.129003 0.008849
v 0.243258 -0.129248 0.006362
v 0.249046 -0.129248 0.006362
v 0.249046 -0.129248 0.006362
v 0.249046 -0.129248 0.006362
v 0.249046 -0.129248 0.006362
v 0.249046 -0.129248 0.006362
v 0.243258 -0.129973 0.003971
v 0.243258 -0.129248 0.006362
v 0.243258 -0.129248 0.006362
v 0.243258 -0.129973 0.003971
v 0.243258 -0.129248 0.006362
v 0.243258 -0.129973 0.003971
v 0.243258 -0.129248 0.006362
v 0.243258 -0.129973 0.003971
v 0.249046 -0.129248 0.006362
v 0.249046 -0.129973 0.003971
v 0.249046 -0.129973 0.003971
v 0.249046 -0.129973 0.003971
v 0.249046 -0.129973 0.003971
v 0.249046 -0.129973 0.003971
v 0.249046 -0.129973 0.003971
v 0.249046 -0.129973 0.003971
v 0.243258 -0.131151 0.001767
v 0.243258 -0.129973 0.003971
v 0.243258 -0.129973 0.003971
v 0.243258 -0.129973 0.003971
v 0.243258 -0.131151 0.001767
v 0.243258 -0.131151 0.001767
v 0.243258 -0.129973 0.003971
v 0.249046 -0.131151 0.001767
v 0.249046 -0.131151 0.001767
v 0.249046 -0.131151 0.001767
v 0.249046 -0.131151 0.001767
v 0.243258 -0.132737 -0.000165
v 0.243258 -0.131151 0.001767
v 0.243258 -0.132737 -0.000165
v 0.243258 -0.131151 0.001767
v 0.249046 -0.132737 -0.000165
v 0.249046 -0.132737 -0.000165
v 0.243258 -0.134668 -0.001750
v 0.249046 -0.134668 -0.001750
v 0.249046 -0.134668 -0.001750
v 0.249046 -0.132737 -0.000165
v 0.249046 -0.134668 -0.001750
v 0.249046 -0.132737 -0.000165
v 0.249046 -0.134668 -0.001750
v 0.243146 -0.141342 -0.004412
v 0.243258 -0.134668 -0.001750
v 0.243258 -0.134668 -0.001750
v 0.249046 -0.170315 -0.048531
v 0.249053 -0.167126 -0.052007
v 0.249046 -0.170315 -0.048531
v 0.249046 -0.170315 -0.048531
v 0.243258 -0.170315 -0.048531
v 0.243258 -0.171493 -0.046327
v 0.243258 -0.170315 -0.048531
v 0.243258 -0.171493 -0.046327
v 0.243258 -0.170315 -0.048531
v 0.249046 -0.171493 -0.046327
v 0.249046 -0.171493 -0.046327
v 0.249046 -0.171493 -0.046327
v 0.249046 -0.171493 -0.046327
v 0.243258 -0.171493 -0.046327
v 0.243258 -0.172218 -0.043936
v 0.243258 -0.172218 -0.043936
v 0.243258 -0.171493 -0.046327
v 0.249046 -0.172218 -0.043936
v 0.249046 -0.172218 -0.043936
v 0.249046 -0.172218 -0.043936
v 0.249046 -0.172218 -0.043936
v 0.243258 -0.172463 -0.041449
v 0.243258 -0.172218 -0.043936
v 0.243258 -0.172463 -0.041449
v 0.249046 -0.172463 -0.041449
v 0.249046 -0.172463 -0.041449
v 0.243258 -0.172218 -0.038962
v 0.243258 -0.172463 -0.041449
v 0.243258 -0.172463 -0.041449
v 0.243258 -0.172218 -0.038962
v 0.249046 -0.172463 -0.041449
v 0.249046 -0.172218 -0.038962
v 0.249046 -0.172218 -0.038962
v 0.249046 -0.172218 -0.038962
v 0.249046 -0.172218 -0.038962
v 0.243166 -0.169017 -0.031963
v 0.243258 -0.172218 -0.038962
v 0.249046 -0.147212 -0.038962
v 0.249118 -0.150370 -0.031544
v 0.249046 -0.147212 -0.038962
v 0.249046 -0.147212 -0.038962
v 0.249046 -0.147212 -0.038962
v 0.243258 -0.146967 -0.041449
v 0.243258 -0.147212 -0.038962
v 0.243258 -0.147212 -0.038962
v 0.243258 -0.146967 -0.041449
v 0.243258 -0.147212 -0.038962
v 0.243258 -0.146967 -0.041449
v 0.243258 -0.147212 -0.038962
v 0.249046 -0.146967 -0.041449
v 0.249046 -0.146967 -0.041449
v 0.243258 -0.147212 -0.043936
v 0.243258 -0.147212 -0.043936
v 0.249046 -0.146967 -0.041449
v 0.249046 -0.147212 -0.043936
v 0.249046 -0.147212 -0.043936
v 0.249046 -0.147212 -0.043936
v 0.249046 -0.147212 -0.043936
v 0.243258 -0.147212 -0.043936
v 0.243258 -0.147938 -0.046327
v 0.243258 -0.147212 -0.043936
v 0.243258 -0.147938 -0.046327
v 0.249046 -0.147938 -0.046327
v 0.249046 -0.147938 -0.046327
v 0.249046 -0.147938 -0.046327
v 0.249046 -0.147938 -0.046327
v 0.243258 -0.149116 -0.048531
v 0.243258 -0.147938 -0.046327
v 0.243258 -0.149116 -0.048531
v 0.243258 -0.147938 -0.046327
v 0.249046 -0.149116 -0.048531
v 0.249046 -0.149116 -0.048531
v 0.243192 -0.154479 -0.053818
v 0.243258 -0.149116 -0.048531
v 0.243258 -0.149116 -0.048531
v -0.208756 -0.126617 -0.026404
v -0.227733 -0.126630 -0.026337
v -0.208756 -0.126617 -0.026404
v -0.229082 -0.026658 -0.026404
v -0.249157 -0.026658 -0.026404
v -0.208756 -0.076637 -0.026404
v -0.249157 -0.026658 -0.026404
v -0.208756 -0.126617 -0.026404
v -0.208756 -0.126617 0.026797
v -0.208756 -0.126617 0.026797
v -0.208756 -0.126617 0.026797
v -0.249157 -0.026658 -0.026404
v -0.249157 -0.026658 -0.026404
v -0.249157 -0.026658 -0.026404
v -0.228204 -0.126617 0.026797
v -0.228204 -0.126617 0.026797
v -0.249157 -0.026658 0.026797
v -0.249157 -0.026658 0.026797
v -0.249157 -0.026658 0.026797
v 0.243254 -0.028127 -0.031915
v 0.243254 -0.028127 -0.031915
v 0.243250 -0.057596 -0.001651
v 0.243258 -0.061854 0.003971
v 0.243258 -0.062824 0.008849
v 0.249046 -0.061854 0.013727
v 0.249002 -0.056402 0.020443
v 0.243248 -0.044826 0.021207
v 0.243258 -0.038299 0.013727
v 0.249046 -0.037573 0.011336
v 0.249046 -0.038299 0.003971
v 0.249032 -0.044952 -0.003630
v 0.243254 -0.074508 -0.052824
v 0.243258 -0.079818 -0.046327
v 0.249044 -0.078943 -0.034548
v 0.249044 -0.078943 -0.034548
v 0.243255 -0.056604 -0.035677
v 0.243255 -0.056604 -0.035677
v 0.249046 -0.056263 -0.046327
v 0.249025 -0.061632 -0.052911
v 0.243244 -0.118392 -0.034908
v 0.243244 -0.118392 -0.034908
v 0.249134 -0.115780 -0.014795
v 0.249095 -0.099497 -0.036096
v 0.249095 -0.099497 -0.036096
v 0.249046 -0.150765 -0.000165
v 0.243258 -0.152350 0.001767
v 0.249046 -0.154254 0.006362
v 0.249046 -0.154254 0.006362
v 0.249046 -0.152350 0.015931
v 0.243258 -0.150765 0.017863
v 0.249046 -0.132737 0.017863
v 0.243258 -0.131151 0.015931
v 0.249046 -0.129248 0.011336
v 0.249046 -0.131151 0.001767
v 0.243258 -0.132737 -0.000165
v 0.243239 -0.167106 -0.052112
v 0.249068 -0.170250 -0.033583
v 0.243248 -0.148811 -0.034421
v 0.249046 -0.149116 -0.048531
v 0.249154 -0.155609 -0.054452
v -0.208756 -0.126617 -0.026404
v -0.208756 -0.076637 0.026797
v -0.229082 -0.026658 0.026797
v -0.229082 -0.026658 0.026797
v -0.237450 -0.076637 0.026797
v 0.249086 -0.028510 -0.032571
v 0.243297 -0.019404 -0.039144
v 0.249046 -0.017675 -0.038956
v 0.249046 -0.028720 -0.020992
v 0.243253 -0.063909 -0.053819
v 0.243258 -0.061571 -0.030124
v 0.249074 -0.069973 -0.028182
v 0.249046 -0.112573 -0.038314
v 0.243258 -0.106794 -0.038884
v 0.249134 -0.115780 -0.014795
v 0.243219 -0.106868 -0.012683
v 0.243251 -0.095730 -0.022248
v 0.243258 -0.106794 -0.038884
v 0.243258 -0.098126 -0.033932
v 0.243243 -0.156888 -0.028663
v 0.249046 -0.161917 -0.028735
v 0.249071 -0.021949 -0.013927
v 0.248994 -0.009693 -0.014544
v 0.243258 -0.004180 -0.022512
v 0.243258 -0.010293 -0.014620
v 0.249054 -0.003656 -0.025796
v 0.243246 -0.006393 -0.034313
v 0.249023 -0.072375 -0.053864
v 0.243258 -0.071474 -0.028866
v 0.249046 -0.112573 -0.038314
v 0.249061 -0.119245 -0.032961
v 0.249046 -0.008208 -0.035790
v -0.208756 -0.076637 -0.026404
v -0.208756 -0.126617 -0.026404
v 0.243236 -0.047586 -0.004242
v 0.249032 -0.044952 -0.003630
v 0.243258 -0.148833 -0.001750
v 0.243146 -0.141342 -0.004412
v 0.249156 -0.142033 -0.004385
v 0.249046 -0.148833 -0.001750
v 0.243297 -0.019404 -0.039144
v 0.249046 -0.017675 -0.038956
v 0.249046 -0.062579 0.006362
v 0.249046 -0.120940 -0.028432
v 0.249046 -0.121185 -0.025945
v 0.249046 -0.120940 -0.023458
v 0.249046 -0.120215 -0.021066
v 0.249046 -0.150765 -0.000165
v 0.243258 -0.150765 -0.000165
v 0.249046 -0.154499 0.008849
v 0.249046 -0.154254 0.011336
v 0.249046 -0.153528 0.013727
v 0.249046 -0.150765 0.017863
v 0.243258 -0.150765 0.017863
v 0.249046 -0.148833 0.019448
v 0.243258 -0.148833 0.019448
v 0.249157 -0.142036 0.022060
v 0.243138 -0.141241 0.022101
v 0.249046 -0.134668 0.019448
v 0.243258 -0.134668 0.019449
v 0.249046 -0.132737 0.017863
v 0.243258 -0.132737 0.017863
v 0.249046 -0.129973 0.013727
v 0.249046 -0.129248 0.011336
v 0.249046 -0.129003 0.008849
v 0.249046 -0.132737 -0.000165
v 0.243258 -0.132737 -0.000165
v 0.249046 -0.134668 -0.001750
v 0.243258 -0.134668 -0.001750
v 0.249156 -0.142033 -0.004385
v 0.243146 -0.141342 -0.004412
v 0.249154 -0.155609 -0.054452
v 0.243192 -0.154479 -0.053818
v -0.229082 -0.026658 -0.026404
v -0.229082 -0.026658 -0.026404
v 0.243258 -0.060676 0.001767
v 0.243250 -0.057596 -0.001651
v 0.243248 -0.044826 0.021207
v 0.243258 -0.039477 0.015931
v 0.249086 -0.028510 -0.032571
v 0.249071 -0.021949 -0.013927
v 0.249046 -0.028720 -0.020992
v 0.249046 -0.017675 -0.038956
v 0.248994 -0.009693 -0.014544
v 0.249046 -0.008208 -0.035790
v 0.249054 -0.003656 -0.025796
v 0.243297 -0.019404 -0.039144
v 0.243258 -0.010293 -0.014620
v 0.243246 -0.006393 -0.034313
v 0.243258 -0.004180 -0.022512
v 0.249046 -0.060676 0.015931
v 0.249002 -0.056402 0.020443
v 0.249032 -0.044952 -0.003630
v 0.249046 -0.039477 0.001767
v 0.243258 -0.078640 -0.048531
v 0.243258 -0.071474 -0.028866
v 0.243254 -0.074508 -0.052824
v 0.243258 -0.061571 -0.030124
v 0.249074 -0.069973 -0.028182
v 0.249025 -0.061632 -0.052911
v 0.249046 -0.057441 -0.048531
v 0.243258 -0.106794 -0.038884
v 0.243219 -0.106868 -0.012683
v 0.243251 -0.095730 -0.022248
v 0.243258 -0.098126 -0.033932
v 0.249046 -0.112573 -0.038314
v 0.243258 -0.172218 -0.038962
v 0.243258 -0.172218 -0.043936
v 0.243258 -0.172463 -0.041449
v 0.243166 -0.169017 -0.031963
v 0.243258 -0.171493 -0.046327
v 0.243258 -0.170315 -0.048531
v 0.243239 -0.167106 -0.052112
v 0.243243 -0.156888 -0.028663
v 0.243192 -0.154479 -0.053818
v 0.243248 -0.148811 -0.034421
v 0.243258 -0.149116 -0.048531
v 0.243258 -0.147938 -0.046327
v 0.243258 -0.147212 -0.038962
v 0.243258 -0.147212 -0.043936
v 0.243258 -0.146967 -0.041449
v 0.249046 -0.172218 -0.043936
v 0.249046 -0.172218 -0.038962
v 0.249046 -0.172463 -0.041449
v 0.249046 -0.171493 -0.046327
v 0.249068 -0.170250 -0.033583
v 0.249046 -0.170315 -0.048531
v 0.249053 -0.167126 -0.052007
v 0.249046 -0.161917 -0.028735
v 0.249154 -0.155609 -0.054452
v 0.249118 -0.150370 -0.031544
v 0.249046 -0.149116 -0.048531
v 0.249046 -0.147212 -0.038962
v 0.249046 -0.147938 -0.046327
v 0.249046 -0.147212 -0.043936
v 0.249046 -0.146967 -0.041449
v 0.249046 -0.008208 -0.035790
v 0.243246 -0.006393 -0.034313
v 0.243258 -0.010293 -0.014620
v 0.248994 -0.009693 -0.014544
v 0.249071 -0.021949 -0.013927
v 0.243219 -0.106868 -0.012683
v 0.249074 -0.069973 -0.028182
v -0.237450 -0.076637 0.026797
v -0.229082 -0.026658 0.026797
v -0.229082 -0.026658 0.026797
v -0.229082 -0.026658 0.026797
v -0.208756 -0.076637 0.026797
v 0.243248 -0.148811 -0.034421
v 0.243239 -0.167106 -0.052112
v 0.243244 -0.118392 -0.034908
v 0.243244 -0.118392 -0.034908
v 0.249044 -0.078943 -0.034548
v 0.249044 -0.078943 -0.034548
v 0.249032 -0.044952 -0.003630
v 0.249032 -0.044952 -0.003630
v 0.243248 -0.044826 0.021207
v 0.243250 -0.057596 -0.001651
v -0.228204 -0.126617 0.026797
v -0.228204 -0.126617 0.026797
v -0.228204 -0.126617 0.026797
v -0.208756 -0.076637 -0.026404
v -0.227733 -0.126630 -0.026337
v -0.227733 -0.126630 -0.026337
v 0.243192 -0.154479 -0.053818
v 0.243192 -0.154479 -0.053818
v 0.249095 -0.099497 -0.036096
v 0.249095 -0.099497 -0.036096
v 0.249095 -0.099497 -0.036096
v 0.243258 -0.149116 -0.048531
v 0.243258 -0.146967 -0.041449
v 0.243258 -0.146967 -0.041449
v 0.243258 -0.147212 -0.038962
v 0.249118 -0.150370 -0.031544
v 0.249046 -0.147212 -0.043936
v 0.249046 -0.146967 -0.041449
v 0.249046 -0.146967 -0.041449
v 0.249046 -0.146967 -0.041449
v 0.249046 -0.147212 -0.038962
v 0.243166 -0.169017 -0.031963
v 0.243166 -0.169017 -0.031963
v 0.243258 -0.172463 -0.041449
v 0.249046 -0.172463 -0.041449
v 0.249046 -0.172463 -0.041449
v 0.249046 -0.172463 -0.041449
v 0.249046 -0.172218 -0.038962
v 0.249046 -0.172218 -0.038962
v 0.249046 -0.172218 -0.043936
v 0.243258 -0.172218 -0.038962
v 0.243258 -0.172218 -0.038962
v 0.249046 -0.171493 -0.046327
v 0.243258 -0.170315 -0.048531
v 0.249046 -0.170315 -0.048531
v 0.249046 -0.170315 -0.048531
v 0.243146 -0.141342 -0.004412
v 0.249046 -0.129248 0.006362
v 0.249046 -0.129248 0.011336
v 0.249046 -0.129248 0.006362
v 0.249002 -0.056402 0.020443
v 0.249002 -0.056402 0.020443
v 0.243258 -0.129973 0.003971
v 0.243258 -0.129973 0.013727
v 0.243258 -0.129248 0.006362
v 0.243258 -0.129248 0.011336
v 0.249046 -0.080789 -0.041449
v 0.249046 -0.079818 -0.046327
v 0.249046 -0.080544 -0.043936
v 0.243258 -0.152350 0.015931
v 0.243254 -0.074508 -0.052824
v 0.249046 -0.061854 0.013727
v 0.249046 -0.061854 0.003971
v 0.243258 -0.129248 0.006362
v 0.243258 -0.039477 0.001767
v 0.243258 -0.080544 -0.043936
v 0.243258 -0.080544 -0.038962
v 0.249046 -0.078640 -0.048531
v 0.243258 -0.041062 -0.000165
v 0.243258 -0.041062 -0.000165
v 0.243258 -0.080789 -0.041449
v 0.243258 -0.080544 -0.043936
v 0.243258 -0.061854 0.013727
v 0.243258 -0.061854 0.003971
v 0.243258 -0.061854 0.003971
v 0.243258 -0.037328 0.008849
v 0.249046 -0.078640 -0.048531
v 0.249046 -0.078640 -0.048531
v 0.249046 -0.129973 0.003971
v 0.249046 -0.129973 0.013727
v 0.243258 -0.062579 0.006362
v 0.249046 -0.057441 -0.048531
v 0.249046 -0.038299 0.003971
v 0.249046 -0.038299 0.013727
v 0.249046 -0.096660 -0.021066
v 0.249068 -0.170250 -0.033583
v 0.249068 -0.170250 -0.033583
v 0.243258 -0.037573 0.006362
v 0.243258 -0.037573 0.011336
v 0.249046 -0.062579 0.011336
v 0.249046 -0.080544 -0.043936
v 0.249046 -0.080544 -0.038962
v 0.249046 -0.038299 0.003971
v 0.249046 -0.038299 0.013727
v 0.243258 -0.039477 0.001767
v 0.243258 -0.039477 0.015931
v 0.249046 -0.039477 0.001767
v 0.249046 -0.039477 0.001767
v 0.249046 -0.039477 0.001767
v 0.249046 -0.039477 0.015931
v 0.249046 -0.039477 0.015931
v 0.249046 -0.039477 0.015931
v 0.249046 -0.041062 0.017863
v 0.243258 -0.057441 -0.048531
v 0.249066 -0.045982 0.021226
v 0.249066 -0.045982 0.021226
v 0.249046 -0.077055 -0.050463
v 0.249046 -0.077055 -0.050463
v 0.249046 -0.077055 -0.050463
v 0.249046 -0.037328 0.008849
v 0.249046 -0.039477 0.015931
v 0.243258 -0.152350 0.015931
v 0.243246 -0.055263 0.020657
v 0.243246 -0.055263 0.020657
v 0.243258 -0.060676 0.015931
v 0.243258 -0.080789 -0.041449
v 0.243258 -0.062579 0.011336
v -0.249157 -0.026658 -0.026404
v -0.249157 -0.026658 0.026797
v -0.249157 -0.026658 0.026797
v -0.249157 -0.026658 0.026797
v -0.249157 -0.026658 0.026797
v -0.249157 -0.026658 0.026797
v -0.208756 -0.126617 0.026797
v -0.228204 -0.126617 0.026797
v -0.228204 -0.126617 0.026797
v -0.228204 -0.126617 0.026797
v -0.228204 -0.126617 0.026797
v -0.228204 -0.126617 0.026797
v -0.249157 -0.026658 -0.026404
v -0.249157 -0.026658 -0.026404
v -0.249157 -0.026658 -0.026404
v -0.249157 -0.026658 -0.026404
v -0.249157 -0.026658 -0.026404
v 0.243258 -0.079818 -0.046327
v 0.249023 -0.072375 -0.053864
v 0.249023 -0.072375 -0.053864
v 0.243258 -0.038299 0.003971
v 0.243258 -0.038299 0.013727
v -0.228204 -0.126617 0.026797
v -0.228204 -0.126617 0.026797
v -0.249157 -0.026658 0.026797
v -0.208756 -0.126617 0.026797
v -0.208756 -0.126617 0.026797
v 0.243258 -0.061854 0.013727
v 0.243258 -0.061854 0.003971
v -0.208756 -0.126617 -0.026404
v -0.208756 -0.126617 -0.026404
v -0.208756 -0.126617 0.026797
v -0.208756 -0.126617 0.026797
v -0.208756 -0.126617 0.026797
v -0.208756 -0.126617 0.026797
v -0.208756 -0.126617 0.026797
v -0.208756 -0.126617 0.026797
v -0.208756 -0.126617 -0.026404
v -0.208756 -0.126617 -0.026404
v -0.208756 -0.126617 -0.026404
v -0.208756 -0.126617 0.026797
v -0.208756 -0.126617 0.026797
v -0.208756 -0.126617 0.026797
v -0.208756 -0.126617 0.026797
v -0.208756 -0.126617 0.026797
v -0.249157 -0.026658 0.026797
v -0.249157 -0.026658 0.026797
v -0.249157 -0.026658 0.026797
v 0.249046 -0.060676 0.001767
v -0.208756 -0.126617 0.026797
v -0.208756 -0.126617 0.026797
v 0.243258 -0.029266 -0.028432
v 0.243258 -0.029266 -0.023458
v 0.243258 -0.038299 0.003971
v 0.243258 -0.038299 0.013727
v 0.243258 -0.029511 -0.025945
v 0.243236 -0.047586 -0.004242
v 0.243236 -0.047586 -0.004242
v 0.243258 -0.078640 -0.048531
v 0.243258 -0.059090 0.017863
v 0.243258 -0.120940 -0.028432
v 0.243258 -0.120940 -0.023458
v 0.243258 -0.029266 -0.028432
v 0.243258 -0.029266 -0.023458
v -0.249157 -0.026658 0.026797
v -0.249157 -0.026658 0.026797
v -0.249157 -0.026658 0.026797
v -0.249157 -0.026658 -0.026404
v -0.249157 -0.026658 -0.026404
v -0.249157 -0.026658 -0.026404
v -0.249157 -0.026658 -0.026404
v -0.249157 -0.026658 -0.026404
v 0.249046 -0.062579 0.011336
v 0.243258 -0.029511 -0.025945
v 0.243258 -0.028540 -0.021066
v 0.243251 -0.023169 -0.014002
v 0.243251 -0.023169 -0.014002
v 0.243251 -0.023169 -0.014002
v 0.249052 -0.056204 -0.002430
v 0.249052 -0.056204 -0.002430
v 0.249046 -0.061854 0.013727
v 0.249046 -0.079818 -0.046327
v 0.249046 -0.059090 -0.000165
v 0.249046 -0.060676 0.001767
v 0.249046 -0.037573 0.006362
v 0.249046 -0.037573 0.011336
v 0.249046 -0.129973 0.003971
v 0.249046 -0.037328 0.008849
v 0.249046 -0.060676 0.015931
v 0.249046 -0.060676 0.015931
v 0.249046 -0.060676 0.015931
v 0.249046 -0.078640 -0.048531
v 0.249046 -0.078640 -0.048531
v 0.243258 -0.129973 0.003971
v 0.243258 -0.129973 0.013727
v 0.249046 -0.041062 0.017863
v 0.249046 -0.041062 0.017863
v 0.243258 -0.037328 0.008849
v 0.243258 -0.060676 0.015931
v 0.243258 -0.060676 0.001767
v 0.249046 -0.147938 -0.046327
v 0.249046 -0.061854 0.013727
v 0.249046 -0.061854 0.003971
v 0.249046 -0.037573 0.006362
v 0.249046 -0.037573 0.011336
v 0.249046 -0.062579 0.006362
v 0.243255 -0.056604 -0.035677
v 0.243255 -0.056604 -0.035677
v 0.249046 -0.038299 0.003971
v 0.249046 -0.038299 0.013727
v 0.249046 -0.062579 0.006362
v -0.249157 -0.026658 0.026797
v -0.249157 -0.026658 0.026797
v -0.249157 -0.026658 -0.026404
v -0.249157 -0.026658 -0.026404
v -0.249157 -0.026658 -0.026404
v -0.249157 -0.026658 -0.026404
v -0.249157 -0.026658 -0.026404
v -0.249157 -0.026658 -0.026404
v -0.249157 -0.026658 -0.026404
v -0.249157 -0.026658 0.026797
v -0.249157 -0.026658 0.026797
v -0.249157 -0.026658 0.026797
v -0.249157 -0.026658 0.026797
v 0.243258 -0.080544 -0.038962
v 0.243258 -0.062824 0.008849
v 0.243258 -0.071474 -0.028866
v 0.243258 -0.062579 0.011336
v 0.243258 -0.062579 0.006362
v 0.249046 -0.062824 0.008849
v 0.249046 -0.062824 0.008849
v 0.249046 -0.062824 0.008849
v 0.249046 -0.062824 0.008849
v 0.249046 -0.062824 0.008849
v 0.249053 -0.167126 -0.052007
v 0.249053 -0.167126 -0.052007
v 0.249046 -0.080544 -0.038962
v 0.249046 -0.080789 -0.041449
v 0.243256 -0.078915 -0.034386
v 0.243256 -0.078915 -0.034386
v 0.243258 -0.056263 -0.046327
v 0.243258 -0.055293 -0.041449
v 0.243258 -0.055538 -0.038962
v 0.243258 -0.055538 -0.043936
v 0.249046 -0.055538 -0.038962
v 0.249046 -0.055538 -0.043936
v 0.249046 -0.055293 -0.041449
v 0.249046 -0.096660 -0.021066
v 0.249046 -0.055538 -0.038962
v 0.249046 -0.055293 -0.041449
v 0.243258 -0.120940 -0.023458
v 0.243258 -0.079818 -0.046327
v 0.243258 -0.056263 -0.046327
v 0.249046 -0.056263 -0.046327
v 0.249046 -0.056263 -0.046327
v 0.249046 -0.153528 0.003971
v 0.249046 -0.153528 0.013727
v 0.243258 -0.153528 0.013727
v 0.243258 -0.059027 -0.050463
v 0.243258 -0.059027 -0.050463
v 0.243253 -0.063909 -0.053819
v 0.243253 -0.063909 -0.053819
v 0.249061 -0.119245 -0.032961
v 0.243258 -0.120940 -0.028432
v 0.243258 -0.120940 -0.023458
v 0.243258 -0.028540 -0.021066
v 0.249046 -0.120940 -0.028432
v 0.249046 -0.121185 -0.025945
v 0.243258 -0.120215 -0.021066
v 0.243258 -0.120215 -0.021066
v 0.243258 -0.120215 -0.021066
v 0.243256 -0.117910 -0.017154
v 0.243256 -0.117910 -0.017154
v 0.249105 -0.101503 -0.014470
v 0.249105 -0.101503 -0.014470
v 0.249105 -0.101503 -0.014470
v 0.249046 -0.095689 -0.025945
v 0.249046 -0.095934 -0.023458
v 0.249046 -0.095934 -0.028432
v 0.243258 -0.148833 -0.001750
v 0.243258 -0.148833 0.019448
v 0.249046 -0.095934 -0.023458
v 0.249046 -0.152350 0.015931
v 0.249046 -0.095934 -0.028432
v 0.249046 -0.095934 -0.028432
v 0.249156 -0.142033 -0.004385
v 0.249046 -0.148833 -0.001750
v 0.249046 -0.148833 0.019448
v 0.249046 -0.152350 0.001767
v 0.243258 -0.152350 0.001767
v 0.243258 -0.153528 0.013727
v 0.249069 -0.057415 -0.033717
v 0.249069 -0.057415 -0.033717
v 0.249046 -0.153528 0.003971
v 0.249025 -0.061632 -0.052911
v 0.249046 -0.153528 0.003971
v 0.243258 -0.153528 0.003971
v 0.243258 -0.153528 0.003971
v 0.243258 -0.153528 0.013727
v 0.243254 -0.028127 -0.031915
v 0.243254 -0.028127 -0.031915
v 0.243258 -0.154254 0.006362
v 0.243258 -0.154254 0.011336
v 0.243258 -0.057441 -0.048531
v 0.243258 -0.153528 0.003971
v 0.243258 -0.153528 0.003971
v 0.243258 -0.154254 0.011336
v 0.249046 -0.154254 0.006362
v 0.249046 -0.154254 0.011336
v -0.228204 -0.126617 0.026797
v -0.228204 -0.126617 0.026797
v -0.228204 -0.126617 0.026797
v -0.228204 -0.126617 0.026797
v 0.243258 -0.062824 0.008849
v -0.228204 -0.126617 0.026797
v -0.228204 -0.126617 0.026797
v -0.228204 -0.126617 0.026797
v -0.228204 -0.126617 0.026797
v -0.228204 -0.126617 0.026797
v 0.249046 -0.154254 0.006362
v 0.249046 -0.153528 0.013727
v 0.249046 -0.153528 0.013727
v 0.243258 -0.059090 0.017863
v 0.243138 -0.141241 0.022101
v 0.249046 -0.059090 -0.000165
v 0.249157 -0.142036 0.022060
v 0.249046 -0.134668 -0.001750
v 0.249046 -0.134668 0.019448
v 0.243258 -0.132737 -0.000165
v -0.249157 -0.026658 0.026797
v -0.249157 -0.026658 0.026797
v -0.249157 -0.026658 -0.026404
v -0.249157 -0.026658 -0.026404
v -0.249157 -0.026658 -0.026404
v -0.249157 -0.026658 -0.026404
v -0.249157 -0.026658 0.026797
v -0.249157 -0.026658 0.026797
v 0.243258 -0.134668 -0.001750
v 0.243258 -0.134668 0.019448
v 0.243258 -0.131151 0.015931
v 0.249046 -0.131151 0.001767
v 0.249046 -0.131151 0.015931
v 0.243258 -0.129973 0.013727
v 0.243258 -0.129973 0.013727
v 0.243258 -0.131151 0.001767
v 0.243258 -0.131151 0.015931
v 0.243258 -0.037573 0.006362
v 0.243258 -0.037573 0.011336
v -0.149996 -0.122969 -0.063804
v -0.141518 -0.124488 -0.069741
v -0.140286 -0.123014 -0.063830
v -0.133058 -0.115502 -0.063745
v -0.141518 -0.124488 -0.069741
v -0.133395 -0.115701 -0.069600
v -0.154144 -0.106203 -0.063782
v -0.151531 -0.103238 -0.069718
v -0.156201 -0.109764 -0.069683
v -0.133058 -0.115502 -0.063745
v -0.140286 -0.123014 -0.063830
v -0.141518 -0.124488 -0.069741
v -0.133058 -0.115502 -0.063745
v -0.133395 -0.115701 -0.069600
v -0.134924 -0.105751 -0.069652
v -0.137048 -0.103788 -0.063804
v -0.134924 -0.105751 -0.069652
v -0.143811 -0.100698 -0.069627
v -0.137048 -0.103788 -0.063804
v -0.146670 -0.101011 -0.063798
v -0.154144 -0.106203 -0.063782
v -0.146670 -0.101011 -0.063798
v -0.151531 -0.103238 -0.069718
v -0.156149 -0.113612 -0.063806
v -0.156201 -0.109764 -0.069683
v -0.152446 -0.121686 -0.069599
v -0.149996 -0.122969 -0.063804
v -0.149996 -0.122969 -0.063804
v -0.152446 -0.121686 -0.069599
v -0.141518 -0.124488 -0.069741
v -0.143811 -0.100698 -0.069627
v -0.156149 -0.113612 -0.063806
v -0.133058 -0.115502 -0.063745
v -0.137048 -0.103788 -0.063804
v -0.146670 -0.101011 -0.063798
v -0.154144 -0.106203 -0.063782
v -0.156149 -0.113612 -0.063806
v -0.149996 -0.122969 -0.063804
v -0.140286 -0.123014 -0.063830
v -0.137355 -0.037046 -0.063871
v -0.139362 -0.038590 -0.069679
v -0.133494 -0.031442 -0.069707
v -0.132955 -0.025304 -0.063841
v -0.135041 -0.020542 -0.069543
v -0.142374 -0.016594 -0.063744
v -0.152600 -0.019421 -0.063790
v -0.145737 -0.016236 -0.069659
v -0.155087 -0.022193 -0.069559
v -0.155997 -0.031292 -0.063819
v -0.155087 -0.022193 -0.069559
v -0.155526 -0.032984 -0.069911
v -0.155997 -0.031292 -0.063819
v -0.149728 -0.038438 -0.069540
v -0.147158 -0.039278 -0.063852
v -0.147158 -0.039278 -0.063852
v -0.149728 -0.038438 -0.069540
v -0.139362 -0.038590 -0.069679
v -0.137355 -0.037046 -0.063871
v -0.132955 -0.025304 -0.063841
v -0.132955 -0.025304 -0.063841
v -0.133494 -0.031442 -0.069707
v -0.135041 -0.020542 -0.069543
v -0.145737 -0.016236 -0.069659
v -0.142374 -0.016594 -0.063744
v -0.135041 -0.020542 -0.069543
v -0.142374 -0.016594 -0.063744
v -0.152600 -0.019421 -0.063790
v -0.155997 -0.031292 -0.063819
v -0.155526 -0.032984 -0.069911
v -0.155997 -0.031292 -0.063819
v -0.147158 -0.039278 -0.063852
v -0.137355 -0.037046 -0.063871
v -0.132955 -0.025304 -0.063841
v -0.142374 -0.016594 -0.063744
v -0.152600 -0.019421 -0.063790
usemtl Touched_Plastic_Smooth
f 1 2 3
f 4 5 6
f 7 8 9
f 10 11 12
f 10 13 14
f 13 15 16
f 17 18 19
f 20 21 22
f 21 23 22
f 24 25 26
f 25 27 28
f 29 27 25
f 27 29 30
f 29 31 30
f 32 33 24
f 34 2 35
f 2 1 35
f 1 36 37
f 36 38 37
f 38 39 40
f 41 42 43
f 42 44 45
f 44 46 47
f 46 48 49
f 50 51 52
f 51 53 54
f 53 55 56
f 55 57 56
f 57 58 59
f 58 60 61
f 62 63 64
f 65 66 67
f 68 69 70
f 71 72 73
f 74 73 72
f 75 76 77
f 78 79 76
f 78 80 81
f 80 82 81
f 83 84 85
f 86 87 85
f 86 88 87
f 71 89 90
f 91 92 93
f 94 92 91
f 95 96 92
f 97 98 94
f 98 97 99
f 100 101 97
f 102 100 103
f 103 104 105
f 91 104 103
f 106 107 108
f 107 109 110
f 109 111 110
f 111 112 113
f 112 114 115
f 116 117 118
f 117 119 120
f 121 122 123
f 122 124 125
f 124 126 127
f 128 129 130
f 129 131 132
f 131 133 134
f 135 136 137
f 138 139 136
f 140 141 142
f 143 140 142
f 144 145 146
f 147 148 149
f 150 151 152
f 151 153 152
f 153 151 154
f 155 154 156
f 157 158 159
f 160 157 161
f 162 163 164
f 165 166 167
f 168 169 170
f 169 171 172
f 173 174 175
f 174 176 175
f 176 177 178
f 177 179 180
f 181 182 183
f 182 184 185
f 186 187 188
f 189 190 191
f 192 193 194
f 195 194 196
f 197 198 199
f 200 201 198
f 202 203 204
f 205 206 207
f 208 209 210
f 211 212 209
f 213 214 215
f 216 217 218
f 218 219 216
f 219 220 221
f 222 220 219
f 223 224 222
f 225 226 227
f 228 190 229
f 190 189 230
f 231 232 233
f 232 234 233
f 234 235 236
f 235 237 236
f 237 238 239
f 238 240 241
f 240 242 243
f 242 244 245
f 246 247 248
f 248 249 250
f 251 252 253
f 254 255 256
f 257 258 259
f 259 258 260
f 261 262 263
f 264 265 1586
f 266 267 1587
f 268 269 270
f 1531 1535 271
f 272 273 1536
f 1596 274 1528
f 1528 275 1537
f 276 277 278
f 278 279 280
f 280 1596 281
f 279 1538 275
f 282 283 284
f 284 283 285
f 1524 287 288
f 285 283 1573
f 289 1588 290
f 1588 289 1628
f 1629 291 1543
f 1544 1579 1589
f 1580 1604 1590
f 1596 292 281
f 1597 293 1622
f 294 295 296
f 1581 298 299
f 1611 300 301
f 1562 1556 1609
f 302 303 304
f 1520 1522 1563
f 305 306 307
f 1574 308 1516
f 1559 309 310
f 1678 311 1567
f 1679 312 1513
f 313 1680 1575
f 314 315 1606
f 316 317 318
f 317 319 320
f 321 1641 1512
f 322 1642 323
f 324 325 326
f 327 328 325
f 329 326 330
f 1565 1626 332
f 333 1568 334
f 1682 335 336
f 337 1504 338
f 1591 1600 339
f 340 341 342
f 320 343 318
f 1620 1643 341
f 1549 344 1525
f 286 1492 345
f 345 1493 346
f 342 1508 340
f 1615 1569 1514
f 1560 347 1517
f 1518 348 1529
f 349 350 351
f 350 352 351
f 353 354 355
f 355 356 357
f 357 358 359
f 358 360 359
f 361 362 360
f 363 364 365
f 366 367 368
f 289 1582 1541
f 369 1568 312
f 370 1529 348
f 371 372 1683
f 1592 373 371
f 1644 1509 1594
f 327 331 328
f 327 375 1505
f 327 1505 331
f 341 376 342
f 377 335 334
f 16 378 379
f 380 381 19
f 380 382 381
f 383 384 385
f 383 386 384
f 387 388 23
f 387 389 388
f 390 391 387
f 392 393 394
f 395 396 397
f 398 395 397
f 397 396 28
f 399 400 401
f 402 403 404
f 404 31 405
f 405 31 406
f 407 408 409
f 409 410 411
f 411 410 32
f 412 413 26
f 414 415 412
f 416 417 418
f 419 420 1602
f 419 1602 421
f 53 51 50
f 9 422 7
f 12 11 423
f 423 11 392
f 10 14 11
f 14 13 16
f 17 15 13
f 15 17 19
f 19 18 380
f 424 380 18
f 380 424 425
f 424 20 425
f 20 22 425
f 426 23 21
f 390 426 427
f 427 428 390
f 428 423 392
f 26 25 396
f 26 396 429
f 396 25 28
f 31 29 33
f 24 33 29
f 410 33 32
f 32 24 430
f 24 413 430
f 413 24 26
f 431 34 35
f 9 6 417
f 8 6 9
f 1491 6 8
f 418 6 5
f 417 6 418
f 35 1 37
f 37 38 432
f 432 38 40
f 40 433 434
f 43 42 45
f 45 44 47
f 47 46 49
f 49 48 52
f 48 50 52
f 52 51 54
f 54 53 56
f 56 57 435
f 435 57 59
f 59 58 61
f 29 25 24
f 436 437 438
f 437 439 438
f 73 440 437
f 77 441 442
f 77 443 441
f 81 444 445
f 446 447 448
f 449 450 446
f 450 447 446
f 451 447 450
f 85 451 450
f 451 452 447
f 87 453 85
f 87 454 453
f 454 455 456
f 88 455 454
f 457 458 455
f 89 459 458
f 460 461 462
f 461 463 93
f 464 95 465
f 465 95 466
f 466 98 99
f 467 99 101
f 101 100 468
f 468 100 102
f 468 105 469
f 468 102 105
f 470 469 471
f 472 104 473
f 474 460 462
f 475 68 70
f 75 442 74
f 442 75 77
f 77 76 79
f 79 78 81
f 80 449 82
f 86 476 88
f 88 476 457
f 90 457 476
f 457 90 89
f 463 91 93
f 93 92 96
f 94 95 92
f 463 104 91
f 67 70 477
f 66 70 67
f 478 70 66
f 63 70 478
f 479 70 63
f 134 133 480
f 108 107 110
f 110 111 113
f 113 112 115
f 115 114 481
f 114 116 481
f 481 116 118
f 118 117 120
f 120 119 482
f 119 121 482
f 482 121 123
f 123 122 125
f 125 124 483
f 483 124 127
f 127 126 484
f 484 126 128
f 484 128 130
f 130 129 132
f 94 103 97
f 91 103 94
f 485 486 487
f 488 489 140
f 488 490 491
f 492 490 488
f 148 493 149
f 493 494 495
f 153 496 152
f 155 497 498
f 499 500 501
f 502 500 503
f 504 503 505
f 506 164 507
f 508 509 510
f 511 512 170
f 513 180 514
f 515 135 137
f 516 517 181
f 518 144 146
f 147 519 520
f 519 147 149
f 154 155 153
f 156 521 155
f 156 522 521
f 166 159 523
f 159 161 157
f 162 524 161
f 524 162 525
f 165 526 163
f 165 159 166
f 139 137 136
f 527 137 139
f 528 137 527
f 512 168 170
f 170 169 172
f 172 171 529
f 171 173 529
f 529 173 175
f 175 176 178
f 178 177 180
f 180 179 514
f 530 516 514
f 183 182 531
f 531 182 185
f 185 184 532
f 532 184 533
f 534 535 188
f 535 186 188
f 165 161 159
f 163 161 165
f 162 161 163
f 536 537 538
f 539 540 541
f 542 543 544
f 542 545 543
f 546 547 548
f 549 546 550
f 550 546 551
f 552 553 554
f 555 553 552
f 556 557 558
f 559 557 556
f 560 561 562
f 560 563 564
f 565 566 563
f 567 568 569
f 570 571 572
f 573 572 574
f 574 575 576
f 574 577 575
f 578 579 580
f 581 582 583
f 584 585 586
f 585 587 588
f 589 590 591
f 592 1547 1633
f 593 189 594
f 193 595 194
f 235 234 596
f 597 598 196
f 242 240 599
f 600 601 602
f 589 1595 590
f 200 603 604
f 603 202 204
f 605 205 207
f 206 208 210
f 209 212 606
f 212 607 606
f 607 214 606
f 215 214 607
f 197 199 608
f 218 217 609
f 216 219 610
f 610 219 611
f 222 612 220
f 613 612 222
f 218 614 223
f 602 196 1633
f 615 196 602
f 595 196 194
f 592 196 595
f 1633 196 592
f 227 226 616
f 617 228 229
f 229 190 230
f 230 189 618
f 618 189 619
f 189 593 619
f 620 231 233
f 233 234 621
f 621 234 236
f 239 238 241
f 241 240 622
f 622 240 243
f 223 222 218
f 218 222 219
f 623 217 216
f 624 625 247
f 247 246 624
f 626 627 628
f 628 629 626
f 630 631 252
f 252 251 630
f 632 633 246
f 255 254 634
f 635 636 637
f 638 639 640
f 295 641 298
f 641 642 298
f 642 643 298
f 644 1616 1648
f 299 298 643
f 1630 1545 645
f 1630 645 646
f 1635 647 1546
f 1635 1587 267
f 1587 1657 266
f 1658 1630 648
f 648 1630 646
f 270 1532 268
f 1623 1541 1526
f 1527 1542 1533
f 279 1534 1538
f 1550 1573 283
f 1611 301 1557
f 289 1541 1623
f 1621 293 1664
f 1583 1598 1539
f 1582 1540 1541
f 296 295 298
f 294 296 297
f 649 650 651
f 346 304 303
f 1612 1521 1564
f 1574 1681 308
f 313 1624 1680
f 1607 652 1511
f 314 653 315
f 1591 654 1663
f 1508 655 1645
f 320 318 317
f 326 325 328
f 329 324 326
f 1577 1566 1498
f 1499 1565 332
f 1685 1576 1554
f 1684 1554 1570
f 1682 1601 335
f 336 335 338
f 1507 318 343
f 340 1620 341
f 1643 374 656
f 657 1617 1649
f 657 1649 658
f 657 658 1647
f 659 660 1650
f 1651 1665 1610
f 342 655 1508
f 339 654 1591
f 1561 1571 1555
f 1519 1554 1576
f 662 663 664
f 349 665 350
f 350 666 352
f 355 354 356
f 357 356 358
f 358 361 360
f 361 667 362
f 668 363 354
f 366 662 367
f 352 368 367
f 294 1652 661
f 1664 1597 1631
f 669 291 1629
f 293 1597 1664
f 297 1652 294
f 1634 1500 1646
f 671 312 1679
f 1683 372 1530
f 655 342 1501
f 1654 673 674
f 323 1642 675
f 371 373 372
f 315 653 671
f 1593 1510 1608
f 1679 315 671
f 676 677 678
f 1506 679 325
f 1568 369 377
f 1643 656 376
f 680 681 682
f 11 683 682
f 14 684 683
f 14 379 684
f 684 379 685
f 14 16 379
f 379 378 685
f 378 686 685
f 16 15 378
f 19 381 687
f 382 688 381
f 689 385 384
f 425 22 385
f 383 385 22
f 690 23 388
f 426 387 23
f 426 390 387
f 389 387 391
f 391 691 389
f 391 428 394
f 390 428 391
f 394 692 691
f 428 392 394
f 692 394 393
f 401 17 13
f 693 18 17
f 18 405 424
f 694 21 20
f 21 694 426
f 427 415 428
f 398 12 423
f 398 695 395
f 400 399 28
f 400 28 1614
f 401 400 403
f 403 400 1614
f 402 401 403
f 693 404 405
f 33 408 31
f 694 409 411
f 696 694 411
f 411 32 430
f 697 411 430
f 411 697 696
f 697 430 413
f 412 697 413
f 414 412 695
f 695 26 1515
f 389 432 388
f 386 43 384
f 45 689 384
f 688 47 381
f 381 49 687
f 56 684 685
f 684 435 683
f 683 59 680
f 417 698 9
f 5 4 699
f 6 700 4
f 58 701 60
f 71 437 89
f 71 73 437
f 437 440 439
f 439 440 702
f 73 74 440
f 74 703 440
f 74 442 703
f 442 441 703
f 77 79 443
f 79 704 443
f 79 445 704
f 704 445 705
f 79 81 445
f 705 444 706
f 444 448 706
f 81 82 444
f 82 448 444
f 82 446 448
f 82 449 446
f 449 83 450
f 450 83 85
f 453 451 85
f 456 453 454
f 87 88 454
f 455 88 457
f 458 707 455
f 458 459 707
f 457 89 458
f 74 708 75
f 709 76 75
f 76 709 78
f 78 710 80
f 710 449 80
f 470 86 84
f 86 471 476
f 474 71 90
f 462 72 71
f 461 460 463
f 711 462 461
f 711 93 96
f 464 711 96
f 712 711 464
f 708 712 464
f 96 95 464
f 708 464 465
f 466 95 98
f 466 713 709
f 714 710 467
f 468 714 101
f 468 715 714
f 470 468 469
f 470 715 468
f 469 105 472
f 460 474 473
f 108 459 716
f 108 707 459
f 455 113 456
f 456 115 452
f 452 118 447
f 447 120 448
f 123 705 706
f 125 704 705
f 717 484 702
f 702 130 439
f 718 719 479
f 67 720 65
f 721 720 67
f 722 67 477
f 477 70 69
f 70 479 475
f 131 723 133
f 85 84 86
f 95 94 98
f 100 97 103
f 102 103 105
f 101 99 97
f 104 472 105
f 485 141 724
f 522 141 485
f 488 491 489
f 143 488 140
f 143 725 488
f 725 492 488
f 725 518 492
f 492 726 490
f 726 727 490
f 518 726 492
f 518 146 726
f 728 726 146
f 146 145 728
f 729 730 731
f 728 730 729
f 145 730 728
f 145 520 730
f 730 519 732
f 520 519 730
f 519 513 732
f 149 513 519
f 149 493 495
f 493 148 152
f 152 496 494
f 493 152 494
f 496 153 498
f 153 155 498
f 733 511 734
f 522 735 521
f 501 518 725
f 144 504 145
f 504 520 145
f 520 736 147
f 147 737 148
f 738 150 148
f 739 151 150
f 151 508 154
f 508 156 154
f 740 522 156
f 522 741 142
f 143 742 725
f 166 523 743
f 744 745 746
f 744 741 745
f 747 746 158
f 747 158 157
f 502 501 500
f 160 503 500
f 504 502 503
f 505 503 524
f 736 504 505
f 506 736 505
f 738 737 506
f 508 739 748
f 748 509 508
f 743 509 167
f 743 740 510
f 724 188 486
f 511 170 734
f 497 529 496
f 495 180 513
f 731 749 729
f 183 727 729
f 727 531 490
f 489 534 724
f 515 750 135
f 137 528 751
f 751 528 752
f 181 753 182
f 527 754 755
f 523 159 158
f 164 525 162
f 526 164 163
f 167 526 165
f 530 514 179
f 514 516 749
f 749 181 183
f 532 533 534
f 525 505 524
f 509 526 167
f 565 756 536
f 756 541 536
f 536 541 537
f 541 540 537
f 544 543 757
f 758 759 544
f 759 760 544
f 544 760 542
f 761 762 760
f 545 542 762
f 763 551 762
f 763 550 551
f 549 547 546
f 764 554 549
f 765 554 553
f 553 766 765
f 764 552 554
f 552 767 555
f 768 556 558
f 768 769 556
f 769 562 559
f 770 559 562
f 562 771 560
f 771 565 560
f 563 566 772
f 573 773 774
f 773 578 775
f 776 580 777
f 778 779 780
f 781 584 782
f 783 586 784
f 785 786 787
f 787 786 784
f 786 785 788
f 789 790 788
f 790 791 792
f 789 785 567
f 793 570 572
f 794 793 572
f 572 571 577
f 573 794 572
f 795 796 576
f 576 579 578
f 797 579 796
f 580 579 798
f 799 779 800
f 583 582 801
f 584 802 583
f 584 583 585
f 803 587 585
f 585 787 586
f 787 585 588
f 568 588 587
f 537 227 538
f 617 564 563
f 229 564 617
f 229 561 564
f 230 770 561
f 619 557 770
f 804 805 557
f 239 548 547
f 241 806 807
f 806 622 545
f 622 543 545
f 808 537 540
f 809 1547 592
f 196 598 195
f 1613 196 615
f 1613 615 810
f 600 602 1633
f 780 811 778
f 213 608 199
f 221 611 219
f 222 224 613
f 609 614 218
f 236 237 239
f 242 245 243
f 812 227 808
f 1553 813 224
f 1637 814 1639
f 815 816 817
f 818 819 820
f 820 819 821
f 822 823 824
f 825 826 827
f 825 827 828
f 829 830 831
f 831 830 832
f 833 834 835
f 836 837 838
f 839 840 841
f 842 843 844
f 845 846 847
f 845 847 848
f 849 850 851
f 849 851 852
f 853 854 855
f 853 855 856
f 857 858 859
f 859 858 860
f 861 862 863
f 861 863 864
f 865 866 867
f 865 867 868
f 869 870 871
f 872 873 874
f 875 876 877
f 877 876 878
f 877 878 879
f 880 881 882
f 883 884 885
f 886 887 888
f 888 887 889
f 888 889 890
f 890 889 891
f 892 893 894
f 892 894 895
f 896 897 898
f 896 898 899
f 900 901 902
f 902 901 903
f 904 905 906
f 907 908 909
f 910 911 912
f 910 912 913
f 914 915 913
f 916 917 918
f 916 918 919
f 920 921 922
f 920 922 923
f 924 925 926
f 927 928 929
f 928 927 930
f 931 932 933
f 933 934 935
f 935 934 936
f 935 936 937
f 938 939 940
f 938 940 941
f 942 943 944
f 945 946 947
f 947 946 948
f 949 950 951
f 949 951 952
f 953 954 952
f 365 354 363
f 1656 1619 1585
f 1522 1558 1563
f 302 304 1493
f 369 312 671
f 327 325 1654
f 955 672 1496
f 1497 1655 956
f 1578 1502 679
f 334 1568 377
f 377 338 335
f 341 1643 376
f 19 378 15
f 392 11 682
f 680 682 683
f 14 683 11
f 687 686 378
f 687 378 19
f 688 382 689
f 689 380 425
f 689 425 385
f 386 383 690
f 383 22 23
f 13 399 401
f 391 394 691
f 409 20 407
f 17 401 402
f 402 693 17
f 18 693 405
f 405 407 424
f 407 20 424
f 409 694 20
f 426 694 696
f 696 427 426
f 696 697 427
f 697 415 427
f 428 415 414
f 414 398 423
f 398 10 12
f 398 397 10
f 414 695 398
f 1515 395 695
f 1515 396 395
f 399 397 28
f 1614 30 403
f 30 404 403
f 402 404 693
f 31 408 406
f 680 59 61
f 697 412 415
f 695 412 26
f 61 681 680
f 692 35 691
f 691 35 37
f 432 389 37
f 40 388 432
f 43 386 434
f 689 45 688
f 384 43 45
f 47 688 45
f 381 47 49
f 687 49 52
f 687 52 686
f 686 52 54
f 686 54 685
f 684 56 435
f 54 56 685
f 59 683 435
f 5 957 418
f 958 699 4
f 8 959 1491
f 960 961 60
f 39 433 40
f 31 404 30
f 702 440 703
f 717 703 441
f 441 443 717
f 453 452 451
f 705 445 444
f 74 712 708
f 75 465 709
f 78 709 713
f 713 710 78
f 710 714 449
f 476 474 90
f 84 715 470
f 470 471 86
f 471 474 476
f 72 462 712
f 71 474 462
f 461 93 711
f 712 462 711
f 466 709 465
f 466 99 713
f 99 467 713
f 713 467 710
f 714 467 101
f 469 472 471
f 463 460 473
f 455 110 113
f 456 113 115
f 452 115 481
f 481 118 452
f 447 118 120
f 482 123 706
f 484 717 127
f 702 484 130
f 439 130 132
f 962 107 106
f 66 65 1618
f 964 478 66
f 131 134 132
f 104 463 473
f 486 485 724
f 727 726 728
f 732 731 730
f 495 513 149
f 496 498 497
f 511 733 521
f 511 521 735
f 742 499 725
f 725 499 501
f 502 504 144
f 520 504 736
f 736 737 147
f 148 737 738
f 738 739 150
f 739 508 151
f 142 741 744
f 508 510 156
f 156 510 740
f 740 741 522
f 742 143 744
f 743 523 745
f 747 499 742
f 157 500 747
f 747 500 499
f 157 160 500
f 160 524 503
f 525 506 505
f 506 737 736
f 525 164 506
f 507 738 506
f 526 509 748
f 507 739 738
f 164 739 507
f 164 748 739
f 166 743 167
f 512 511 965
f 529 497 172
f 529 175 496
f 514 732 513
f 531 727 183
f 749 183 729
f 185 490 531
f 489 532 534
f 527 966 528
f 724 534 188
f 137 967 515
f 968 528 966
f 969 966 527
f 139 754 527
f 970 754 139
f 152 148 150
f 516 181 749
f 533 535 534
f 526 748 164
f 542 760 762
f 545 762 806
f 548 807 546
f 807 551 546
f 547 554 765
f 766 553 555
f 557 805 558
f 559 556 769
f 770 557 559
f 561 770 562
f 564 561 560
f 794 573 774
f 773 573 574
f 574 578 773
f 777 580 798
f 578 580 971
f 776 971 580
f 972 581 973
f 802 584 781
f 784 586 787
f 788 785 789
f 789 791 790
f 789 567 569
f 577 574 572
f 576 796 579
f 797 798 579
f 974 799 800
f 583 802 581
f 803 585 583
f 567 588 568
f 588 567 787
f 787 567 785
f 230 618 770
f 770 618 619
f 557 619 804
f 236 239 547
f 543 622 243
f 241 622 806
f 592 595 975
f 243 245 543
f 245 757 543
f 808 227 537
f 976 228 617
f 593 804 619
f 804 593 977
f 227 812 225
f 625 624 978
f 979 634 980
f 981 982 983
f 984 985 986
f 984 987 985
f 987 984 988
f 989 988 990
f 991 992 993
f 994 995 996
f 997 998 999
f 1000 997 999
f 828 827 1001
f 1002 822 824
f 1003 828 1001
f 1003 1001 1004
f 1005 1006 1007
f 1008 1005 1007
f 1009 1010 1011
f 1012 1009 1011
f 1013 1014 1015
f 839 1016 1017
f 1018 1019 1020
f 840 1020 841
f 1019 841 1020
f 1021 1022 843
f 843 842 1021
f 848 847 1023
f 1024 848 1023
f 1025 1026 1027
f 851 1028 852
f 1029 852 1028
f 1029 1028 1030
f 1031 1032 1033
f 858 857 1034
f 1035 1636 1037
f 1038 1605 1036
f 864 863 1039
f 1040 864 1039
f 1040 1039 1041
f 1042 1043 1044
f 1045 1046 1047
f 868 867 1048
f 1049 1050 1048
f 1050 868 1048
f 1051 1052 1053
f 871 870 1054
f 1055 871 1054
f 1056 1057 1058
f 1059 875 1060
f 874 873 1061
f 875 1059 876
f 1062 1063 1064
f 1065 1066 1067
f 1065 1067 1068
f 1069 1070 1071
f 1072 1073 1074
f 1075 1076 1077
f 1078 1075 1077
f 895 894 1079
f 1080 895 1079
f 880 1081 881
f 1082 899 898
f 1082 898 1083
f 1084 904 906
f 1084 906 1085
f 907 1086 908
f 1087 1088 1089
f 913 912 914
f 915 914 1090
f 1091 915 1090
f 1089 1092 1087
f 1093 1094 1095
f 1096 1097 1098
f 1099 1096 1098
f 1100 1101 1102
f 923 922 1103
f 1104 923 1103
f 1104 1103 1105
f 925 1106 926
f 928 1107 929
f 930 927 1108
f 1109 930 1108
f 1109 1108 1110
f 1111 1112 1113
f 933 932 934
f 1114 1115 1671
f 940 1117 941
f 1118 941 1117
f 1118 1117 1119
f 1120 1121 1122
f 1123 1124 1125
f 1123 1125 1126
f 1127 1128 1129
f 952 951 953
f 954 953 1130
f 1653 1632 1599
f 304 346 1493
f 1131 673 1654
f 678 1132 676
f 1506 1578 679
f 689 382 380
f 23 690 383
f 423 428 414
f 431 35 692
f 37 389 691
f 386 690 434
f 8 7 1133
f 703 717 702
f 456 452 453
f 75 708 465
f 715 84 83
f 74 72 712
f 705 123 125
f 720 963 65
f 729 727 728
f 733 155 521
f 744 143 142
f 510 509 743
f 188 1134 486
f 489 491 532
f 141 522 142
f 160 161 524
f 1134 188 187
f 554 547 549
f 565 563 560
f 971 775 578
f 574 576 578
f 227 616 538
f 561 229 230
f 766 620 233
f 976 617 1135
f 1136 1137 1138
f 989 987 988
f 1139 1140 1141
f 1142 1139 1141
f 991 1143 992
f 1144 1145 1673
f 1146 1147 1148
f 1149 819 818
f 1150 1151 1152
f 1153 1154 1155
f 1017 840 839
f 1156 1157 1158
f 1159 1033 1032
f 1160 1161 1162
f 860 1163 859
f 1164 1165 1041
f 1052 1051 1166
f 1167 870 869
f 1068 1168 1065
f 1168 1169 1065
f 1170 1171 1172
f 1173 1174 1175
f 1106 1176 926
f 1177 1178 1179
f 1116 1180 1670
f 1128 1127 1181
f 366 368 1136
f 1582 289 290
f 342 376 1501
f 663 662 366
f 663 366 1136
f 1182 1183 1184
f 1182 1184 1185
f 1186 1167 869
f 1186 869 1187
f 1124 1121 1120
f 1124 1120 1125
f 1188 1189 1190
f 1188 1190 1191
f 1192 1193 1194
f 1192 1194 1195
f 1184 1140 1196
f 1184 1196 1185
f 1197 1198 1199
f 1197 1199 1200
f 397 399 13
f 397 13 10
f 408 407 405
f 408 405 406
f 410 409 408
f 410 408 33
f 434 690 388
f 434 388 40
f 433 41 43
f 433 43 434
f 714 715 83
f 714 83 449
f 472 473 474
f 472 474 471
f 439 132 134
f 439 134 438
f 108 110 455
f 108 455 707
f 448 120 482
f 448 482 706
f 125 483 443
f 125 443 704
f 483 127 717
f 483 717 443
f 479 63 62
f 479 62 718
f 489 724 141
f 489 141 140
f 497 155 733
f 497 733 734
f 501 502 144
f 501 144 518
f 745 741 740
f 745 740 743
f 158 746 745
f 158 745 523
f 746 747 742
f 746 742 744
f 734 170 172
f 734 172 497
f 175 178 494
f 175 494 496
f 180 495 494
f 180 494 178
f 732 514 749
f 732 749 731
f 185 532 491
f 185 491 490
f 806 762 551
f 806 551 807
f 777 798 779
f 777 779 778
f 581 802 781
f 581 781 973
f 584 586 783
f 584 783 782
f 1201 793 794
f 1201 794 774
f 1202 791 789
f 1202 789 569
f 800 779 798
f 800 798 797
f 617 563 772
f 617 772 1135
f 621 765 766
f 621 766 233
f 236 547 765
f 236 765 621
f 548 239 241
f 548 241 807
f 995 994 1490
f 995 1490 1203
f 1642 670 1204
f 1642 1204 675
f 1196 1140 1139
f 1196 1139 1205
f 1183 1182 1205
f 1183 1205 1139
f 993 1206 1207
f 993 1207 991
f 1208 1209 1210
f 1208 1210 1211
f 1183 1212 1213
f 1183 1213 1184
f 1207 1206 1214
f 1207 1214 1215
f 1216 1192 1217
f 1216 1217 1218
f 1219 1220 1221
f 1219 1221 1222
f 1223 1224 1225
f 1223 1225 1195
f 1226 1146 1148
f 1226 1148 1227
f 1228 1672 1674
f 1228 1674 1489
f 1548 1666 1203
f 1548 1203 1490
f 1625 1229 1230
f 1625 1230 1660
f 1231 1232 1233
f 1231 1233 1234
f 1235 1236 1237
f 1235 1237 1238
f 1239 1240 1676
f 1239 1676 1675
f 1241 1242 1000
f 1241 1000 999
f 1627 1661 1006
f 1627 1006 1005
f 1243 1153 1155
f 1243 1155 1244
f 836 838 1010
f 836 1010 1009
f 1245 1246 1247
f 1245 1247 1248
f 1249 1250 1251
f 1249 1251 1252
f 1253 1254 1255
f 1253 1255 1256
f 1255 854 853
f 1255 853 1256
f 1257 1669 1677
f 1257 1677 1258
f 885 1076 1075
f 885 1075 883
f 1171 1259 1260
f 1171 1260 1172
f 1261 1262 905
f 1261 905 904
f 918 1097 1096
f 918 1096 919
f 353 1138 668
f 353 668 354
f 1263 1264 1265
f 1263 1265 1266
f 1599 1267 1268
f 1599 1268 1653
f 1269 1270 1271
f 1269 1271 1272
f 1273 1274 1275
f 1273 1275 1276
f 665 349 662
f 665 662 664
f 1603 363 668
f 1603 668 1138
f 1277 1278 1279
f 1277 1279 1280
f 1281 1282 1283
f 1281 1283 1284
f 1285 1286 1287
f 1285 1287 1288
f 1523 1584 1617
f 1523 1617 1552
f 1231 1220 1617
f 1231 1617 657
f 1219 1552 1617
f 1219 1617 1220
f 1289 1494 1551
f 1289 1551 1290
f 1291 1232 1231
f 1291 1231 657
f 1131 1654 325
f 1131 325 1292
f 1293 1294 815
f 1293 815 817
f 1295 1292 325
f 1295 325 679
f 352 1667 368
f 1667 352 666
f 1667 666 1296
f 1668 1572 1503
f 1297 1298 1299
f 1298 1297 1300
f 1298 1300 1301
f 1301 1300 1302
f 1302 1300 1303
f 1302 1303 1304
f 1305 1306 1307
f 1306 1305 1308
f 1306 1308 1309
f 1309 1308 1310
f 1309 1310 1311
f 1312 1313 1314
f 1313 1312 1315
f 1315 1312 1316
f 1315 1316 1317
f 1317 1316 1318
f 1319 1320 629
f 1320 1319 1321
f 1321 1319 254
f 1321 254 1322
f 1322 254 256
f 1322 256 1323
f 1323 256 1324
f 1324 256 1325
f 1195 1326 1327
f 1326 1195 1328
f 1328 1195 1329
f 1327 1326 1330
f 662 349 367
f 351 367 349
f 1659 1331 1332
f 1331 1659 1333
f 1331 1333 1334
f 1334 1333 1335
f 629 1336 626
f 1336 629 1337
f 1336 1337 1338
f 1337 629 1320
f 1338 1339 1336
f 1340 1341 1342
f 1341 1340 1343
f 1343 1340 1344
f 1343 1344 1345
f 1325 1346 1324
f 1346 1325 1347
f 1216 1348 1349
f 1348 1216 1344
f 1344 1216 1350
f 1350 1216 1351
f 1351 1216 1352
f 1352 1216 1353
f 1353 1216 1354
f 1354 1216 1355
f 1355 1216 1356
f 1356 1216 1357
f 1357 1216 1358
f 1346 1223 1359
f 1223 1346 1347
f 1223 1347 1358
f 1223 1358 1216
f 1355 1360 1354
f 1361 1334 1335
f 1334 1361 626
f 626 1361 1345
f 626 1345 627
f 627 1345 1344
f 627 1344 1350
f 627 1350 1362
f 627 1362 980
f 980 1362 979
f 1210 1363 1211
f 1363 1210 1364
f 1364 1210 1365
f 1365 1210 1342
f 1365 1342 1341
f 1366 1659 1638
f 1659 1366 1211
f 1659 1211 1363
f 1659 1363 1333
f 1216 1193 1192
f 1193 1216 1367
f 1367 1216 1368
f 1368 1216 1369
f 1368 1369 1370
f 1368 1370 1371
f 1369 1216 1372
f 1372 1216 249
f 1372 249 248
f 249 1216 1373
f 1373 1216 1374
f 1374 1216 1375
f 1374 1375 1208
f 1208 1375 1209
f 1375 1216 1376
f 1376 1216 1349
f 1370 1377 1371
f 1377 1370 978
f 1377 978 1378
f 1378 978 253
f 253 978 624
f 253 624 1379
f 1331 1380 1332
f 1379 251 253
f 251 1379 1381
f 251 1381 1382
f 1382 1381 1383
f 1382 1383 1640
f 1640 1383 1332
f 1640 1332 1384
f 1384 1332 1380
f 1385 1386 1194
f 1386 1385 1387
f 1387 1385 1388
f 1387 1388 1389
f 1389 1388 1390
f 1389 1390 1330
f 1330 1390 1368
f 1330 1368 1327
f 1327 1368 1371
f 1195 1386 1329
f 1386 1195 1194
f 250 246 248
f 246 250 1391
f 246 1391 632
f 1339 1392 1393
f 1392 1339 1394
f 1394 1339 1338
f 1394 1338 1395
f 1395 1223 1396
f 1223 1395 1397
f 1397 1395 1398
f 1398 1395 1338
f 1223 1397 1399
f 1223 1399 1400
f 1223 1400 1401
f 1401 1400 1662
f 1223 1401 1402
f 1223 1402 1359
f 1355 1403 1360
f 1360 634 979
f 634 1360 255
f 255 1360 1403
f 1384 1495 1640
f 1495 1384 1404
f 1404 1384 1405
f 1405 1384 1393
f 1405 1393 1392
f 1195 1406 1223
f 1406 1195 1327
f 1406 1327 1407
f 1407 1327 1408
f 1407 1408 631
f 1407 631 630
f 1406 1407 1409
f 1406 1409 1410
f 1410 1409 1495
f 1410 1495 1404
f 1223 1406 1396
f 1411 1412 1413
f 1412 1411 1414
f 1412 1414 1415
f 1415 1414 1416
f 1415 1416 1417
f 1418 1419 1420
f 1419 1418 1421
f 1421 1418 1422
f 1421 1422 1423
f 1421 1423 1424
f 1424 1423 1425
f 1426 1427 1428
f 1427 1426 1429
f 1429 1426 1430
f 1429 1430 1431
f 1431 1430 1432
f 1431 1432 1433
f 1434 1435 1436
f 1435 1434 1437
f 1435 1437 1438
f 1438 1437 1439
f 1438 1439 1440
f 1441 1442 1443
f 1442 1441 1444
f 1442 1444 1445
f 1445 1444 1446
f 1445 1446 1447
f 1448 1449 1450
f 1449 1448 1451
f 1451 1448 1452
f 1451 1452 1453
f 1453 1452 1454
f 1455 1456 1457
f 1456 1455 1458
f 1458 1455 1459
f 1458 1459 1460
f 1460 1459 1461
f 1462 1463 1464
f 1463 1462 639
f 639 1462 1465
f 639 1465 640
f 1466 1467 1468
f 1467 1466 1469
f 1469 1466 1470
f 1470 1466 1471
f 1470 1471 1472
f 1472 1471 1473
f 1474 1475 1476
f 1475 1474 1477
f 1475 1477 1478
f 1478 1477 1479
f 1479 1477 1480
f 1481 1482 1483
f 1482 1481 1484
f 1482 1484 1485
f 1485 1484 1486
f 1485 1486 1487
f 354 1488 356
f 1488 361 667
f 1138 663 1136
f 663 1138 664
f 664 1138 665
f 665 1138 350
f 350 1138 666
f 666 1138 362
f 362 1138 360
f 360 1138 359
f 359 1138 357
f 357 1138 355
f 355 1138 353
usemtl Dark_Metal_Marked
f 1686 1687 1688
f 1687 1689 1688
f 1687 1690 1689
f 1686 1691 1687
f 1686 1692 1691
f 1692 1693 1691
f 1692 1694 1693
f 1686 1695 1692
f 1686 1696 1695
f 1686 1697 1696
f 1698 1699 1700
f 1698 1701 1699
f 1701 1702 1699
f 1703 1704 1698
f 1704 1701 1698
f 1703 1705 1704
f 1706 1705 1703
f 1706 1707 1705
f 1706 1708 1707
f 1709 1710 1711
f 1709 1712 1710
f 1712 1713 1710
f 1714 1708 1706
f 1714 1715 1708
f 1716 1713 1712
f 1714 1717 1715
f 1718 1717 1714
f 1719 1713 1716
f 1718 1719 1717
f 1718 1713 1719
f 1720 1713 1718
f 1720 1721 1713
f 1722 1723 1724
f 1723 1725 1724
f 1723 1726 1725
f 1723 1727 1726
f 1722 1728 1723
f 1729 1726 1727
f 1729 1730 1726
f 1731 1730 1729
f 1731 1732 1730
f 1733 1732 1731
f 1722 1734 1728
f 1734 1733 1728
f 1734 1732 1733
f 1734 1735 1732
f 1734 1736 1735
f 1722 1737 1734
f 1736 1738 1735
f 1739 1738 1736
f 1739 1740 1738
f 1741 1740 1739
f 1742 1743 1744
f 1742 1745 1743
f 1745 1746 1743
f 1742 1747 1745
f 1748 1746 1745
f 1742 1749 1747
f 1749 1748 1747
f 1749 1750 1748
f 1750 1746 1748
f 1742 1751 1749
f 1752 1746 1750
f 1753 1754 1755
f 1753 1756 1754
f 1757 1758 1759
f 1757 1760 1758
f 1753 1761 1756
f 1761 1757 1756
f 1761 1762 1757
f 1762 1760 1757
f 1753 1763 1761
f 1764 1760 1762
f 1765 1766 1767
f 1765 1768 1766
f 1765 1769 1768
f 1769 1770 1768
f 1771 1769 1765
f 1765 1772 1771
f 1773 1772 1765
f 1773 1774 1772
f 1775 1774 1773
f 1775 1776 1774
f 1777 1776 1775
f 1777 1778 1776
f 1779 1778 1777
f 1780 1781 1782
f 1779 1783 1778
f 1783 1781 1780
f 1779 1781 1783
f 1784 1781 1779
f 1784 1785 1781
f 1786 1787 1788
f 1788 1787 1789
f 1788 1789 1790
f 1786 1788 1791
f 1786 1791 1792
f 1792 1791 1793
f 1792 1793 1794
f 1786 1792 1795
f 1786 1795 1796
f 1786 1796 1797
f 1798 1799 1800
f 1798 1800 1801
f 1801 1800 1802
f 1803 1798 1804
f 1804 1798 1801
f 1803 1804 1805
f 1806 1803 1805
f 1806 1805 1807
f 1806 1807 1808
f 1809 1810 1811
f 1809 1811 1812
f 1812 1811 1813
f 1814 1806 1808
f 1814 1808 1815
f 1816 1812 1813
f 1814 1815 1817
f 1818 1814 1817
f 1819 1816 1813
f 1818 1817 1819
f 1818 1819 1813
f 1820 1818 1813
f 1820 1813 1821
f 1822 1823 1824
f 1824 1823 1825
f 1824 1825 1826
f 1824 1826 1827
f 1822 1824 1828
f 1829 1827 1826
f 1829 1826 1830
f 1831 1829 1830
f 1831 1830 1832
f 1833 1831 1832
f 1822 1828 1834
f 1834 1828 1833
f 1834 1833 1832
f 1834 1832 1835
f 1834 1835 1836
f 1822 1834 1837
f 1836 1835 1838
f 1839 1836 1838
f 1839 1838 1840
f 1841 1839 1840
f 1842 1843 1844
f 1842 1844 1845
f 1845 1844 1846
f 1842 1845 1847
f 1848 1845 1846
f 1842 1847 1849
f 1849 1847 1848
f 1849 1848 1850
f 1850 1848 1846
f 1842 1849 1851
f 1852 1850 1846
f 1853 1854 1855
f 1853 1855 1856
f 1857 1858 1859
f 1857 1859 1860
f 1853 1856 1861
f 1861 1856 1857
f 1861 1857 1862
f 1862 1857 1860
f 1853 1861 1863
f 1864 1862 1860
f 1865 1866 1867
f 1865 1867 1868
f 1865 1868 1869
f 1869 1868 1870
f 1871 1865 1869
f 1865 1871 1872
f 1873 1865 1872
f 1873 1872 1874
f 1875 1873 1874
f 1875 1874 1876
f 1877 1875 1876
f 1877 1876 1878
f 1879 1877 1878
f 1880 1881 1882
f 1879 1878 1883
f 1883 1880 1882
f 1879 1883 1882
f 1884 1879 1882
f 1884 1882 1885
f 1886 1887 1888
f 1889 1890 1891
f 1892 1893 1894
f 1895 1896 1897
f 1898 1899 1900
f 1901 1902 1903
f 1904 1905 5385
f 1906 1907 1908
f 1907 1909 1908
f 1907 1910 1909
f 1907 1911 1910
f 1906 1912 1907
f 1911 1913 1910
f 1914 1913 1911
f 1915 1913 1914
f 1915 1916 1913
f 1917 1916 1915
f 1906 1918 1912
f 1918 1917 1912
f 1918 1916 1917
f 1918 1919 1916
f 1918 1920 1919
f 1906 1921 1918
f 1920 1922 1919
f 1923 1922 1920
f 1923 1924 1922
f 1925 1924 1923
f 1926 1927 1928
f 1927 1929 1928
f 1927 1930 1929
f 1926 1931 1927
f 1926 1932 1931
f 1932 1933 1931
f 1932 1934 1933
f 1926 1935 1932
f 1926 1936 1935
f 1926 1937 1936
f 1938 1939 1940
f 1938 1941 1939
f 1941 1942 1943
f 1941 1944 1942
f 1944 1945 1942
f 1945 1946 1947
f 1945 1948 1946
f 1941 1938 1944
f 1948 1945 1944
f 1949 1950 1951
f 1949 1952 1950
f 1953 1952 1949
f 1954 1952 1953
f 1954 1955 1952
f 1956 1953 1949
f 1956 1957 1953
f 1956 1958 1957
f 1959 1955 1954
f 1960 1958 1956
f 1961 1955 1959
f 1960 1962 1958
f 1961 1963 1955
f 1964 1962 1960
f 1964 1965 1962
f 1966 1963 1961
f 1966 1967 1963
f 1964 1968 1965
f 1969 1968 1964
f 1970 1967 1966
f 1969 1971 1968
f 1972 1967 1970
f 1972 1973 1967
f 1971 1973 1972
f 1969 1973 1971
f 1974 1973 1969
f 1974 1975 1973
f 1976 1977 1978
f 1977 1979 1978
f 1977 1980 1979
f 1977 1981 1980
f 1976 1982 1977
f 1983 1980 1981
f 1983 1984 1980
f 1985 1984 1983
f 1986 1984 1985
f 1986 1987 1984
f 1976 1988 1982
f 1988 1986 1982
f 1988 1987 1986
f 1988 1989 1987
f 1976 1990 1988
f 1991 1992 1993
f 1993 1992 1994
f 1993 1994 1995
f 1993 1995 1996
f 1991 1993 1997
f 1996 1995 1998
f 1999 1996 1998
f 2000 1999 1998
f 2000 1998 2001
f 2002 2000 2001
f 1991 1997 2003
f 2003 1997 2002
f 2003 2002 2001
f 2003 2001 2004
f 2003 2004 2005
f 1991 2003 2006
f 2005 2004 2007
f 2008 2005 2007
f 2008 2007 2009
f 2010 2008 2009
f 2011 2012 2013
f 2013 2012 2014
f 2013 2014 2015
f 2011 2013 2016
f 2011 2016 2017
f 2017 2016 2018
f 2017 2018 2019
f 2011 2017 2020
f 2011 2020 2021
f 2011 2021 2022
f 2023 2024 2025
f 2023 2025 2026
f 2026 2027 2028
f 2026 2028 2029
f 2029 2028 2030
f 2030 2031 2032
f 2030 2032 2033
f 2026 2029 2023
f 2033 2029 2030
f 2034 2035 2036
f 2034 2036 2037
f 2038 2034 2037
f 2039 2038 2037
f 2039 2037 2040
f 2041 2034 2038
f 2041 2038 2042
f 2041 2042 2043
f 2044 2039 2040
f 2045 2041 2043
f 2046 2044 2040
f 2045 2043 2047
f 2046 2040 2048
f 2049 2045 2047
f 2049 2047 2050
f 2051 2046 2048
f 2051 2048 2052
f 2049 2050 2053
f 2054 2049 2053
f 2055 2051 2052
f 2054 2053 2056
f 2057 2055 2052
f 2057 2052 2058
f 2056 2057 2058
f 2054 2056 2058
f 2059 2054 2058
f 2059 2058 2060
f 2061 2062 2063
f 2063 2062 2064
f 2063 2064 2065
f 2063 2065 2066
f 2061 2063 2067
f 2068 2066 2065
f 2068 2065 2069
f 2070 2068 2069
f 2071 2070 2069
f 2071 2069 2072
f 2061 2067 2073
f 2073 2067 2071
f 2073 2071 2072
f 2073 2072 2074
f 2061 2073 2075
f 2076 2077 2078
f 2079 2080 2081
f 2082 2083 2084
f 2085 2086 2087
f 2088 2089 6028
f 2090 2091 2092
f 2093 2094 2095
f 2096 2097 2098
f 2099 2100 2101
f 2102 2103 2104
f 2105 2106 2107
f 2106 2108 2107
f 2109 2110 2111
f 5230 2112 5228
f 2112 2113 5228
f 2114 2115 2116
f 2115 2117 2116
f 5229 2118 5226
f 2119 2120 2121
f 2120 2122 2121
f 5217 2123 5179
f 2124 2125 2126
f 5216 2127 5178
f 2127 2128 5178
f 2129 2130 2131
f 2130 2132 2131
f 2133 2134 2135
f 5364 2136 5171
f 2137 2138 2139
f 5363 2140 5170
f 2141 2142 2143
f 5164 2144 5163
f 5160 2145 2143
f 2146 2147 2148
f 2147 2149 2150
f 2151 2152 2153
f 2152 2154 2153
f 2155 2156 2157
f 2156 2158 2157
f 2159 2160 2161
f 2162 2163 2164
f 5399 2165 5136
f 5134 2166 5137
f 2167 2168 2169
f 2168 2170 2169
f 2170 2171 2169
f 2171 2172 2169
f 2173 2174 2175
f 2174 2176 2175
f 2176 2177 2175
f 2177 2178 2175
f 2179 2180 2181
f 2182 2183 2184
f 2183 2185 2184
f 2186 2187 2188
f 2189 5114 2191
f 2187 2190 2192
f 2193 2194 2195
f 2193 2196 2194
f 2197 2187 2186
f 2197 2190 2187
f 2198 2190 2199
f 2200 2201 2202
f 5107 5112 5517
f 5518 5116 5108
f 2204 2205 2206
f 2207 2208 5295
f 2209 5103 5059
f 2210 2211 2212
f 2211 2213 2212
f 5146 2214 5058
f 2215 2216 5496
f 2217 2218 2219
f 5093 2220 5036
f 5052 2221 2222
f 5037 5100 5055
f 4764 2216 2223
f 2224 2225 2226
f 2225 2227 2226
f 2228 2229 2230
f 2231 2232 2233
f 5035 2234 5032
f 2235 2236 2237
f 5447 2238 5029
f 5033 2239 5030
f 2240 2241 2242
f 2240 2243 2241
f 2244 2245 2246
f 2242 2247 5200
f 5019 2248 2249
f 2250 2251 2252
f 2252 2253 2254
f 2255 2243 2256
f 2257 2258 2259
f 2260 2248 2261
f 2258 2262 6184
f 2263 2264 5082
f 2265 2266 2267
f 2268 2269 2270
f 5419 2271 2272
f 2273 5183 5182
f 2274 2275 2276
f 5010 2277 2278
f 5361 5185 5011
f 2279 2280 2281
f 2282 2283 2281
f 2284 2285 2286
f 2285 2287 2286
f 2288 2289 2290
f 5006 2291 5263
f 5487 2292 2290
f 2293 2294 2295
f 2294 2296 2295
f 2297 2298 2299
f 2298 2300 2299
f 2301 2302 2303
f 4988 2304 4986
f 5465 2305 2303
f 2306 2307 2308
f 5463 2309 4985
f 4987 2310 2308
f 2310 2311 2308
f 2312 2313 2314
f 2315 2316 2317
f 4975 2318 4971
f 4969 2319 4972
f 2320 2321 2322
f 4966 2323 4964
f 4974 2324 4965
f 2325 2326 2327
f 2326 2328 2327
f 4949 2329 5042
f 2330 2331 2332
f 2331 2333 2332
f 2333 2334 2332
f 2334 2335 2332
f 2336 2337 2338
f 2337 2339 2338
f 2339 2340 2338
f 2340 2341 2338
f 2342 2343 2344
f 2343 2345 2344
f 2345 2346 2344
f 2346 2347 2344
f 2348 2349 2350
f 2349 2351 2350
f 2351 2352 2350
f 2352 2353 2350
f 2354 2355 2356
f 2355 2357 2356
f 2357 2358 2356
f 2358 2359 2356
f 2360 2361 2362
f 2361 2363 2362
f 2363 2364 2362
f 2364 2365 2362
f 2366 2367 2368
f 2367 2369 4945
f 2370 2371 2372
f 2373 2374 4910
f 2375 2376 2377
f 2375 2378 2376
f 2375 2379 2378
f 4911 4877 4892
f 2380 2381 2382
f 4864 2383 2384
f 4875 2385 4865
f 2386 2387 2388
f 2389 2390 4858
f 4855 4859 2391
f 2392 2393 2394
f 2395 4833 2397
f 2398 5315 2399
f 2400 2401 2402
f 5344 2403 2404
f 5343 5333 2405
f 2401 2406 5334
f 2407 2408 5335
f 2409 5472 2406
f 4939 2410 5473
f 2411 2412 2413
f 4840 2414 2415
f 2416 2414 4843
f 2414 2417 2418
f 2419 2420 2416
f 2420 2421 2417
f 2422 2423 2419
f 5505 2424 5508
f 2425 2426 5416
f 2427 2424 2428
f 2427 2429 2430
f 2431 2432 2433
f 2434 2435 2429
f 4820 2436 2437
f 5331 4819 4818
f 2438 2439 2440
f 2439 2441 2442
f 2438 2443 2444
f 2441 2445 2446
f 2447 5005 2448
f 2443 2449 2445
f 2450 2451 5444
f 5237 2452 2449
f 5532 2453 2452
f 2454 2455 2456
f 2455 2457 2453
f 2458 2459 4808
f 2460 2457 2461
f 2462 2463 5270
f 5928 2460 5390
f 2460 5928 2464
f 2465 2466 2467
f 2467 2468 2469
f 2470 2471 2466
f 2468 2472 2473
f 2474 2471 2475
f 2476 2477 2472
f 2478 2479 2477
f 2480 2481 2482
f 5452 2484 2479
f 2485 2486 2480
f 2487 5131 2488
f 2485 2489 2490
f 2487 2491 2492
f 2493 2494 2489
f 2495 2496 2491
f 2494 2497 2498
f 4951 4856 4896
f 2499 2500 2501
f 2501 2502 2503
f 2504 2505 2500
f 2506 2507 4793
f 2505 2508 5321
f 4783 2509 5322
f 2510 2511 2512
f 2512 2513 2514
f 2515 2516 2511
f 2513 2517 2518
f 2519 2516 2520
f 2516 2521 2517
f 2521 2522 2517
f 2523 2524 2519
f 2524 2525 2521
f 2523 2526 2525
f 2527 2528 2529
f 4771 2530 2526
f 4773 2531 2532
f 2533 2534 2530
f 2535 2536 4936
f 2537 2534 2538
f 4763 2539 2537
f 2539 2540 2537
f 2541 2542 2543
f 2543 2542 2544
f 2545 2546 2542
f 2547 2548 5234
f 2549 5501 2546
f 5509 2550 5502
f 2551 2552 2553
f 2553 2554 2555
f 2556 2557 2552
f 2558 2559 4824
f 2560 5535 2557
f 5536 2561 2558
f 2562 2563 2564
f 2565 2566 2567
f 2568 2569 2570
f 2570 2571 2572
f 2573 2574 2575
f 2576 2577 2578
f 2579 2580 2581
f 2582 2583 2584
f 2585 2586 5555
f 2587 2588 2589
f 2589 2588 2590
f 2591 2592 2593
f 2594 2595 2596
f 2597 2598 2599
f 5567 5564 2600
f 5568 2597 2601
f 2602 2603 2604
f 2605 2606 2607
f 2608 2609 2610
f 2611 2612 5583
f 2613 2614 2615
f 2616 2617 2618
f 2619 2620 2621
f 2622 2623 2624
f 2624 2625 2626
f 2627 2628 2629
f 2630 2631 2632
f 2633 2634 2635
f 2636 2637 2638
f 2639 2640 2641
f 5278 5622 2642
f 2643 2206 2644
f 5646 5068 2645
f 5652 2646 2647
f 5091 2648 5647
f 5638 5094 2649
f 2650 2651 2652
f 2653 2654 2655
f 2656 2657 2658
f 1895 2659 2660
f 2661 2662 2663
f 2664 2665 2666
f 2667 2668 2669
f 2670 2671 2672
f 2673 2674 2675
f 2676 2677 2678
f 2679 2680 2681
f 2682 2683 2684
f 2683 2685 2686
f 5239 2687 5119
f 5706 5023 5120
f 5023 2688 5194
f 5707 2689 5195
f 5347 5708 2691
f 2692 2693 2694
f 2695 2696 2697
f 2698 2699 2700
f 2701 2702 2703
f 2704 2705 2706
f 2707 2708 2709
f 2710 2711 2712
f 2713 2714 2715
f 2716 2717 2718
f 2719 2720 2721
f 2722 2723 2724
f 2724 5762 2725
f 2726 2727 2728
f 2729 2730 2731
f 2732 2733 2734
f 2735 2736 2737
f 2738 2739 2740
f 2741 2742 2743
f 4801 2744 5782
f 2744 2745 2746
f 2746 5783 2747
f 2748 2749 2750
f 2751 2752 2753
f 2754 2755 2562
f 2756 2757 2566
f 2758 2569 2759
f 2571 2760 2761
f 2762 2763 2573
f 2764 2765 2577
f 2766 2767 2579
f 2768 2769 5552
f 5553 5392 2585
f 2770 2771 2591
f 5562 5796 2594
f 5797 2772 2594
f 2773 2774 5575
f 5802 2606 5577
f 2608 2775 5585
f 2611 5805 2776
f 5805 2777 2776
f 2616 2778 2779
f 2780 2781 2779
f 5813 2782 2783
f 2619 2784 2785
f 5998 6204 2623
f 2623 6204 2625
f 6205 2786 5609
f 5610 6206 2628
f 2787 2788 2631
f 2789 2790 2791
f 5830 2792 2634
f 2793 2794 5222
f 5223 2795 2796
f 2797 2798 2640
f 5622 2799 2800
f 2801 2802 5661
f 2650 2803 2804
f 2656 2805 2806
f 2659 2807 2808
f 2661 2809 2810
f 2665 2811 2812
f 5398 5123 2668
f 2671 2813 2814
f 5693 5859 5691
f 2677 2815 5703
f 5861 2816 2679
f 2682 2817 2818
f 2685 2819 2820
f 2821 2822 2823
f 5665 2824 5865
f 2825 2826 2827
f 5666 2828 2829
f 2830 2831 5706
f 2832 5718 5716
f 2832 2833 5718
f 2834 2835 5728
f 2834 6084 2835
f 2836 2837 2705
f 5468 6216 2708
f 2711 2838 2839
f 5889 5886 2714
f 2717 2840 5161
f 5481 2841 5162
f 2842 2843 2727
f 5890 5403 2730
f 2844 2845 5778
f 2844 5249 2845
f 5429 2846 5250
f 4801 2847 2745
f 2848 2849 2748
f 5894 5977 2752
f 2850 2851 2754
f 5900 5897 2757
f 2758 2852 2853
f 2854 2852 2760
f 2855 5755 2856
f 2762 5750 2857
f 2857 5750 2858
f 2858 5750 2765
f 2859 2860 2861
f 5902 2862 2863
f 2864 2865 2866
f 2865 2867 2868
f 2869 2870 2871
f 5914 2872 2873
f 2874 2875 2876
f 2875 2877 2878
f 2879 2880 2881
f 5269 2882 2775
f 5805 2883 2884
f 2885 2886 2778
f 2778 2887 2780
f 5812 2888 2889
f 2890 2891 2892
f 5822 5494 5821
f 2893 5827 2894
f 4883 2895 5837
f 2896 5839 2897
f 2898 2799 2798
f 2899 2900 2901
f 5952 2902 2903
f 2903 2904 2905
f 2906 2907 2908
f 5954 2909 2910
f 2911 2912 5847
f 2913 2914 5848
f 2915 2916 5854
f 2917 2807 2918
f 5298 2919 2920
f 2920 2921 5856
f 2809 2922 2923
f 2924 2925 2926
f 5967 2927 2928
f 2929 2930 2931
f 5329 2932 2933
f 2934 2935 2936
f 6239 2937 2938
f 4816 2939 2940
f 2819 2941 2942
f 2943 2944 2945
f 2822 2946 5875
f 2824 2947 5601
f 2826 2948 5876
f 6115 2949 2828
f 2830 2950 2951
f 2952 2953 2954
f 2955 2956 2957
f 4963 2958 2959
f 2960 2961 2962
f 5898 2963 2964
f 5986 2965 2966
f 2967 2968 2969
f 2970 2971 2972
f 2973 2974 2975
f 2975 2976 2977
f 2978 2979 2980
f 6006 2981 2982
f 2983 2984 2985
f 5919 2986 2987
f 2988 2989 2990
f 6220 2991 2992
f 2993 2994 2995
f 2994 2993 2847
f 5892 2996 2997
f 6015 2998 2999
f 3000 3001 2859
f 3002 3003 5908
f 5238 3004 5289
f 5289 3004 3005
f 3006 3007 2123
f 5288 3008 3009
f 3008 2125 3010
f 2132 3011 3012
f 6250 5122 3013
f 6251 5248 3014
f 3015 2864 3016
f 3017 3018 5167
f 3019 3020 5911
f 5160 3021 3022
f 5765 5165 3023
f 5766 2141 3024
f 3025 2870 3026
f 3027 3028 2872
f 5275 3029 3030
f 3031 3032 3033
f 6034 2882 5440
f 5932 5139 3034
f 5936 5140 3035
f 5937 5273 2883
f 3036 3037 3038
f 3039 3040 2887
f 3041 2888 4981
f 3042 3043 3044
f 5286 6042 6031
f 3046 3047 5940
f 6044 3048 2893
f 3049 2180 2179
f 3050 2895 3051
f 5945 3052 5946
f 5427 2898 5947
f 3053 3054 2906
f 5126 3055 5083
f 3057 5520 5084
f 5053 3058 3059
f 3058 3060 3061
f 5521 3062 5075
f 3063 3064 3065
f 2911 3066 3067
f 3068 3069 2914
f 2914 3070 5958
f 2224 3071 2225
f 4792 6281 5328
f 2227 3073 2226
f 6135 3074 2917
f 6277 6135 2922
f 3075 5966 3076
f 3077 3078 2927
f 3079 3080 2929
f 3081 3082 2932
f 3083 2232 2231
f 2232 3084 5449
f 3085 3086 3087
f 5843 5034 3088
f 3089 5174 3090
f 3091 3092 2937
f 3093 6060 3094
f 3095 2941 3096
f 3097 2950 3098
f 3099 3100 2952
f 3101 5208 6111
f 6112 5186 6116
f 6117 3103 3104
f 3105 2956 3106
f 3107 3108 5980
f 3109 5984 2961
f 3110 3111 2965
f 3112 2968 3113
f 3114 3115 2971
f 2287 3116 3117
f 5338 5002 3118
f 2285 3119 5339
f 3120 2974 3121
f 3122 3123 2976
f 3124 2979 3125
f 3126 3127 2981
f 2300 3128 3129
f 6067 5000 3130
f 6068 2297 3131
f 3132 5992 3133
f 3134 3135 2986
f 3136 3137 2988
f 3138 3139 2991
f 3140 2316 2315
f 3141 4970 4976
f 4970 3142 4961
f 3143 4978 3145
f 5730 3146 3147
f 6077 3148 3149
f 3150 2996 5777
f 3151 3152 2998
f 3153 2096 2098
f 2096 3154 2097
f 3000 3155 3156
f 3157 3158 3002
f 3004 3159 3160
f 6086 6081 3007
f 3015 3161 5168
f 3017 3162 3163
f 3019 3164 3165
f 3025 3166 3167
f 3027 3168 3169
f 3170 3171 3172
f 6090 5934 5938
f 5935 6091 3173
f 5939 3174 3032
f 3036 3175 3176
f 3039 3177 4982
f 6096 3178 3041
f 3179 3180 3181
f 5941 3182 3183
f 3184 3185 3186
f 5942 3187 3043
f 3049 3188 3189
f 3189 3190 3191
f 3192 3193 3053
f 5498 3194 3057
f 3057 3194 3195
f 6049 3196 3197
f 5311 3198 6051
f 6050 3199 3200
f 5312 5849 6052
f 5060 3201 3202
f 5147 3203 5061
f 5060 3204 3205
f 5148 3206 3207
f 3207 3208 3209
f 3209 3210 3211
f 3212 3213 3071
f 3073 3214 3215
f 3216 3217 3075
f 3218 3219 3077
f 3220 3221 3079
f 3222 3223 3081
f 3083 3224 3225
f 3225 3224 3084
f 3226 3227 3089
f 3228 3229 3091
f 3230 3231 3093
f 3095 3232 3233
f 3234 3235 3236
f 6121 5602 3237
f 3238 3239 3240
f 3240 5240 3238
f 6123 6230 6122
f 3236 5396 3234
f 3097 3241 3242
f 3099 3243 3244
f 3245 3246 3105
f 3247 3248 3107
f 3109 3249 3250
f 3110 3251 3252
f 3112 3253 3254
f 3255 3256 3114
f 3257 3258 3120
f 3122 3259 3260
f 3124 3261 3262
f 3263 3264 3126
f 3265 3266 3132
f 3134 3267 3268
f 3269 3270 3136
f 3271 3272 3138
f 3273 3274 3140
f 6078 5479 6076
f 3141 5480 3142
f 3275 3276 3150
f 3151 3277 3278
f 3279 3280 3281
f 5915 5943 3283
f 3284 3285 3286
f 3285 3287 3288
f 3153 3289 3290
f 3291 3292 3154
f 3293 3294 3295
f 5756 3296 3297
f 3297 3298 3299
f 3300 3301 3155
f 5244 5906 5905
f 5907 5245 3302
f 3161 3303 5491
f 5492 5884 3304
f 5493 5885 3164
f 6294 3305 3306
f 3306 3305 3168
f 3307 3308 3171
f 6092 3309 3174
f 3175 3310 3311
f 5471 5814 3312
f 6143 5815 3177
f 6096 5816 3313
f 3179 3314 3315
f 5825 3316 3182
f 5823 3317 3187
f 3318 3319 3188
f 5840 3320 3321
f 6262 3322 5841
f 3323 3324 3325
f 3326 3327 3328
f 6098 3329 3330
f 3330 3331 3332
f 3333 5300 3334
f 3213 3335 3336
f 3336 3337 3338
f 5858 5595 3214
f 3216 3339 6105
f 6106 6157 3340
f 3341 6109 3220
f 3222 5547 3342
f 6110 3343 4956
f 4957 5455 3344
f 5156 3345 3346
f 3347 3348 3232
f 3349 3350 5602
f 5602 3351 3352
f 5877 3353 3354
f 5605 3355 3356
f 5878 3357 5608
f 3358 3359 3241
f 3360 3361 3243
f 3245 3362 6130
f 6130 3362 3363
f 3364 3365 6132
f 3365 3364 3251
f 3366 3255 3367
f 5671 5578 3368
f 3369 3370 6002
f 6004 5353 6134
f 3371 3263 3261
f 3263 3371 3372
f 3373 3374 5920
f 3374 3373 3267
f 3269 3375 5407
f 6177 3376 5408
f 3377 3378 3275
f 6016 6167 3379
f 6017 6168 5436
f 3380 3381 3280
f 3284 3382 3383
f 3287 3384 3385
f 3386 3387 3289
f 3388 3389 3291
f 5565 3390 3296
f 3391 3392 3298
f 3393 3394 3395
f 3396 3397 3398
f 3399 3400 3401
f 5563 3402 3403
f 3404 3405 3406
f 3406 3407 3408
f 5582 3409 3410
f 5584 3411 5586
f 6186 3412 3413
f 5810 5460 3309
f 3414 3310 3415
f 5816 3416 3417
f 3418 6142 6144
f 3419 3420 5831
f 5831 3421 3422
f 3423 3424 3425
f 5999 3426 3427
f 5600 3428 6000
f 3429 3430 3428
f 5611 3431 3432
f 3433 3434 3435
f 5225 3436 3319
f 3437 3438 6263
f 6264 3439 3440
f 6266 3441 3442
f 3443 3444 3445
f 5453 3446 5845
f 3447 3448 3449
f 5454 3450 3451
f 3452 3453 5676
f 3333 3454 3455
f 3456 5596 5792
f 3457 3458 3459
f 5211 3460 3461
f 3462 3463 3464
f 3463 3465 3466
f 3467 3468 3469
f 3468 3470 3471
f 6158 3472 3473
f 3473 3472 6160
f 3350 3474 5669
f 3475 3476 5868
f 3351 3477 5668
f 3353 6192 5869
f 3478 5187 3359
f 3479 3361 3480
f 3481 3482 3483
f 5720 3484 3485
f 3486 3487 3488
f 3488 3489 3490
f 3491 3492 3493
f 6193 3494 3495
f 3496 3497 3498
f 6195 3499 3500
f 3501 3502 3503
f 3503 3504 3505
f 3506 3507 3508
f 5846 3509 3510
f 3511 3512 3513
f 5779 3514 3515
f 3516 3517 3518
f 5895 3519 5133
f 3381 3520 3521
f 2564 2091 2090
f 2091 2565 2092
f 2095 3382 3522
f 2094 3384 3523
f 5543 6047 5169
f 2572 3524 3388
f 2575 2099 2101
f 2099 2576 2100
f 3525 2104 3390
f 3526 3527 3391
f 2581 3394 3528
f 2584 3529 5394
f 5555 3530 5556
f 2108 3531 3532
f 6196 5231 3534
f 2587 2110 2109
f 2589 5253 2110
f 2590 5220 5253
f 3535 3536 3537
f 5896 3538 3539
f 2593 3540 3399
f 2596 3541 3402
f 2133 2598 2134
f 3542 2601 5176
f 3543 5363 3544
f 5569 3545 3546
f 2604 3405 3547
f 2605 3548 3407
f 2610 3409 3549
f 5583 3550 5584
f 2613 3551 5460
f 5306 6102 5138
f 3552 6187 3414
f 2167 2620 2168
f 2168 2624 2170
f 2170 2626 3553
f 2627 3554 3555
f 3418 2632 3556
f 2633 3421 3420
f 3557 3558 3423
f 3559 3429 5600
f 2176 3560 3429
f 5613 2173 3561
f 2636 5621 3562
f 3563 2641 3438
f 5278 5627 5279
f 3564 3565 3566
f 3566 3567 3568
f 3569 3570 3571
f 5658 3572 3573
f 3573 5090 5658
f 5659 5089 5655
f 5656 5076 5643
f 5077 5641 5644
f 3574 5879 3575
f 4796 2653 3576
f 4799 5881 3577
f 5256 5882 3578
f 5258 5672 6173
f 1895 3453 3579
f 2663 3580 3456
f 2664 3458 3581
f 2667 3582 3460
f 2670 3583 3462
f 2673 3584 3465
f 2676 3585 3467
f 2681 3586 3470
f 3587 3588 5209
f 6209 5012 6213
f 2692 3482 3589
f 5704 3590 5705
f 2700 3487 3591
f 2701 3592 3489
f 2704 3492 3593
f 2707 3594 3494
f 2283 3595 3596
f 3597 5028 3599
f 6221 3600 3601
f 3602 3603 3604
f 6222 5007 3605
f 6223 2288 3606
f 2710 3497 3607
f 2713 3608 3499
f 3609 3610 3611
f 6224 4880 3612
f 6225 2293 3613
f 2716 3502 3614
f 2721 3615 3504
f 2722 2302 2301
f 4989 2722 3616
f 3617 2725 2305
f 3618 3619 3620
f 5767 5464 3621
f 2307 3622 5768
f 2726 3507 3623
f 2729 3624 3509
f 2312 2732 3625
f 2735 3626 3511
f 2738 3627 3514
f 5043 2744 4950
f 4950 2744 3628
f 2746 2329 3629
f 2750 3517 3630
f 2751 4938 3519
f 3631 3632 3633
f 3634 3635 3633
f 6234 3636 3637
f 3638 3639 3637
f 3640 3641 3642
f 3641 3643 3644
f 3645 3646 3647
f 3648 3649 3650
f 3651 3652 3649
f 3653 3654 3655
f 3656 3657 3658
f 3659 3660 3661
f 3660 3662 3661
f 3663 3664 3665
f 3666 3667 3668
f 5251 3669 3670
f 3671 3672 3673
f 4912 3674 3675
f 3676 3677 4925
f 4926 6267 3678
f 4905 6268 3679
f 4897 6269 2377
f 4881 6270 4893
f 3680 3681 3682
f 3682 3683 3684
f 3685 3686 3687
f 3688 3689 3690
f 3691 3634 3632
f 5697 3692 3693
f 3693 3694 4997
f 3636 3695 4999
f 6297 3696 3638
f 3697 3698 3640
f 3699 3700 3643
f 3701 6244 3645
f 3702 3651 3648
f 3703 3704 6246
f 6303 3705 3654
f 3706 3657 3707
f 3708 3709 6253
f 6249 3710 3660
f 3711 3712 6254
f 3712 3713 3664
f 3714 3672 3715
f 6257 3716 3717
f 3717 3716 3718
f 3719 3681 3720
f 3686 3721 3688
f 3688 3721 3722
f 3723 3724 3691
f 6291 4755 6292
f 3692 3726 3694
f 6296 4753 6298
f 3697 3728 3729
f 3699 3730 3731
f 3732 3733 3701
f 3701 3734 5412
f 4749 3735 3702
f 3735 3736 5310
f 5310 3737 3705
f 3738 6089 3706
f 3708 3739 4759
f 3740 5370 3710
f 5370 3741 3713
f 3742 3743 3744
f 3745 3746 3747
f 4713 3748 4757
f 3714 3749 3750
f 3751 3752 3753
f 3753 3754 6023
f 3719 3755 3756
f 3755 3757 3756
f 3758 3759 3721
f 2330 3760 2331
f 2331 3761 2333
f 3761 3762 2333
f 3763 3764 3765
f 3766 3767 3724
f 3767 3768 3725
f 3768 2337 3726
f 3727 2336 3769
f 3770 3771 3728
f 3772 5341 5732
f 3773 4750 3774
f 3775 3776 4751
f 3777 3736 4705
f 3778 3779 3737
f 2354 3780 2355
f 2355 3781 2357
f 3781 3782 2357
f 3783 3784 3782
f 3738 3785 3786
f 3787 3740 4744
f 3740 2361 3788
f 3741 2360 3789
f 3790 3791 3754
f 4727 3792 3793
f 4724 3794 4728
f 4729 4852 3795
f 3796 3797 3760
f 3798 3761 3799
f 3800 3801 3761
f 3763 3802 3803
f 3804 3770 3805
f 3770 3806 4708
f 3773 3807 4748
f 3809 4703 3775
f 3810 3778 3777
f 3811 3812 3778
f 3813 3814 3780
f 3815 3816 3781
f 3781 3816 3817
f 3783 3818 3819
f 3820 3821 3822
f 4721 3823 3824
f 4686 3825 3826
f 3827 3828 3829
f 4718 3830 3831
f 4693 4913 4719
f 4720 4914 4682
f 4683 4915 4687
f 4688 4916 4722
f 4917 4694 4723
f 3790 3832 3833
f 3834 4691 4692
f 3835 3800 3798
f 3836 3837 3800
f 3838 3802 3837
f 3804 3839 3840
f 3806 3841 3842
f 3843 3844 5411
f 5411 3845 3809
f 4677 5540 5410
f 3846 5307 5541
f 5308 3847 3848
f 3849 3850 3814
f 3851 3816 6088
f 3852 3853 4758
f 5369 3854 3818
f 3855 3856 3857
f 4672 4673 3832
f 3858 3859 3860
f 5873 3861 3862
f 5871 3863 3864
f 6283 3865 6079
f 5872 3866 3867
f 3868 3869 5696
f 3834 3870 5694
f 3835 3871 3836
f 4996 3872 4994
f 3873 6242 3874
f 3875 3841 3876
f 3877 3878 3844
f 3844 5628 3845
f 3879 6300 4677
f 6301 3880 4675
f 3881 3882 3849
f 3849 3883 3851
f 3884 4944 3851
f 3852 3885 3886
f 3886 3887 3854
f 2367 3888 3889
f 3888 3890 3891
f 3892 3893 3894
f 6153 3895 3896
f 6152 3897 3898
f 5336 3899 3900
f 4668 3901 6151
f 6149 3902 3903
f 3904 3861 6288
f 3905 3906 6284
f 3866 3907 3908
f 3631 3869 3909
f 3870 3635 3910
f 6234 6236 6229
f 3637 3911 6237
f 3873 3912 3875
f 3912 3913 3875
f 3647 2343 2342
f 2343 3649 2345
f 3649 3914 2345
f 3653 3915 3916
f 3917 3878 3918
f 3919 3879 3878
f 3879 2349 3920
f 6247 2348 3921
f 3656 3882 3922
f 3659 3884 3883
f 3661 3923 3884
f 3663 3887 3885
f 4922 5251 3924
f 3895 3925 4669
f 3671 3902 4670
f 3926 3927 4698
f 3926 5254 3927
f 5254 3926 4866
f 3682 3928 3904
f 3685 3929 3905
f 3690 3907 3930
f 3931 3932 4867
f 4857 3933 4868
f 4868 4712 4901
f 4902 3755 4906
f 1890 3389 5744
f 5793 1891 5544
f 4778 3934 5374
f 3935 5794 5751
f 5795 3936 5751
f 3937 5904 3003
f 3937 6054 3302
f 2133 3938 2599
f 3939 2782 2888
f 3940 3939 3941
f 6034 5440 3942
f 3943 3944 5588
f 2614 3945 5587
f 3946 5127 5645
f 6199 3948 3332
f 5632 3059 3949
f 6099 4932 5522
f 5153 3950 3061
f 1896 5672 5844
f 1896 5855 5959
f 3951 1897 6053
f 3952 5377 3953
f 3452 3334 1896
f 3954 5597 5678
f 5594 3954 5677
f 2659 1895 1897
f 3955 3956 4638
f 3957 3224 3083
f 3958 3084 3224
f 3958 3466 6203
f 5692 3959 5699
f 3088 3959 5860
f 5292 3960 5236
f 3961 5291 5360
f 3962 5976 2941
f 3232 3963 3233
f 6210 5210 5713
f 3964 2966 3111
f 3251 3965 3252
f 3966 3868 3797
f 6238 3967 3838
f 3968 3639 3696
f 3912 3873 5833
f 3969 4752 5341
f 4680 3969 3772
f 3647 2342 4625
f 5439 3970 3705
f 3971 5438 3848
f 3813 2354 3972
f 3887 3973 3854
f 3973 3665 3664
f 3974 3891 3890
f 4695 3975 3976
f 4660 4699 4730
f 4661 4653 4869
f 3977 3867 3908
f 3977 3908 3907
f 3722 3978 3689
f 3721 3978 3722
f 1886 3979 1887
f 3980 3981 3982
f 3983 3984 5375
f 5375 3985 5004
f 3986 3987 3988
f 3989 3990 3991
f 3992 3993 3994
f 5383 3995 6037
f 3996 3997 3998
f 3999 4000 3997
f 1903 1902 4001
f 5386 4002 4003
f 4004 4005 5159
f 5301 4006 5384
f 5302 4007 4604
f 4008 4009 4010
f 4011 4012 4013
f 4014 4015 4016
f 4990 4017 4018
f 4019 4020 4021
f 4022 5474 5367
f 4023 4024 4025
f 6240 4026 5477
f 4983 5488 4027
f 4028 6029 4984
f 6030 5623 5489
f 4029 4030 5281
f 4031 4588 4032
f 4033 5128 5117
f 5115 5531 5113
f 3056 2197 2186
f 2197 2203 2190
f 2200 5088 5109
f 2198 5089 2190
f 5523 5078 5072
f 2200 5109 2201
f 5524 5073 5110
f 5074 5519 5111
f 5518 5113 5116
f 5059 5149 2209
f 5296 5104 5069
f 5154 5050 5056
f 5057 5101 5150
f 5151 5102 5497
f 5095 5092 4034
f 5092 5070 5105
f 5096 5106 4765
f 5052 5038 2221
f 5037 4766 5100
f 5241 5121 5024
f 2240 2256 2243
f 5241 5024 5201
f 2242 2241 2247
f 2246 2245 5198
f 5203 6185 5008
f 5348 5204 5196
f 5205 5009 5197
f 2257 2262 2258
f 6231 2260 2261
f 2260 2249 2248
f 6183 5199 5202
f 2262 5081 6184
f 2262 2263 5082
f 2263 4035 2264
f 2267 6214 2265
f 6215 5010 5080
f 5808 5417 5420
f 5809 2268 2270
f 5080 5010 5184
f 5419 5418 2271
f 5013 5180 5188
f 4036 5189 6065
f 5021 4037 5190
f 4861 4927 5573
f 4926 4904 4918
f 3675 5574 4912
f 4911 4898 4038
f 2377 2376 4039
f 4882 4879 4899
f 4911 4038 4877
f 4700 4657 4040
f 4700 4040 2396
f 2396 4864 4870
f 4868 4901 5570
f 2380 5571 2381
f 4876 4860 4871
f 4907 4850 5313
f 4903 2389 4858
f 4908 2399 5315
f 2386 2388 5572
f 4858 2390 4872
f 4041 4889 4849
f 4890 4042 2396
f 2394 2393 4878
f 2394 4878 5314
f 4043 2400 2402
f 5344 2404 4583
f 5343 2405 4584
f 2402 2401 5334
f 5335 2408 5372
f 5334 2406 5472
f 5473 2410 4845
f 4837 4841 4044
f 4842 4834 4580
f 2411 4836 2412
f 2415 2414 2418
f 2416 2420 2414
f 2414 2420 2417
f 2419 2423 2420
f 4830 5505 5508
f 5416 2426 5506
f 5507 2428 2424
f 2427 2430 2424
f 4826 5304 4787
f 2427 2434 2429
f 4788 4820 2437
f 4789 4818 4819
f 2440 2439 5332
f 5332 2439 2442
f 2438 2444 2439
f 2442 2441 2446
f 5389 2448 5005
f 2441 2443 2445
f 5445 5237 2443
f 2443 5237 2449
f 5237 5532 2452
f 4807 5158 5533
f 5532 2455 2453
f 2454 5953 2455
f 2455 2461 2457
f 5271 5390 5953
f 5953 5390 2460
f 2460 4805 2457
f 4804 5811 4812
f 4813 2467 2469
f 2465 2470 2466
f 2469 2468 2473
f 2470 2475 2471
f 2468 2476 2472
f 2476 2478 2477
f 2482 2481 2474
f 2478 5452 2479
f 2480 2486 2481
f 2483 2488 5131
f 2485 2490 2486
f 2487 2492 5131
f 2485 2493 2489
f 2487 2495 2491
f 2489 2494 2498
f 5268 4896 4856
f 2499 2501 4952
f 5001 5461 4953
f 2499 2504 2500
f 4793 2507 5462
f 2500 2505 5321
f 5323 4782 5330
f 2510 2512 4784
f 4784 2512 2514
f 2510 2515 2511
f 2514 2513 2518
f 2515 2520 2516
f 2513 2516 2517
f 4781 5284 5264
f 2519 2524 2516
f 2516 2524 2521
f 2524 2523 2525
f 2529 2528 4991
f 2523 4771 2526
f 4774 5366 4772
f 4771 2533 2530
f 4775 2535 4936
f 2533 2538 2534
f 2531 4763 2537
f 6046 4761 4767
f 2541 2543 4046
f 2543 2544 4046
f 2541 2545 2542
f 5234 2548 5589
f 2542 2546 5501
f 5502 2550 5503
f 2551 2553 5510
f 2553 2555 5510
f 2551 2556 2552
f 5395 4825 2559
f 2552 2557 5535
f 2558 2561 2559
f 2562 2755 2563
f 2565 2756 2566
f 2568 2759 2569
f 2572 2571 2761
f 2573 2763 2574
f 2576 2764 2577
f 2579 2767 2580
f 4047 2768 5552
f 2582 5557 2583
f 2591 2771 2592
f 5324 5562 2594
f 2594 2772 2595
f 5580 5575 2774
f 2605 5577 2606
f 2608 5585 2609
f 2612 2611 2776
f 4048 2776 2777
f 2616 2779 2617
f 2617 2779 2781
f 5813 2783 6103
f 2620 2619 2785
f 2622 5998 2623
f 2624 2623 2625
f 5612 5609 2786
f 2627 5610 2628
f 2630 2787 2631
f 4049 2789 2791
f 2633 5830 2634
f 4929 2793 5222
f 5620 5223 2796
f 2639 2797 2640
f 2642 5622 2800
f 4050 5062 2204
f 2643 2204 2206
f 5652 5071 2646
f 5091 5097 2648
f 5880 2801 5661
f 2650 2804 2651
f 2656 2806 2657
f 6169 2659 2808
f 2661 2810 2662
f 2666 2665 2812
f 2667 5398 2668
f 2672 2671 2814
f 5690 5693 5691
f 2678 2677 5703
f 2679 2816 2680
f 2682 2818 2683
f 2686 2685 2820
f 4051 2821 2823
f 6191 5665 5865
f 4052 2825 2827
f 4053 5666 2829
f 5706 2831 5023
f 2694 2693 2695
f 5719 5883 5724
f 2699 2698 4947
f 5731 4948 6085
f 2706 2705 2837
f 2707 5468 2708
f 2712 2711 2839
f 2713 5889 2714
f 2718 2717 5161
f 5162 2841 5760
f 2728 2727 2843
f 2729 5890 2730
f 2737 2736 5247
f 5780 2845 5249
f 5617 5250 2846
f 4801 2745 2744
f 2749 2748 2849
f 2751 5894 2752
f 2755 2754 2851
f 2756 5900 2757
f 2758 2853 2569
f 2571 2854 2760
f 5545 2856 5755
f 2762 2857 2763
f 2763 2857 2858
f 2764 2858 2765
f 4054 5789 5903
f 4577 5902 2863
f 2866 2865 2597
f 2597 2865 2868
f 4055 2869 2871
f 5914 2873 5316
f 4056 5925 5923
f 5172 5924 5927
f 4057 2881 2880
f 2608 5269 2775
f 5805 2884 2777
f 2616 2885 2778
f 2779 2778 2780
f 5812 2889 5813
f 5818 2890 2892
f 5819 5822 5821
f 2789 2894 5827
f 5224 4883 5837
f 5842 2897 5839
f 2640 2798 2799
f 4058 2899 2901
f 4059 5952 2903
f 4060 2903 2905
f 4061 2908 2907
f 4062 5954 2910
f 5664 5847 2912
f 5662 2913 5848
f 5663 2915 5854
f 2659 2918 2807
f 5791 5298 2920
f 5790 2920 5856
f 2810 2809 2923
f 5965 5967 4063
f 4063 5967 2928
f 4633 2931 2930
f 5329 2933 4634
f 4064 5975 6239
f 4064 6239 2938
f 5466 4816 2940
f 2820 2819 2942
f 4065 2943 2945
f 2823 2822 5875
f 5865 2824 5601
f 5667 2826 5876
f 5866 2828 2949
f 2830 2951 2831
f 2954 2953 2690
f 4066 2955 2957
f 4572 4963 2959
f 4067 5391 5899
f 4067 5899 5986
f 5986 2966 4067
f 2967 5994 4068
f 4069 2970 2972
f 4070 5995 5997
f 5997 6001 4070
f 2978 6006 4071
f 4071 6006 2982
f 5763 2983 2985
f 5919 2987 5764
f 5774 2990 2989
f 5775 6220 2992
f 4072 2995 2994
f 4801 2994 2847
f 5784 5892 2997
f 6015 2999 5785
f 5901 4779 4073
f 2854 4568 2852
f 2859 3001 2860
f 5904 5908 3003
f 3009 3008 6082
f 6083 6019 6148
f 3012 3011 5798
f 5799 6250 3013
f 3013 6020 5799
f 2866 3016 2864
f 5167 3018 2865
f 5911 3020 5913
f 5803 3022 3021
f 5804 5765 3023
f 5766 3024 5802
f 2869 3026 2870
f 2873 2872 3028
f 2874 4074 2875
f 2877 4075 2878
f 5269 5440 2882
f 5806 5932 3034
f 5807 5936 3035
f 5805 5937 2883
f 4076 3038 3037
f 2887 3040 2780
f 5812 4981 2888
f 4077 3046 5940
f 2893 3048 5827
f 4883 3051 2895
f 5838 5945 5946
f 5947 2898 2798
f 2906 3054 2907
f 3059 3058 6199
f 6199 3058 3061
f 4078 3063 3065
f 2911 3067 2912
f 2913 3068 2914
f 5848 2914 5958
f 2917 3074 5299
f 2809 6277 2922
f 5965 3076 5966
f 2928 2927 3078
f 2929 3080 2930
f 2932 3082 2933
f 2813 3085 3087
f 5843 3088 5860
f 5975 3090 5174
f 2938 2937 3092
f 4817 3094 6060
f 2819 3096 2941
f 5457 5714 6113
f 2822 3102 2946
f 6117 3104 5607
f 2830 3098 2950
f 2952 3100 2953
f 2955 3106 2956
f 5981 5980 3108
f 2962 2961 5984
f 2965 3111 2966
f 2967 3113 2968
f 2972 2971 3115
f 3117 3116 6217
f 6218 5338 3118
f 6219 5339 3119
f 2973 3121 2974
f 2977 2976 3123
f 2978 3125 2979
f 2982 2981 3127
f 3129 3128 5482
f 5483 6067 3130
f 5484 6068 3131
f 5917 3133 5992
f 2986 3135 2987
f 2988 3137 2989
f 2991 3139 2992
f 5430 3143 3145
f 5431 5730 3147
f 5432 6077 3149
f 5892 5777 2996
f 2998 3152 2999
f 3000 3156 3001
f 3002 3158 3003
f 3005 3004 3160
f 3006 3160 3007
f 5177 5288 3009
f 5288 4079 3008
f 2125 2124 3010
f 2132 4080 3011
f 6252 2130 2129
f 3015 5168 2864
f 3017 3163 3018
f 3019 3165 3020
f 2145 5160 3022
f 5160 5166 3021
f 5766 2142 2141
f 3025 3167 2870
f 3027 3169 3028
f 5276 3170 3172
f 5277 5938 5934
f 5143 5935 3173
f 3031 5939 3032
f 5933 6035 5141
f 5937 5142 5273
f 3036 3176 3037
f 3039 4982 3040
f 3041 3178 2888
f 3181 3180 4081
f 5941 3183 6032
f 6033 3184 3186
f 3042 5942 3043
f 3048 6044 4082
f 3049 3189 2180
f 2180 3189 3191
f 3050 4083 2895
f 5428 5087 5948
f 3053 3193 3054
f 5085 5498 3057
f 3057 3195 5525
f 3059 5098 5053
f 5054 5051 5500
f 3061 3060 5152
f 5526 4933 4797
f 5527 4798 4800
f 5528 4799 3577
f 5529 5257 5259
f 5530 5258 6173
f 5956 6049 3197
f 5957 5311 6051
f 5485 6050 3200
f 5486 5312 6052
f 2224 3212 3071
f 3073 3215 2226
f 6278 2230 4084
f 6279 5327 4790
f 6280 4791 6136
f 3075 3217 5966
f 3077 3219 3078
f 3079 3221 3080
f 3081 3223 3082
f 2232 3083 3225
f 2232 3225 3084
f 3085 2239 3086
f 3088 5034 5448
f 3088 5448 5025
f 3089 3227 5174
f 3091 3229 3092
f 3093 3231 6060
f 3095 3233 2941
f 3097 3242 2950
f 3099 3244 3100
f 6111 5208 5421
f 6114 5422 5191
f 6118 5192 5018
f 6119 4037 5021
f 6120 5022 6066
f 3105 3246 2956
f 3107 3248 3108
f 3109 3250 5984
f 3110 3252 3111
f 3112 3254 2968
f 3114 3256 3115
f 2287 2285 3116
f 2285 2284 3119
f 3120 3258 2974
f 3122 3260 3123
f 3124 3262 2979
f 3126 3264 3127
f 2300 4085 3128
f 6068 2298 2297
f 3132 3266 5992
f 3134 3268 3135
f 3136 3270 3137
f 3138 3272 3139
f 3140 3274 2316
f 4977 6078 6076
f 3141 3142 4970
f 5730 3144 3146
f 3149 3148 4967
f 4968 4959 6080
f 3150 3276 2996
f 3151 3278 3152
f 4086 3279 3281
f 4566 5915 3283
f 3286 3285 2850
f 3285 6138 2850
f 3153 3290 2096
f 3154 3292 2097
f 5752 6164 5757
f 5753 5758 3297
f 5753 3297 3299
f 3000 3300 3155
f 5909 5905 5906
f 3157 6141 3158
f 5168 3161 5491
f 5912 5492 3304
f 3019 5493 3164
f 3167 3166 5688
f 3027 3306 3168
f 3170 3307 3171
f 5939 6092 3174
f 3176 3175 3311
f 4087 5471 3312
f 3039 6143 3177
f 6096 3313 3178
f 3179 3315 3180
f 5941 5825 3182
f 5942 5823 3187
f 3049 3318 3188
f 5840 3321 5949
f 5841 3322 5950
f 4088 3323 3325
f 4089 3326 3328
f 6098 3330 3193
f 3193 3330 3332
f 5060 4090 3201
f 3207 3206 3208
f 3209 3208 3210
f 5406 3334 5300
f 3071 3213 3336
f 3072 3336 3338
f 3073 5858 3214
f 3217 3216 6107
f 3218 5969 3219
f 3221 3220 6109
f 3222 3342 3223
f 3227 3226 4958
f 3228 5047 3229
f 3230 4979 3231
f 3095 3347 3232
f 5212 3349 5602
f 3237 5602 3352
f 4091 5877 3354
f 6124 5605 3356
f 6125 5878 5608
f 6127 5242 5020
f 6127 5020 5017
f 6128 5017 5267
f 6126 5267 6232
f 3236 6233 5396
f 3097 3358 3241
f 3099 3360 3243
f 3246 3245 6130
f 6131 5983 5592
f 5985 6133 5680
f 3110 3365 3251
f 4092 3367 3255
f 5671 3368 5990
f 5996 6002 3370
f 3122 6005 3259
f 3262 3261 3263
f 3263 3372 3264
f 3266 5920 3374
f 3134 3374 3267
f 3270 3269 5407
f 5408 3376 6072
f 3377 3275 3150
f 6014 6016 3379
f 3151 6018 3277
f 3279 3380 3280
f 3284 3383 3285
f 6139 3287 3385
f 3153 3386 3289
f 3291 3389 3292
f 5759 5565 3296
f 3299 3298 3392
f 3393 3395 4093
f 4094 5554 5065
f 4645 3401 3400
f 4646 5563 3403
f 4095 6180 6181
f 3406 3408 5350
f 5582 3410 6093
f 6094 5586 3411
f 6095 6186 3413
f 6092 5810 3309
f 3175 3415 3310
f 3313 5816 3417
f 5826 6144 6142
f 5824 3419 5831
f 5829 5831 3422
f 3425 3424 2784
f 6207 5999 3427
f 6000 3428 6208
f 3428 3430 6208
f 6206 5611 3432
f 4884 3433 3435
f 4885 5225 3319
f 3190 3437 6263
f 6264 3440 6146
f 6147 6266 3442
f 4096 3443 3445
f 5851 5453 5845
f 5850 3447 3449
f 5852 5454 3451
f 6156 3452 5676
f 3333 3455 5300
f 5857 5792 5596
f 3457 3459 4097
f 4560 5211 3461
f 3464 3463 3224
f 3224 3463 3466
f 4098 3469 3468
f 3468 3471 4098
f 3346 3345 4992
f 4980 4993 6161
f 5603 3350 5669
f 5604 3475 5868
f 3352 3351 5668
f 3354 3353 5869
f 3358 3478 3359
f 3360 3480 3361
f 5717 5721 4099
f 5720 3485 4557
f 3486 4946 4100
f 4946 3490 4100
f 4101 5736 6193
f 4101 6193 3495
f 4102 3496 3498
f 4554 6195 3500
f 4103 5402 3503
f 4103 3503 3505
f 4104 3506 3508
f 4551 5846 3510
f 3273 3513 3512
f 5480 5779 3515
f 3516 3518 6040
f 6041 5895 5133
f 3280 3381 3521
f 3284 3522 3382
f 3287 3523 3384
f 5542 5169 6047
f 3388 3524 3389
f 5566 3525 3390
f 3391 3527 3392
f 3393 3528 3394
f 5394 3529 5066
f 5067 5556 3530
f 3532 3531 3301
f 5246 6196 3534
f 5559 4822 5896
f 5559 5896 3539
f 3399 3540 3400
f 3403 3402 3541
f 3543 3544 3303
f 5885 5569 3546
f 3404 3547 3405
f 3408 3407 3548
f 5582 3549 3409
f 5584 3550 3411
f 3309 5460 3551
f 3414 6187 3310
f 3418 3556 6142
f 5831 3420 3421
f 3423 3558 3424
f 5600 3429 3428
f 3429 3560 3430
f 3432 5613 3561
f 5835 3562 5621
f 3437 3563 3438
f 6265 5279 5627
f 3452 3579 3453
f 3456 3580 5596
f 3457 3581 3458
f 3461 3460 3582
f 3462 3583 3463
f 6190 3465 3584
f 3467 3585 3468
f 3471 3470 3586
f 3478 3103 5187
f 5710 5193 5181
f 3479 5345 3361
f 5346 5014 6245
f 3481 3589 3482
f 5722 5705 3590
f 3486 3591 3487
f 3489 3592 3490
f 3491 3593 3492
f 3495 3494 3594
f 3596 3595 4105
f 3597 3599 5579
f 5578 6221 3601
f 5354 3604 3603
f 6222 3605 5355
f 6223 3606 5353
f 3496 3607 3497
f 3499 3608 3500
f 3371 3609 3611
f 6224 3612 6171
f 6172 6225 3613
f 3501 3614 3502
f 3505 3504 3615
f 3373 3618 3620
f 6174 5767 3621
f 5769 6226 6175
f 3506 3623 3507
f 3510 3509 3624
f 3511 3626 5779
f 3514 3627 3515
f 3516 3630 3517
f 3519 4938 5133
f 2564 2563 2091
f 2092 2565 2567
f 3382 2095 2094
f 2094 2093 3384
f 2568 2570 3387
f 2570 2572 3388
f 2575 2574 2099
f 2100 2576 2578
f 3390 2104 3526
f 3526 2102 3527
f 2581 2580 3394
f 2584 2583 3529
f 5555 2586 3530
f 2108 2106 6197
f 3533 2105 6198
f 2110 2587 2589
f 2589 2590 5253
f 3535 2118 3536
f 3539 3538 5252
f 3539 5252 5218
f 2593 2592 3540
f 2596 2595 3541
f 2133 2599 2598
f 5365 5567 2600
f 3542 5568 2601
f 3543 2140 5363
f 3545 5175 3546
f 2604 2603 3405
f 2605 2607 3548
f 2610 2609 3409
f 5583 2612 3550
f 2613 2615 3551
f 5306 5599 6102
f 3552 4106 6187
f 6188 5135 5400
f 6189 4107 2162
f 2167 2621 2620
f 2168 2622 2624
f 2170 2624 2626
f 2627 2629 3554
f 3418 2630 2632
f 2633 2635 3421
f 3557 4108 3558
f 3559 2176 3429
f 2176 2174 3560
f 5613 2174 2173
f 2636 2638 5621
f 3563 2639 2641
f 5278 2642 5627
f 4109 5633 5648
f 6200 5649 5653
f 4110 5654 5651
f 4111 5650 5639
f 6201 5640 5635
f 3947 5129 5516
f 3573 5516 5090
f 5660 2189 2191
f 5655 5089 2198
f 5657 5088 2200
f 4934 2652 2651
f 3576 2653 2655
f 5260 2658 2657
f 5673 6100 5631
f 4112 5631 5630
f 5674 3201 4090
f 1895 2660 6170
f 2663 2662 3580
f 2664 2666 3458
f 2667 2669 3582
f 2670 2672 3583
f 2673 2675 3584
f 2676 2678 3585
f 2681 2680 3586
f 4113 2684 2683
f 2683 2686 4113
f 4114 2259 2258
f 4114 2258 6184
f 4114 6184 5206
f 2692 2694 3482
f 5704 5725 3590
f 2700 2699 3487
f 2701 2703 3592
f 2704 2706 3492
f 2707 2709 3594
f 2283 2282 3595
f 6221 3598 3600
f 2292 3602 3604
f 3602 4115 3603
f 6223 2289 2288
f 2710 2712 3497
f 2713 2715 3608
f 3609 2296 3610
f 6225 2294 2293
f 2716 2718 3502
f 2721 2720 3615
f 3616 2722 2724
f 3617 2724 2725
f 3618 4116 4117
f 3618 4117 4987
f 3618 4987 3619
f 2307 2306 3622
f 2726 2728 3507
f 2729 2731 3624
f 3625 2732 2734
f 2735 2737 3626
f 2738 2740 3627
f 5044 2741 2743
f 5043 5782 2744
f 3628 2744 2746
f 2746 2747 2329
f 2750 2749 3517
f 2751 2753 4938
f 3633 3632 3634
f 5697 3693 6235
f 6235 3693 4997
f 3637 3636 4999
f 3638 3696 3639
f 3640 3698 3641
f 3643 3700 3644
f 5629 3645 6244
f 3648 3651 3649
f 6248 6246 3704
f 3653 6303 3654
f 3656 3707 3657
f 5606 6253 3709
f 3659 6249 3660
f 6255 6254 3712
f 3663 3712 3664
f 3671 3715 3672
f 4862 6257 3717
f 4863 3717 3718
f 3680 3720 3681
f 3687 3686 3688
f 3688 3722 3689
f 3723 3691 3632
f 6291 6292 5698
f 3693 3692 3694
f 4998 6296 6298
f 3697 3729 3698
f 3699 3731 3700
f 3732 3701 3645
f 3701 5412 6244
f 3702 3735 3651
f 3651 3735 5310
f 5310 3705 6303
f 3706 6089 3657
f 3708 4759 3709
f 3660 3710 5370
f 5370 3713 3712
f 4118 3742 3744
f 6155 3745 3747
f 4119 4713 4757
f 3714 3750 3672
f 3751 3753 6258
f 6258 3753 6023
f 6285 3719 3756
f 6286 3756 3757
f 3686 3758 3721
f 3723 3766 3724
f 3692 3725 3768
f 3692 3768 3726
f 6297 3727 3769
f 3729 3728 3771
f 5235 5732 5341
f 5689 3774 4750
f 4751 3776 4746
f 4747 4705 3736
f 3705 3737 3779
f 3738 3786 6089
f 4744 3740 3710
f 3740 3788 5370
f 3741 3789 3713
f 4717 4731 4725
f 4714 4726 4732
f 4715 4733 4697
f 3754 3791 6023
f 3757 3755 6260
f 4756 6261 4654
f 2330 3796 3760
f 2331 3799 3761
f 3761 3801 3762
f 3763 3803 3764
f 3766 4120 3767
f 3767 4121 3768
f 3768 4121 2337
f 3727 2337 2336
f 3805 3770 3728
f 3770 4708 3771
f 3773 4748 4750
f 3775 4703 3776
f 3777 3778 3736
f 3778 3812 3779
f 2354 3813 3780
f 2355 3815 3781
f 3781 3817 3782
f 3783 3819 3784
f 3738 4122 3785
f 3787 2363 3740
f 3740 2363 2361
f 3741 2361 2360
f 3790 3833 3791
f 4724 4701 3794
f 4734 4891 4873
f 4735 4874 4853
f 4754 4692 4691
f 3798 3800 3761
f 3801 3800 3837
f 3763 3837 3802
f 3804 3840 3770
f 4708 3806 3842
f 4707 3843 5411
f 3808 5411 3809
f 5410 5540 4704
f 4745 5541 5307
f 5308 3848 5438
f 4743 3814 3850
f 3815 6088 3816
f 4742 4758 3853
f 3783 5369 3818
f 4684 4919 4123
f 4685 4854 4920
f 4124 3855 3857
f 3790 4672 3832
f 3858 5874 6271
f 5873 3862 6272
f 6273 5871 3864
f 6274 6079 3865
f 6275 5872 3867
f 3797 3868 5696
f 3834 5694 4691
f 3800 3835 3836
f 4996 4994 4681
f 6299 3874 6242
f 3806 3876 3841
f 3843 3877 3844
f 5411 3844 3845
f 5540 4677 6300
f 6302 4676 5309
f 3814 3881 3849
f 3849 3851 6088
f 3816 3851 4944
f 3852 3886 3853
f 5369 3886 3854
f 3973 3889 3888
f 3973 3888 3891
f 4125 3894 3893
f 4736 6153 3896
f 4737 6152 3898
f 4738 5336 3900
f 4126 6151 3901
f 4739 6149 3903
f 5873 6288 3861
f 6284 3906 5872
f 3867 3866 3908
f 3868 3909 3869
f 5694 3870 3910
f 5695 6229 6236
f 6237 3911 4995
f 6242 3873 3875
f 3875 3913 3841
f 3877 3918 3878
f 3878 3879 4677
f 3879 3920 6300
f 3847 6247 3921
f 3881 3922 3882
f 3851 3883 3884
f 3884 3923 4944
f 3886 3885 3887
f 2369 2367 3889
f 2367 2366 3888
f 4922 3924 6154
f 3896 3895 4669
f 4670 3902 6150
f 3856 4852 4851
f 4851 4909 3856
f 3904 3928 3861
f 3905 3929 3906
f 3866 3930 3907
f 3631 3633 3869
f 3870 3633 3635
f 6234 3637 6236
f 3637 3639 3911
f 4127 3642 3641
f 4127 3641 3644
f 3647 3646 2343
f 2343 3650 3649
f 3649 3652 3914
f 3653 3655 3915
f 3917 3919 3878
f 3919 4128 3879
f 3879 4128 2349
f 6247 2349 2348
f 3656 3658 3882
f 3659 3661 3884
f 3661 3662 3923
f 3663 3665 3887
f 4923 3666 3668
f 3924 5251 3670
f 3671 3673 3902
f 4619 4921 4894
f 3680 3682 3904
f 3682 3684 3928
f 3685 3687 3929
f 3690 3689 3907
f 4655 6259 4857
f 4868 3933 4712
f 4129 4043 4130
f 4131 4132 4133
f 4940 4542 4134
f 4543 4135 4136
f 4136 4137 5401
f 4138 4838 4581
f 4537 4139 4140
f 4843 4533 2416
f 4534 4536 4141
f 4820 4533 2436
f 2436 4533 4142
f 2436 4142 2440
f 2440 4142 2438
f 4810 4142 5446
f 5446 4142 5534
f 2454 4142 5272
f 4143 5342 5266
f 4144 2465 4045
f 4531 4145 4146
f 4528 2474 2475
f 2482 4528 2480
f 4528 2494 2493
f 4529 4147 4148
f 2499 4530 2504
f 4149 2515 2510
f 2520 4149 2519
f 4523 4526 4150
f 5387 4149 4763
f 4523 4150 4532
f 4152 4153 4154
f 4155 5424 4607
f 2541 4156 2545
f 4516 4157 4158
f 4156 2551 2549
f 2557 4159 2560
f 4159 4160 2560
f 4161 4162 2092
f 2562 3981 2754
f 3981 2562 2564
f 3981 2850 2754
f 4163 2850 3981
f 5897 2568 3387
f 3286 2850 4163
f 4163 3284 3286
f 3522 3284 4163
f 2573 4164 6163
f 4164 5754 6163
f 6165 5754 4165
f 4165 5566 6165
f 5255 2100 4768
f 5751 3936 3935
f 4562 4166 5317
f 5904 3937 4578
f 2105 4167 6198
f 4168 3535 2588
f 4169 6179 4647
f 5561 6179 4169
f 5771 5560 4170
f 4170 2132 3012
f 2599 3938 2597
f 5138 6102 3939
f 3170 4171 3307
f 3307 4171 4172
f 4171 3170 5276
f 4171 4173 4172
f 4642 2881 4057
f 4057 4174 4642
f 4642 2879 2881
f 3033 4175 3943
f 2883 4176 3945
f 4177 4641 4178
f 4178 4641 4076
f 4641 6027 4076
f 4640 4179 4180
f 4180 6026 4640
f 4640 4181 4179
f 5836 6206 4931
f 6206 5834 4930
f 6202 5499 5130
f 5546 4182 3994
f 4183 5951 3994
f 3993 3323 4088
f 3993 4184 4185
f 3993 5634 4184
f 5636 5099 6045
f 4186 5079 6173
f 3195 5880 4935
f 3194 4078 2801
f 3194 3063 4078
f 4187 3194 4188
f 3194 4187 4189
f 5063 5378 4564
f 5155 6101 5675
f 5049 1896 5406
f 2226 5963 3954
f 1896 3579 3452
f 1895 3579 1896
f 1897 2918 2659
f 1897 6135 2917
f 5962 6137 3954
f 4190 3954 6137
f 4191 4576 4561
f 4636 5965 4063
f 3076 5965 4636
f 4192 3216 3075
f 3216 4192 3339
f 5548 3085 2813
f 4193 5975 4064
f 3090 5975 4193
f 4194 6110 3089
f 6110 4194 3343
f 4113 4195 2684
f 2682 4195 2817
f 4195 6062 2817
f 5157 6061 4196
f 5213 4605 5459
f 5214 5397 5039
f 4605 4197 4198
f 5413 5458 5867
f 5867 4199 5413
f 5413 5715 5458
f 4627 4200 4201
f 4105 5978 3596
f 3596 5978 2283
f 3606 5887 5353
f 3371 5888 3609
f 2722 5305 2723
f 3622 5404 6176
f 2306 5404 3622
f 6178 5729 2844
f 6178 4202 5729
f 4203 4204 4205
f 3966 3797 3796
f 6227 3868 3966
f 3632 4206 3723
f 4206 3632 6228
f 3723 4206 3766
f 4206 4120 3766
f 3764 3803 3967
f 3769 2336 3968
f 3640 4709 3697
f 4709 3728 3697
f 5833 3874 3804
f 3804 3805 5833
f 5833 3873 3874
f 4550 6243 3969
f 3913 3912 3969
f 4625 3645 3647
f 4625 3732 3645
f 4706 3732 4625
f 3843 4625 3877
f 4625 3843 4707
f 3877 4625 3918
f 4625 3917 3918
f 3915 3655 3970
f 3972 3814 3813
f 3972 3881 3814
f 3922 3881 3972
f 3707 4207 3706
f 4207 3707 3656
f 3706 4207 3738
f 4207 4122 3738
f 3784 3819 3973
f 4740 4695 3976
f 3976 6256 4740
f 4696 4921 4619
f 4924 6256 3976
f 4208 3742 4118
f 4208 4118 4900
f 4208 3743 3742
f 3743 4208 4662
f 4894 6276 4619
f 6275 3977 4620
f 3978 4656 4663
f 5255 4164 2101
f 4209 2587 2109
f 2123 3007 4711
f 2601 2597 5351
f 4175 3174 3943
f 3958 5449 3084
f 4191 4561 4635
f 5207 5709 4099
f 2312 4552 5144
f 4210 4211 4212
f 4495 4616 4213
f 4210 4212 4617
f 4658 3980 3982
f 3981 3980 4163
f 3983 4214 3984
f 5375 3984 3985
f 1893 1892 4615
f 3986 5004 3987
f 3987 5004 4215
f 4216 3988 3987
f 4217 4613 4508
f 3993 3992 3990
f 1899 4218 1900
f 4219 1899 4220
f 4609 4221 6038
f 4671 6039 5388
f 4221 4609 3998
f 3996 3999 3997
f 4222 4223 4000
f 1902 1901 4606
f 5386 5450 4002
f 5451 4004 5159
f 4224 4596 4225
f 4015 4014 6059
f 4597 4017 4990
f 4019 4594 4020
f 4591 4226 4593
f 4021 4020 4227
f 4592 5538 5475
f 4228 4592 5475
f 4027 4229 4983
f 5624 4230 5490
f 4231 5625 4586
f 5282 4588 4031
f 4232 4589 4233
f 4234 4235 4236
f 4236 4208 3976
f 4237 4238 4239
f 4240 4488 4241
f 4136 4135 4242
f 4545 4043 4129
f 4546 4549 4243
f 4546 4243 4544
f 2401 2400 4545
f 4941 5290 4547
f 4133 4132 5221
f 4136 5401 4543
f 4942 4846 4844
f 5373 4847 4943
f 4244 5929 4245
f 2419 2416 4533
f 4826 2422 4533
f 5304 4826 4533
f 4665 4535 4611
f 2456 5534 4142
f 4246 4538 4666
f 4247 4539 5514
f 4582 4835 4831
f 4582 4831 4832
f 4248 2424 2430
f 4248 5508 2424
f 4248 2430 4821
f 4143 5294 5469
f 4809 5294 4143
f 5469 5441 4143
f 2470 2465 4144
f 4528 2482 2474
f 4146 4145 4527
f 2485 2480 4528
f 2499 4954 4530
f 4524 4529 4148
f 2508 2505 4525
f 4149 2520 2515
f 4770 2523 4149
f 4776 4770 4149
f 2539 4763 4149
f 4149 4151 2539
f 4249 4823 4802
f 4249 4803 4823
f 2484 4249 2479
f 4249 2477 2479
f 4249 2484 5243
f 5414 4856 4951
f 2507 4955 5462
f 5330 4782 4951
f 5265 4784 2514
f 4785 5264 5284
f 5893 4250 4777
f 4250 5893 6009
f 4250 5215 4767
f 4762 4814 4250
f 4155 4520 5424
f 5425 4519 4514
f 4156 4607 5424
f 2549 2546 4156
f 2556 2551 4156
f 4521 4517 4512
f 4251 4522 4513
f 5504 5512 4252
f 2559 4252 5395
f 4252 5511 5395
f 4252 2559 2561
f 4618 2090 4162
f 2095 4510 4253
f 2097 3292 1890
f 3292 3389 1890
f 2760 1891 5793
f 1891 2760 4780
f 2575 2101 4164
f 4164 4165 5754
f 2104 3525 4165
f 2102 3936 3527
f 4769 5442 3935
f 5442 5794 3935
f 3936 5795 3392
f 3936 3392 3527
f 4254 2104 4506
f 3302 5245 3937
f 4648 4255 4256
f 4648 4505 4255
f 4209 2588 2587
f 3535 4168 2118
f 4711 3007 6081
f 3010 5619 6081
f 5619 3010 2124
f 4170 5798 5771
f 5351 5176 2601
f 4166 5352 5317
f 5381 5802 3024
f 3024 2141 5381
f 6102 2783 3939
f 2783 2782 3939
f 4257 5173 2878
f 4257 2878 4075
f 3174 3944 3943
f 3945 2614 4258
f 3945 4258 2883
f 4640 4259 4181
f 5616 3421 2784
f 2784 3421 2635
f 2784 2635 2634
f 4931 6206 4930
f 3994 4182 5642
f 5546 3994 5951
f 6199 4260 5368
f 6199 5368 5955
f 3332 3331 6199
f 5637 4610 5379
f 4186 6173 1896
f 6173 5672 1896
f 1896 5844 5855
f 5377 5853 3953
f 5377 3952 4565
f 5963 6104 3954
f 6104 5597 3954
f 3954 5594 5964
f 5962 3954 5964
f 4190 6137 5380
f 3957 3083 2231
f 5548 2239 3085
f 3224 3466 3958
f 5025 3959 3088
f 3959 5692 5860
f 4261 4827 4630
f 3960 4828 5236
f 5862 4262 4629
f 5360 5863 3961
f 4500 5285 4222
f 2686 2820 3962
f 2820 5976 3962
f 3963 3232 6162
f 4628 6160 3472
f 5040 5207 4099
f 2832 3361 5015
f 4848 5016 6211
f 4794 2966 3964
f 6166 3965 3251
f 4068 4567 5916
f 5916 3282 4068
f 4263 4070 4555
f 4555 4071 4263
f 4552 2312 4264
f 3149 3378 5432
f 3967 3803 3802
f 3967 3802 3838
f 3696 6297 3968
f 6297 3769 3968
f 6243 5326 3969
f 5326 4752 3969
f 3969 4680 5325
f 3969 5325 3913
f 3970 3655 3654
f 3970 3654 3705
f 3971 3848 3847
f 3971 3847 3921
f 3921 2348 3971
f 3973 3819 3818
f 3973 3818 3854
f 3973 3891 3974
f 6275 3867 3977
f 3978 3721 4656
f 3937 3003 6054
f 3665 3973 3887
f 1896 3334 5406
f 4553 2725 5762
f 4210 4265 4211
f 4494 4266 4659
f 4267 1890 1889
f 5004 3985 4215
f 4268 4492 5467
f 4632 4269 4270
f 3990 3992 3991
f 4481 3993 3990
f 3997 4000 4271
f 3996 3998 4609
f 4000 4223 4271
f 4272 4491 5993
f 4222 5285 4223
f 4273 4274 5356
f 6059 4014 4275
f 4595 4598 4276
f 4019 5003 4594
f 2081 2080 5539
f 5283 4587 5626
f 4588 5478 4032
f 4235 4234 4277
f 4236 3976 4234
f 4278 4279 4486
f 4545 2400 4043
f 2406 2401 4545
f 4548 4542 4940
f 5373 4943 4585
f 4280 4281 4282
f 4667 4612 5515
f 2422 2419 4533
f 4820 5304 4533
f 2438 4142 4810
f 4142 2454 2456
f 4143 5266 4809
f 4528 2493 2485
f 2497 2494 4528
f 2510 4786 4149
f 5387 4776 4149
f 4803 4249 4815
f 4785 4951 4782
f 4250 4767 4761
f 4283 4284 4285
f 4156 2546 2545
f 2541 4607 4156
f 4252 5513 5511
f 5537 4252 2561
f 3981 2564 2090
f 2092 4162 2090
f 2095 3522 4163
f 4164 2573 2575
f 3525 5566 4165
f 2102 4254 5371
f 2104 4254 2102
f 3532 5392 2108
f 5392 3532 3301
f 2588 4209 4168
f 5619 4711 6081
f 3012 5798 4170
f 3939 2888 3941
f 6036 4643 4286
f 4641 4177 5306
f 6199 5955 3948
f 3993 4185 3323
f 5637 5379 5064
f 4189 3063 3194
f 4287 2226 3954
f 4637 4639 4710
f 2917 2918 1897
f 5456 5741 4288
f 2684 4195 2682
f 6159 5157 4196
f 3472 6158 4501
f 4605 4198 5459
f 6212 5715 5413
f 4626 4200 4627
f 5887 3606 2288
f 5888 2296 3609
f 5305 2722 2301
f 4553 2305 2725
f 4289 4552 4264
f 4552 5776 5144
f 3149 4960 3378
f 4601 4497 4290
f 4291 5357 4292
f 3796 2330 3966
f 3772 3969 5341
f 4709 3640 3642
f 3642 4127 4709
f 4625 4707 4706
f 4293 4294 4295
f 5318 4296 4484
f 4297 4298 4299
f 3954 5678 5677
f 4257 4300 5173
f 5337 3979 1886
f 4602 5358 5944
f 4301 4302 4303
f 4304 4305 4306
f 4149 2523 2519
f 4249 4802 2477
f 4250 6009 5215
f 4518 5426 4515
f 5255 2101 2100
f 4113 2686 3962
f 5041 4605 5213
f 3958 6203 5699
f 3958 5699 3959
f 4540 5930 5272
f 4540 5272 4142
f 4174 4173 4171
f 4174 4171 4642
f 6097 3181 3191
f 6097 3191 6147
f 5701 5476 5046
f 5701 5046 5232
f 3464 3224 3957
f 3464 3957 5973
f 4541 4533 4843
f 4541 4843 4839
f 4528 2475 2470
f 4528 2470 4144
f 4644 4503 4307
f 4644 4307 4308
f 2619 2621 3045
f 2619 3045 4309
f 2629 4310 4311
f 2629 4311 3554
f 5046 5476 4829
f 5046 4829 4575
f 4122 4207 4312
f 4122 4312 2362
f 2597 2868 3404
f 2597 3404 5351
f 5145 4664 4468
f 5145 4468 4469
f 3945 3943 5588
f 3945 5588 5587
f 2162 2164 4313
f 2162 4313 4314
f 3181 4081 2180
f 3181 2180 3191
f 6194 2973 4570
f 6194 4570 4556
f 5781 5045 4962
f 5781 4962 3142
f 2330 2332 4315
f 2330 4315 3966
f 4709 5833 3805
f 4709 3805 3728
f 3970 5439 5438
f 3970 5438 3971
f 2348 2350 4316
f 2348 4316 3971
f 4624 5832 5349
f 4624 5349 4623
f 4317 6022 4621
f 5297 4622 4318
f 2092 2567 2098
f 2092 2098 4511
f 2590 2588 3159
f 2590 3159 3004
f 4319 4641 5306
f 4319 5306 4320
f 2621 2167 3042
f 2621 3042 3045
f 3273 3140 2734
f 3273 2734 2733
f 3380 3279 2747
f 3380 2747 5783
f 2360 2362 4312
f 2360 4312 4321
f 4267 1889 4214
f 4267 4214 3983
f 4507 4509 4614
f 4507 4614 4493
f 4322 4323 5742
f 4322 5742 4888
f 4001 3962 3963
f 4001 3963 1903
f 4324 4325 4603
f 4324 4603 5303
f 4326 4599 4600
f 4326 4600 4327
f 4599 4326 6059
f 4599 6059 4275
f 4023 5474 4022
f 4023 4022 4024
f 4590 6241 4490
f 4590 4490 5761
f 3977 3978 4328
f 3977 4328 4329
f 4485 4489 4487
f 4485 4487 5319
f 4330 4331 4332
f 4330 4332 4333
f 4582 4832 5508
f 4582 5508 4248
f 4248 4821 4819
f 4248 4819 5331
f 4143 5331 4811
f 4143 4811 5342
f 5931 4143 5441
f 5931 5441 4806
f 4530 4525 2505
f 4530 2505 2504
f 5414 4951 4249
f 5414 4249 5243
f 4250 4785 5284
f 4250 5284 4777
f 4159 2557 2556
f 4159 2556 4156
f 4252 4608 5590
f 4252 5590 5504
f 4334 4335 4336
f 4334 4336 4337
f 3153 2098 2567
f 3153 2567 2566
f 3386 3153 2566
f 3386 2566 2757
f 3387 3386 2757
f 3387 2757 5897
f 6140 2759 2568
f 6140 2568 5897
f 6043 2758 2759
f 6043 2759 6140
f 3384 2852 2758
f 3384 2758 6043
f 2852 3384 2093
f 2852 2093 4649
f 2093 2095 4253
f 5293 4483 4650
f 4511 2098 2097
f 4511 2097 1890
f 1891 1890 5744
f 1891 5744 5544
f 2861 4579 4563
f 2861 4563 5067
f 5551 4562 5317
f 5551 5317 5921
f 2859 2861 5067
f 2859 5067 3530
f 6075 5551 5921
f 6075 5921 6025
f 2586 3000 2859
f 2586 2859 3530
f 6075 6025 6087
f 6075 6087 6074
f 2585 3300 3000
f 2585 3000 2586
f 5550 6074 6087
f 5550 6087 5922
f 5392 3301 3300
f 5392 3300 2585
f 5922 5382 5393
f 5922 5393 5550
f 5392 4338 4339
f 5392 4339 2108
f 5245 6198 4167
f 5245 4167 3937
f 4338 4167 2105
f 4338 2105 4339
f 5280 4482 4504
f 5280 4504 4496
f 4340 4209 2109
f 4340 2109 4341
f 2118 4168 5362
f 2118 5362 5226
f 5238 5220 2590
f 5238 2590 3004
f 5559 3539 3009
f 5559 3009 6082
f 3009 3539 5218
f 3009 5218 5177
f 2123 4711 4343
f 2123 4343 4344
f 2124 4345 4346
f 2124 4346 5619
f 5561 4169 4170
f 5561 4170 5560
f 4347 4348 2132
f 4347 2132 4170
f 4349 3938 2133
f 4349 2133 4350
f 6129 2866 2597
f 6129 2597 3938
f 5262 3016 2866
f 5262 2866 6129
f 5261 3015 3016
f 5261 3016 5262
f 3161 3015 5261
f 3161 5261 5801
f 3303 3161 5801
f 3303 5801 5800
f 3543 3303 5800
f 3543 5800 6021
f 2140 3543 6021
f 2140 6021 2129
f 5176 5351 4349
f 5176 4349 4350
f 2868 6024 3547
f 2868 3547 3404
f 3547 6024 3165
f 3547 3165 5581
f 5576 5581 3165
f 5576 3165 3164
f 5803 5576 3164
f 5803 3164 5885
f 3546 3022 5803
f 3546 5803 5885
f 3022 3546 5175
f 3022 5175 2145
f 6293 5317 5352
f 6293 5352 6182
f 5434 6293 6182
f 5434 6182 3548
f 5433 5434 3548
f 5433 3548 2607
f 2606 6295 5433
f 2606 5433 2607
f 5381 6295 2606
f 5381 2606 5802
f 2141 4351 4352
f 2141 4352 5381
f 3417 5926 3939
f 3417 3939 3940
f 6189 2149 4353
f 6189 4353 5817
f 4354 4257 4075
f 4354 4075 4355
f 4356 4357 3033
f 4356 3033 3943
f 4356 4171 5276
f 4356 5276 4357
f 4643 3945 4176
f 4643 4176 4286
f 6026 6027 4641
f 6026 4641 4640
f 4319 4320 5138
f 4319 5138 3939
f 4313 2164 4259
f 4313 4259 4640
f 2619 4309 5616
f 2619 5616 2784
f 6145 6097 6147
f 6145 6147 3442
f 5615 6145 3442
f 5615 3442 3441
f 5614 5615 3441
f 5614 3441 4358
f 2800 5820 5614
f 2800 5614 4358
f 3425 2784 2634
f 3425 2634 5828
f 2799 5415 5820
f 2799 5820 2800
f 4359 3423 3425
f 4359 3425 5828
f 2898 5495 5415
f 2898 5415 2799
f 4082 3557 3423
f 4082 3423 4359
f 2182 4360 5495
f 2182 5495 2898
f 2628 3318 4310
f 2628 4310 2629
f 5836 3318 2628
f 5836 2628 6206
f 5834 6206 3432
f 5834 3432 4361
f 4362 4361 3432
f 4362 3432 3561
f 4363 4362 3561
f 4363 3561 2173
f 4186 3994 5642
f 4186 5642 5079
f 4260 6199 5499
f 4260 5499 6202
f 4088 4183 3994
f 4088 3994 3993
f 3059 6199 3331
f 3059 3331 3949
f 2801 5880 3195
f 2801 3195 3194
f 3061 3950 4188
f 3061 4188 3194
f 1896 5959 6053
f 1896 6053 1897
f 2224 2226 4287
f 2224 4287 5376
f 5968 5684 4561
f 5968 4561 4576
f 6055 5682 5684
f 6055 5684 5968
f 3076 4636 4192
f 3076 4192 3075
f 6055 6056 5681
f 6055 5681 5682
f 5683 5681 6056
f 5683 6056 3340
f 5124 5683 3340
f 5124 3340 6157
f 4561 5686 5972
f 4561 5972 4635
f 5970 5972 5686
f 5970 5686 5988
f 5970 5988 5687
f 5970 5687 5971
f 6108 5971 5687
f 6108 5687 5685
f 6108 5685 5125
f 6108 5125 5549
f 2231 4364 4365
f 2231 4365 3957
f 6057 3462 3464
f 6057 3464 5973
f 6058 2670 3462
f 6058 3462 6057
f 2671 2670 6058
f 2671 6058 5974
f 5548 2813 2671
f 5548 2671 5974
f 4366 5030 2239
f 4366 2239 5548
f 4365 4364 5449
f 4365 5449 3958
f 4193 4194 3089
f 4193 3089 3090
f 5700 5701 5232
f 5700 5232 5233
f 3344 5702 5700
f 3344 5700 5233
f 5702 3344 5455
f 5702 5455 5864
f 3960 5292 5291
f 3960 5291 3961
f 6062 4195 4196
f 6062 4196 6061
f 3962 2941 3233
f 3962 3233 3963
f 3239 5706 5240
f 3239 5240 3240
f 5870 2830 5706
f 5870 5706 3239
f 4367 3098 2830
f 4367 2830 5870
f 4605 5413 4199
f 4605 4199 4197
f 3098 4367 4368
f 3098 4368 3097
f 3358 3097 4368
f 3358 4368 4369
f 3478 3358 4369
f 3478 4369 5607
f 3103 3478 5607
f 3103 5607 3104
f 5717 4099 5709
f 5717 5709 2953
f 5712 5717 2953
f 5712 2953 3100
f 5712 3100 3244
f 5712 3244 5711
f 3243 5716 5711
f 3243 5711 3244
f 3361 2832 5716
f 3361 5716 3243
f 5723 4973 4573
f 5723 4573 4558
f 5727 5961 4973
f 5727 4973 5723
f 5960 5961 5727
f 5960 5727 5726
f 3245 5960 5726
f 3245 5726 2833
f 3362 3245 2833
f 3362 2833 2832
f 4574 5982 3486
f 4574 3486 4100
f 3591 3486 5982
f 3591 5982 5591
f 2700 3591 5591
f 2700 5591 5593
f 3363 2698 2700
f 3363 2700 5593
f 2698 3363 3362
f 2698 3362 5048
f 2960 4795 4100
f 2960 4100 3490
f 2960 3490 3592
f 2960 3592 2961
f 3109 2961 3592
f 3109 3592 2703
f 3109 2703 6084
f 3109 6084 6132
f 6132 6084 2834
f 6132 2834 3364
f 3111 3252 3965
f 3111 3965 3964
f 5736 4101 4571
f 5736 4571 5670
f 2967 4068 3282
f 2967 3282 3521
f 5734 5736 5670
f 5734 5670 5989
f 3113 2967 3521
f 3113 3521 3520
f 5734 5989 5990
f 5734 5990 5733
f 4937 3112 3113
f 4937 3113 3520
f 3368 5735 5733
f 3368 5733 5990
f 5132 3253 3112
f 5132 3112 4937
f 6217 5735 3368
f 6217 3368 5578
f 5978 4105 3253
f 5978 3253 5132
f 5578 3601 3117
f 5578 3117 6217
f 3117 3601 3600
f 3117 3600 2287
f 2283 5978 4370
f 2283 4370 4371
f 3594 3121 2973
f 3594 2973 6194
f 3121 3594 2709
f 3121 2709 5987
f 6003 5987 2709
f 6003 2709 5274
f 5354 6003 5274
f 5354 5274 6219
f 3604 5354 6219
f 3604 6219 3119
f 2292 3604 3119
f 2292 3119 2284
f 4555 4070 6001
f 4555 6001 5740
f 5738 5740 6001
f 5738 6001 3123
f 5737 5738 3123
f 5737 3123 3260
f 6134 5739 5737
f 6134 5737 3260
f 5739 6134 5353
f 5739 5353 5887
f 2288 4372 4373
f 2288 4373 5887
f 2978 4071 4555
f 2978 4555 5086
f 3125 2978 5086
f 3125 5086 5910
f 3125 5910 5746
f 3125 5746 3124
f 5745 3261 3124
f 5745 3124 5746
f 5888 3371 3261
f 5888 3261 5745
f 4374 4375 2296
f 4374 2296 5888
f 5402 4103 4569
f 5402 4569 6007
f 5748 5402 6007
f 5748 6007 6289
f 5748 6289 6290
f 5748 6290 5747
f 6008 5749 5747
f 6008 5747 6290
f 5482 5749 6008
f 5482 6008 6172
f 5482 6172 3613
f 5482 3613 3129
f 3129 3613 2293
f 3129 2293 2300
f 2301 4376 4377
f 2301 4377 5305
f 3505 5918 2723
f 3505 2723 5305
f 3615 6070 5918
f 3615 5918 3505
f 6070 3615 2720
f 6070 2720 6069
f 5920 6069 2720
f 5920 2720 5470
f 3373 5920 5470
f 3373 5470 5484
f 3618 3373 5484
f 3618 5484 3131
f 4116 3618 3131
f 4116 3131 2297
f 4887 4553 5762
f 4887 5762 5679
f 4377 4376 2305
f 4377 2305 4553
f 6064 4887 5679
f 6064 5679 3135
f 6064 3135 3268
f 6064 3268 6063
f 5991 4886 6063
f 5991 6063 3268
f 4886 5991 6176
f 4886 6176 5404
f 2306 4378 4379
f 2306 4379 5404
f 6012 5776 4552
f 6012 4552 5423
f 6012 5423 5773
f 6012 5773 6010
f 6011 6010 5773
f 6011 5773 5772
f 3269 6011 5772
f 3269 5772 5770
f 5405 3375 3269
f 5405 3269 5770
f 3140 2315 3625
f 3140 3625 2734
f 3513 3273 2733
f 3513 2733 6013
f 6071 3511 3513
f 6071 3513 6013
f 6073 2735 3511
f 6073 3511 6071
f 6073 5409 5778
f 6073 5778 2735
f 5778 5409 6178
f 5778 6178 2844
f 4380 4381 4202
f 4380 4202 6178
f 4072 5781 3142
f 4072 3142 5480
f 3515 2995 4072
f 3515 4072 5480
f 2995 3515 3627
f 2995 3627 2993
f 2993 3627 5618
f 2993 5618 3150
f 3377 3150 5618
f 3377 5618 5891
f 3378 3377 5891
f 3378 5891 5432
f 3279 4086 2329
f 3279 2329 2747
f 2329 4086 5437
f 2329 5437 4383
f 4380 3378 4960
f 4380 4960 4381
f 5435 5558 3380
f 5435 3380 5783
f 5435 3152 5788
f 5435 5788 5558
f 5788 3152 3278
f 5788 3278 5787
f 5436 5786 5787
f 5436 5787 3278
f 5436 6168 5979
f 5436 5979 5786
f 4384 4325 4324
f 4384 4324 4385
f 4928 5598 4386
f 4928 4386 4387
f 4388 4389 4464
f 4388 4464 4465
f 4390 4391 4463
f 4390 4463 6048
f 4476 4392 4480
f 4476 4480 5359
f 4498 4462 4477
f 4499 4478 4479
f 6227 3966 4206
f 6227 4206 6228
f 3764 3967 4315
f 3764 4315 2332
f 3967 6238 3639
f 3967 3639 3968
f 4120 4206 4393
f 4120 4393 2338
f 2336 2338 4393
f 2336 4393 3968
f 2342 2344 4394
f 2342 4394 4625
f 3915 3970 4394
f 3915 4394 2344
f 3917 4625 4316
f 3917 4316 2350
f 3922 3972 4207
f 3922 4207 3656
f 3784 3973 4395
f 3784 4395 2356
f 2354 2356 4395
f 2354 4395 3972
f 3889 3973 3664
f 3889 3664 3713
f 2369 3889 3713
f 2369 3713 3789
f 3890 2368 4321
f 3890 4321 3974
f 4396 4397 4398
f 4396 4398 4399
f 4400 4401 4402
f 4400 4402 4403
f 4404 4405 4459
f 4404 4459 4460
f 4502 5287 4406
f 4502 4406 4407
f 4408 4457 4458
f 4408 4458 4409
f 4410 4895 4456
f 4410 4456 4411
f 4461 4455 4454
f 4461 4454 5743
f 4741 6258 4913
f 4741 4913 4693
f 3903 3751 6258
f 3903 6258 4741
f 3902 4412 3751
f 3902 3751 3903
f 4208 4900 4924
f 4208 4924 3976
f 4412 3902 3673
f 4412 3673 4413
f 3855 4413 3673
f 3855 3673 3672
f 3856 3855 3672
f 3856 3672 4716
f 4852 3856 4716
f 4852 4716 3795
f 3858 6271 4863
f 3858 4863 3718
f 3859 3858 3718
f 3859 3718 3716
f 6287 3859 3716
f 6287 3716 4702
f 6287 4702 4760
f 6287 4760 6282
f 5118 3720 6282
f 5118 6282 4760
f 4674 3719 3720
f 4674 3720 5118
f 4906 3755 3719
f 4906 3719 4674
f 3907 3689 3978
f 3907 3978 3977
f 4471 4466 4467
f 4471 4467 4474
f 4472 4475 4414
f 4473 4678 4415
f 4416 5443 4679
f 4416 4679 4417
f 4418 4453 4452
f 4418 4452 4419
f 4651 5320 4689
f 4652 4690 4470
f 5219 4346 4420
f 4346 5219 4342
f 4342 5219 5227
f 5175 4351 2145
f 4351 5175 4352
f 4352 5175 4421
f 4421 5175 4422
f 2284 4372 2292
f 4372 2284 4373
f 4373 2284 4423
f 4423 2284 4424
f 4360 4425 4426
f 4425 4360 2182
f 4425 2182 2184
f 4427 4428 4429
f 4428 4427 4430
f 4430 4427 4431
f 4432 4433 4434
f 4433 4432 4435
f 4433 4435 4436
f 4343 5238 4344
f 5238 4343 5220
f 5220 4343 4340
f 5220 4340 4341
f 4422 4347 4421
f 4347 4422 4348
f 4348 4422 2140
f 4348 2140 2129
f 2162 2149 6189
f 2149 2162 4314
f 2149 4314 2148
f 4437 4081 4438
f 4081 4437 2180
f 2180 4437 2181
f 3042 4439 4440
f 4439 3042 2167
f 4439 2167 2169
f 4441 6044 4442
f 6044 4441 4082
f 4082 4441 3557
f 3557 4441 2175
f 3554 4439 2169
f 4439 3554 4311
f 4439 4311 4437
f 4437 4311 2181
f 4441 2173 2175
f 2173 4441 4363
f 4363 4441 4425
f 4363 4425 2184
f 5026 4443 4631
f 4559 5027 5340
f 5340 5027 5031
f 4444 2287 3600
f 2287 4444 4424
f 4424 4444 4445
f 4424 4445 4423
f 2293 4446 2300
f 4446 2293 4375
f 4446 4375 4374
f 4446 4374 4447
f 4116 4379 4378
f 4379 4116 2297
f 4379 2297 4447
f 4447 2297 4446
f 4264 4448 4289
f 4448 4264 4449
f 4449 4264 3625
f 4449 3625 2315
f 4382 4962 4450
f 4962 4382 4448
f 4962 4448 4449
f 4451 2360 4321
f 2360 4451 3789
usemtl Plastic_with_scratches
f 6304 6305 6306
f 6307 6308 6309
f 6310 6311 6312
f 6313 6314 7392
f 6311 6315 6316
f 6317 6318 6319
f 7385 6320 7377
f 6321 6322 6323
f 7374 6324 6322
f 7349 6326 7386
f 6325 6327 7383
f 6325 6328 6327
f 6329 6330 6331
f 7355 6332 7461
f 6333 6334 6335
f 7411 6336 7576
f 7456 7356 6337
f 6338 6339 6340
f 6341 6342 6343
f 6344 6345 7552
f 6343 6342 7365
f 7552 6346 6338
f 6347 6348 6349
f 6350 6351 6352
f 6351 6353 6352
f 6354 6355 6356
f 6357 6358 7407
f 7572 6359 6360
f 7463 7344 7454
f 7345 6361 6362
f 7345 7578 6361
f 6363 6364 6365
f 6365 6366 6367
f 6368 6369 6370
f 6371 6372 6364
f 6373 6374 6369
f 6375 6372 6376
f 6377 6374 6378
f 6379 6380 6375
f 6381 6382 6377
f 6383 6384 6385
f 6386 6387 6388
f 6389 6383 6390
f 6391 6388 6392
f 6393 6394 6395
f 7442 7299 6396
f 6397 6389 6398
f 6399 6400 6401
f 6402 6392 6403
f 6404 6405 6394
f 7299 6406 6407
f 6408 6399 6409
f 6410 6403 6411
f 7306 6412 6413
f 6414 6415 6416
f 7448 6417 6418
f 6419 6411 6420
f 6421 6415 6422
f 6423 7472 6424
f 6425 6420 6426
f 6427 6428 6429
f 7342 6430 6431
f 6432 6433 6421
f 6423 6434 6435
f 6436 6437 6438
f 6439 7298 6427
f 6430 6441 6442
f 6443 6444 6432
f 6445 7423 6446
f 7431 6436 6447
f 6439 6448 6449
f 7441 7565 6450
f 6443 6451 6452
f 7565 6453 6454
f 6455 6456 6451
f 6457 6458 6459
f 6460 6461 6462
f 6463 7438 6464
f 7325 6457 6465
f 6466 6461 6467
f 6468 6469 6470
f 7321 6471 6472
f 7326 6473 6474
f 6475 6476 6477
f 6478 6467 6479
f 6480 6469 6481
f 6471 6482 6483
f 6484 6475 6485
f 6486 6479 6487
f 7314 6488 6489
f 6490 6491 6492
f 6493 6485 6494
f 6486 6495 6496
f 6497 6498 6488
f 6499 6491 6500
f 6501 6494 6502
f 6496 6503 6504
f 6505 6506 6507
f 7313 6508 6498
f 6499 6509 6510
f 6511 6501 6512
f 6513 6514 6515
f 6516 6506 6517
f 6508 6518 6519
f 6520 6509 6521
f 6522 7318 6523
f 7322 6513 6524
f 6516 6525 6526
f 7320 7295 6527
f 6520 6528 6529
f 7295 6530 6531
f 6532 6533 6528
f 6534 6535 6536
f 6537 6538 6539
f 6540 7333 6541
f 6542 6539 6543
f 6544 6545 6546
f 7401 6547 6548
f 7302 6549 6550
f 6551 6552 6553
f 6542 6554 6555
f 6556 6547 6544
f 6547 6557 6558
f 6550 6559 6560
f 6559 6551 6561
f 6562 6554 6563
f 7291 6564 6565
f 6566 6567 6568
f 6569 6561 6570
f 6571 6563 6572
f 6573 6574 6564
f 6575 6567 6576
f 6577 6570 6578
f 6578 6579 6580
f 6571 6581 6582
f 6583 6584 6574
f 6584 6585 6574
f 6575 6586 6587
f 6588 6589 6590
f 7534 6591 7491
f 6592 6593 6594
f 6595 6596 6597
f 6597 6598 6599
f 6600 6601 6602
f 6603 6590 6604
f 6594 6605 6606
f 6607 6608 6596
f 6609 6601 6610
f 6611 6604 6612
f 6613 6605 6614
f 6615 6616 6617
f 7486 6618 6608
f 6609 6619 6620
f 7488 6621 6622
f 6623 6624 6625
f 6615 6626 7495
f 6618 6627 6628
f 6629 6619 6630
f 6622 6631 6632
f 7307 6623 6633
f 7546 6634 6635
f 6629 6636 6637
f 6634 6638 6639
f 6640 6641 6636
f 6642 6643 6644
f 7505 6645 6646
f 6647 6648 6649
f 7403 6650 6651
f 6651 6652 6653
f 6654 6655 6656
f 7506 6657 6658
f 6658 6659 6660
f 6644 6661 6662
f 6646 6663 7510
f 6664 6665 6647
f 6650 6666 6652
f 6667 6655 6668
f 6669 6659 6657
f 6670 6661 6671
f 6672 6663 6673
f 6674 6675 6664
f 6676 6666 6677
f 6678 7507 6667
f 6680 6681 6669
f 6682 6671 6683
f 6683 6672 6684
f 6674 6685 6686
f 7512 7514 6676
f 7511 7515 6687
f 7513 6688 6680
f 6688 6689 6680
f 6690 6691 6692
f 6693 6694 6695
f 6692 6696 6697
f 6693 6698 6699
f 6700 6696 6701
f 6702 6698 6703
f 6704 6701 6705
f 6705 6706 6707
f 6708 6703 6709
f 6710 6711 6712
f 7529 7528 6713
f 6714 6715 6716
f 7522 6717 6718
f 6718 6717 6719
f 6710 6720 6721
f 6722 6723 6715
f 6724 6720 6725
f 6726 6727 6728
f 6729 6730 6723
f 6731 6732 6733
f 6734 6735 6736
f 6735 6734 6737
f 6737 6734 6738
f 7536 7531 6740
f 7538 6726 6741
f 6726 6742 6741
f 6743 6744 6745
f 7539 6746 6747
f 6748 6749 6730
f 6730 6750 6751
f 6751 6752 6732
f 6753 6738 6754
f 6755 6740 6756
f 6757 6742 6758
f 6759 6760 6743
f 7544 6761 6762
f 6763 6749 6764
f 6750 6765 6752
f 6766 6754 6767
f 6768 6756 6769
f 6770 6758 6771
f 6772 6773 6759
f 6774 6775 6761
f 6763 6776 6777
f 6778 6779 6765
f 6780 6767 6781
f 6782 6769 6783
f 6784 6771 6785
f 6772 6786 6787
f 6788 6789 6775
f 6790 6791 6776
f 6792 6793 6779
f 6794 7551 6795
f 6796 6783 6797
f 6797 6784 6798
f 6798 6785 6799
f 7541 6800 6801
f 6801 6800 6789
f 7500 6803 6791
f 7533 6804 6805
f 6804 6793 6805
f 6806 6797 6807
f 6808 6799 6809
f 6810 6811 7285
f 6804 6812 6813
f 6806 6814 6815
f 6816 6817 6811
f 6818 6814 6819
f 7530 6814 6820
f 6820 6821 6822
f 6817 6823 6824
f 7523 7566 6825
f 6826 6827 6828
f 7570 7568 6829
f 6830 6831 6832
f 7581 6831 6833
f 6833 6834 6835
f 6826 6836 6837
f 6838 6839 6831
f 6837 6840 6841
f 6842 6843 6844
f 6845 6839 6846
f 6847 6848 6849
f 6850 7584 6852
f 6852 7584 6853
f 6841 6854 6855
f 7305 6842 6856
f 6842 6857 6856
f 6858 6859 6860
f 7437 6861 6862
f 7585 6863 6864
f 7279 6865 6866
f 6866 6867 6848
f 6868 6853 6869
f 6870 6854 6871
f 6872 6857 6873
f 6874 6875 6858
f 6861 6876 6877
f 6878 6879 7281
f 6865 6880 6867
f 6881 6869 6882
f 6883 6871 6884
f 6885 6873 6886
f 6887 6888 6874
f 6889 6890 6876
f 6891 6892 6879
f 6893 6894 6880
f 6895 6882 6896
f 6883 6897 6898
f 7273 6886 6899
f 6887 6900 6901
f 6902 6903 6890
f 6904 6905 6892
f 6906 6907 6894
f 6908 6909 6910
f 6909 6895 6911
f 6912 6897 6913
f 7304 7273 6914
f 6914 6899 6915
f 6916 6900 6917
f 7436 7587 6918
f 6918 7587 6903
f 6919 6920 6905
f 7278 6921 6922
f 6921 6907 6922
f 6923 6913 6924
f 6925 6915 6926
f 6927 6920 6928
f 6921 6929 6930
f 6931 6924 6932
f 6933 7571 6927
f 6931 6934 6935
f 7569 6936 6937
f 6937 6938 6939
f 6933 6940 6941
f 7580 7272 6942
f 6943 6944 6945
f 7270 7477 6946
f 6947 6948 6949
f 7269 6950 6951
f 6943 6952 6953
f 6954 6946 6955
f 6956 6957 6948
f 6950 6958 6959
f 6960 6952 6961
f 6962 6955 6963
f 6964 6957 6965
f 6957 6966 6958
f 6967 6963 6968
f 6969 6970 6964
f 6971 6972 6966
f 6973 6974 6975
f 6974 7260 6976
f 7263 6968 6977
f 7267 6978 6979
f 7266 7257 6972
f 6980 6981 6982
f 6982 6981 6983
f 6981 6984 6983
f 6985 6986 6987
f 7250 6988 6989
f 6989 6990 6991
f 6983 6992 6993
f 6985 6994 7248
f 7249 6995 6990
f 6996 6997 6998
f 6999 6992 7000
f 7001 7002 6994
f 7003 7004 6995
f 7005 6997 7006
f 6999 7007 7008
f 7009 7002 7010
f 7011 7004 7012
f 7013 7008 7014
f 7009 7015 7016
f 7247 7242 7011
f 7011 7243 7017
f 7018 6321 6323
f 7365 6325 6343
f 7349 6341 6343
f 7019 6307 7020
f 7019 6308 6307
f 7021 7357 7022
f 7023 7372 7380
f 7356 7240 7024
f 6306 7018 7025
f 6306 7025 6304
f 7020 6307 6309
f 7020 6309 7381
f 7368 7026 7027
f 6312 6311 6316
f 7393 7369 7378
f 7368 7027 7379
f 6316 6315 7028
f 7376 7387 7375
f 6321 7374 6322
f 7385 7384 6320
f 7343 7029 7030
f 7343 7030 7574
f 7024 6337 7356
f 7410 7358 7412
f 6333 7413 6334
f 7414 7462 7457
f 7577 7458 7575
f 7459 7031 7359
f 7359 7031 7460
f 6341 7032 6342
f 7032 7350 6342
f 7351 7033 7559
f 7236 7366 7560
f 7352 7561 7557
f 7560 7366 7553
f 7353 7558 7554
f 6349 6348 7555
f 6351 7388 7034
f 6357 7035 6358
f 7389 7408 7465
f 7408 7573 7464
f 7390 7036 7455
f 7466 7579 7346
f 7037 6363 6365
f 6368 6370 7038
f 6363 6371 6364
f 6368 6373 6369
f 6371 6376 6372
f 6373 6378 6374
f 6372 6375 6380
f 6377 6382 6374
f 6393 6395 7039
f 7235 7442 6396
f 6390 6383 6385
f 6391 6386 6388
f 6393 6404 6394
f 7299 6407 6396
f 6398 6389 6390
f 6402 6391 6392
f 7300 7306 6413
f 7040 6414 6416
f 6397 6398 6408
f 6409 6399 6401
f 6410 6402 6403
f 6414 6422 6415
f 6408 6409 7473
f 6419 6410 6411
f 6429 6428 7041
f 7342 6431 7556
f 6421 6433 6415
f 6423 7474 7472
f 6425 6419 6420
f 6427 7298 6428
f 6431 6430 6442
f 6432 6444 6433
f 6434 6423 6424
f 7042 6425 6426
f 6439 6449 7298
f 6440 7441 6450
f 6443 6452 6444
f 7432 6435 6434
f 6436 6438 6447
f 6450 7565 6454
f 6443 6455 6451
f 6445 6446 7043
f 7276 7431 6447
f 7044 6468 6470
f 7234 7321 6472
f 6465 6457 6459
f 6466 6462 6461
f 6468 6481 6469
f 6471 6483 6472
f 6463 6464 7319
f 6473 7325 6465
f 6478 6466 6467
f 7397 7314 6489
f 7045 6490 6492
f 7046 6474 6473
f 6485 6475 6477
f 6486 6478 6479
f 7314 6497 6488
f 6490 6500 6491
f 6493 6484 6485
f 6486 6487 6495
f 6505 6507 7440
f 6497 7313 6498
f 6499 6510 6491
f 6501 6493 6494
f 6496 6495 6503
f 6505 6517 6506
f 6498 6508 6519
f 6499 6521 6509
f 6512 6501 6502
f 6504 6503 7047
f 6516 6526 6506
f 7396 7320 6527
f 6520 6529 6509
f 7323 6511 6512
f 6513 6515 6524
f 6527 7295 6531
f 6520 6532 6528
f 6522 6523 7048
f 7232 7322 6524
f 6546 6545 7049
f 7286 7401 6548
f 7435 6534 6536
f 6542 6537 6539
f 6544 6547 7401
f 6548 6547 6558
f 6549 7302 7434
f 6542 6543 6554
f 7360 7291 6565
f 7050 6566 6568
f 6550 6549 6559
f 6561 6551 6553
f 6562 6555 6554
f 7291 6573 6564
f 6566 6576 6567
f 6569 6560 6559
f 6569 6559 6561
f 6571 6562 6563
f 6573 6583 6574
f 6564 6574 6585
f 6575 6587 6567
f 6577 6569 6570
f 6571 6572 6581
f 7051 6577 6578
f 7051 6578 6580
f 6582 6581 7052
f 7053 6595 6597
f 7053 6597 6599
f 6600 6602 7054
f 6595 6607 6596
f 6600 6610 6601
f 6603 6588 6590
f 7492 7491 6591
f 6594 6593 6605
f 7484 6617 6616
f 6607 7486 6608
f 6609 6620 6601
f 6611 6603 6604
f 6613 6606 6605
f 6615 7495 6616
f 6608 6618 6628
f 6609 6630 6619
f 7496 6611 6612
f 6613 6614 7055
f 6618 7546 6635
f 6629 6637 6619
f 6622 6621 7307
f 6633 6623 6625
f 6635 6634 6639
f 6629 6640 6636
f 6632 6631 7056
f 7537 7307 6633
f 7057 6649 6648
f 6651 6653 7228
f 6654 6656 7058
f 7229 6658 6660
f 6647 6665 6648
f 6651 6650 6652
f 6654 6668 6655
f 6658 6657 6659
f 6644 6643 6661
f 7510 7509 6646
f 6646 6645 6663
f 6664 6675 6665
f 6650 6677 6666
f 6667 7507 6655
f 6669 6681 6659
f 6670 6662 6661
f 6672 7510 6663
f 6674 6686 6675
f 7404 7512 6676
f 7511 6687 7493
f 6679 7513 6680
f 6680 6689 6681
f 6682 6670 6671
f 6672 6673 6684
f 7059 6682 6683
f 7059 6683 6684
f 6696 6692 6691
f 6693 6695 6698
f 6700 6697 6696
f 6702 6699 6698
f 6704 6700 6701
f 6708 6702 6703
f 7060 6704 6705
f 7244 7526 7527
f 6708 6709 7061
f 6714 6716 6940
f 7272 7522 6718
f 7272 6718 6719
f 6714 6722 6715
f 6720 6710 6712
f 7062 7529 6713
f 6722 6729 6723
f 6717 6731 6733
f 6724 6721 6720
f 6745 6744 7063
f 7532 7540 7547
f 6729 6748 6730
f 6723 6730 6751
f 6731 6751 6732
f 6739 6724 6725
f 6726 6728 6742
f 6743 6760 6744
f 7544 6762 7548
f 6748 6764 6749
f 6751 6750 6752
f 7064 6736 6735
f 7065 6735 6737
f 6753 6737 6738
f 6755 7536 6740
f 7562 7538 6741
f 6757 6741 6742
f 6759 6773 6760
f 7544 6774 6761
f 6763 6777 6749
f 6750 6778 6765
f 6766 6753 6754
f 6768 6755 6756
f 6770 6757 6758
f 6772 6787 6773
f 6774 6788 6775
f 6763 6790 6776
f 6778 6792 6779
f 6780 6766 6767
f 6782 6768 6769
f 6784 6770 6771
f 7545 7541 6801
f 6788 6801 6789
f 6790 7500 6791
f 7549 7533 6805
f 6792 6805 6793
f 6780 6781 7563
f 6796 6782 6783
f 6798 6784 6785
f 6802 6810 7285
f 6804 6813 6793
f 7066 7499 7564
f 6806 6796 6797
f 6807 6797 6798
f 6808 6798 6799
f 6810 6816 6811
f 6806 6807 6814
f 6814 6808 6809
f 6811 6817 6824
f 7067 7523 6825
f 6818 6815 6814
f 6818 6819 6827
f 7568 7530 6820
f 7568 6820 6822
f 6823 6830 6832
f 7566 7581 6833
f 7566 6833 6835
f 6830 6838 6831
f 6836 6826 6828
f 7068 7570 6829
f 6838 6846 6839
f 6831 6847 6849
f 6837 6836 6840
f 6860 6859 7069
f 7588 7437 6862
f 7585 6864 7582
f 6839 7279 6866
f 6847 6866 6848
f 6841 6840 6854
f 6842 6844 6857
f 6858 6875 6859
f 6861 6877 6862
f 7586 6878 7281
f 6866 6865 6867
f 7070 6850 6852
f 6868 6852 6853
f 6870 6855 6854
f 7274 7305 6856
f 6872 6856 6857
f 6874 6888 6875
f 6861 6889 6876
f 6878 6891 6879
f 6865 6893 6880
f 6881 6868 6869
f 6883 6870 6871
f 6885 6872 6873
f 6887 6901 6888
f 6889 6902 6890
f 6891 6904 6892
f 6893 6906 6894
f 6895 6881 6882
f 6883 6884 6897
f 7273 6885 6886
f 6887 6917 6900
f 7289 7436 6918
f 6902 6918 6903
f 6904 6919 6905
f 7280 7278 6922
f 6906 6922 6907
f 6895 6896 6911
f 6912 6898 6897
f 6914 7273 6899
f 6919 6928 6920
f 6921 6930 6907
f 7583 6910 6909
f 7583 6909 6911
f 6923 6912 6913
f 6924 7304 6914
f 6925 6914 6915
f 6927 7571 6920
f 6931 6923 6924
f 6936 6925 6926
f 7571 6933 6941
f 7072 7580 6942
f 6931 6932 6934
f 6711 6935 6934
f 7528 7569 6937
f 7528 6937 6939
f 7073 6947 6949
f 7269 6951 7227
f 6947 6956 6948
f 6951 6950 6959
f 6952 6943 6945
f 6954 7270 6946
f 6956 6965 6957
f 6950 6957 6958
f 6960 6953 6952
f 6962 6954 6955
f 6964 6970 6957
f 6957 6971 6966
f 7261 6960 6961
f 6967 6962 6963
f 7259 7267 6979
f 6971 7266 6972
f 7263 6967 6968
f 6975 6974 7074
f 7074 6974 6976
f 7263 6977 7311
f 6987 6986 7075
f 7226 7250 6989
f 6989 6991 7226
f 6985 7248 6986
f 6989 7249 6990
f 7254 6980 6982
f 7253 6982 6983
f 6983 6984 6992
f 6985 7001 6994
f 7249 7003 6995
f 6999 6993 6992
f 7001 7010 7002
f 7003 7012 7004
f 7005 6998 6997
f 6999 7000 7007
f 7009 7016 7002
f 7002 7247 7011
f 7011 7017 7004
f 7076 7005 7006
f 7014 7008 7007
f 7077 7013 7014
f 7368 7078 7026
f 7018 6306 6321
f 7349 7386 7079
f 7387 7376 7225
f 7365 6310 6312
f 6312 6316 7365
f 7080 7409 7388
f 7388 6351 7081
f 6351 6350 7081
f 7367 7347 7222
f 7082 7350 7032
f 7032 6341 7082
f 7365 7237 7019
f 7241 7238 7354
f 7368 7382 7078
f 7083 7084 7085
f 7083 7416 7394
f 7086 7417 7395
f 7439 7044 7330
f 7361 7049 7087
f 7535 7088 7089
f 7090 7057 7091
f 7092 7093 6685
f 7516 7094 7219
f 7245 7095 7096
f 7097 7098 7251
f 7251 7075 7097
f 7083 7394 7542
f 7086 7418 7417
f 7086 7099 7418
f 7100 7101 7102
f 7100 7103 7101
f 7103 7104 7101
f 7421 7567 7039
f 7277 7338 6448
f 7233 7399 6525
f 7056 7105 7503
f 7049 7361 7334
f 7106 7089 7088
f 7535 7449 7088
f 7056 7503 7501
f 7245 7107 7095
f 7090 7108 7057
f 7516 7310 7094
f 7520 7519 7094
f 7519 7521 7094
f 7312 7098 7258
f 7098 7097 7258
f 7542 7084 7083
f 7104 7103 7109
f 7093 7092 7517
f 7310 7520 7094
f 7110 7111 7240
f 7354 7221 7241
f 7421 7039 7112
f 7421 7112 7113
f 7114 7115 7116
f 7114 7116 7117
f 7020 7381 6314
f 7020 6314 6313
f 6357 6333 6335
f 6357 6335 7035
f 7343 7345 6362
f 7343 6362 7029
f 7086 7395 7416
f 7086 7416 7083
f 7217 7216 7419
f 7217 7419 7218
f 7118 7215 7214
f 7118 7214 7119
f 7567 7426 6393
f 7567 6393 7039
f 7445 6404 6393
f 7445 6393 7426
f 7120 6405 6404
f 7120 6404 7445
f 7120 7475 7041
f 7120 7041 6405
f 7475 7415 6429
f 7475 6429 7041
f 7444 6427 6429
f 7444 6429 7415
f 6427 7444 7433
f 6427 7433 6439
f 7433 7277 6448
f 7433 6448 6439
f 7277 7330 7044
f 7277 7044 7338
f 7439 7327 6468
f 7439 6468 7044
f 6468 7327 7309
f 6468 7309 6481
f 7447 6480 6481
f 7447 6481 7309
f 7447 7430 7440
f 7447 7440 6480
f 7430 7446 6505
f 7430 6505 7440
f 7308 6517 6505
f 7308 6505 7446
f 6517 7308 7324
f 6517 7324 6516
f 7324 7233 6525
f 7324 6525 6516
f 7334 7303 6546
f 7334 6546 7049
f 7303 7424 6544
f 7303 6544 6546
f 7316 6556 6544
f 7316 6544 7424
f 7316 7282 7341
f 7316 7341 6556
f 7341 7282 7317
f 7341 7317 7292
f 7230 7481 7292
f 7230 7292 7317
f 7220 7469 7481
f 7220 7481 7230
f 7535 7487 7485
f 7535 7485 7449
f 7485 7487 7489
f 7485 7489 7484
f 7489 7488 6617
f 7489 6617 7484
f 6622 6615 6617
f 6622 6617 7488
f 6632 6626 6615
f 6632 6615 6622
f 6632 7056 7501
f 6632 7501 6626
f 7121 6649 7057
f 7121 7057 7108
f 7122 6647 6649
f 7122 6649 7121
f 7122 7123 6664
f 7122 6664 6647
f 7123 7124 6674
f 7123 6674 6664
f 7092 6685 6674
f 7092 6674 7124
f 7521 7245 7096
f 7521 7096 7094
f 7117 7125 7126
f 7117 7126 7114
f 7125 6734 7063
f 7125 7063 7126
f 6734 7498 6745
f 6734 6745 7063
f 6745 7498 7550
f 6745 7550 6743
f 6743 7550 7127
f 6743 7127 6759
f 6759 7127 7128
f 6759 7128 6772
f 7129 6786 6772
f 7129 6772 7128
f 7337 6786 7129
f 7337 7129 7525
f 7337 7525 7130
f 7337 7130 7131
f 7130 7132 7133
f 7130 7133 7131
f 7134 7135 7133
f 7134 7133 7132
f 7136 7137 7135
f 7136 7135 7134
f 7136 7138 7139
f 7136 7139 7137
f 6851 7069 7139
f 6851 7139 7138
f 7140 6860 7069
f 7140 7069 6851
f 6860 7140 7141
f 6860 7141 6858
f 6858 7141 7142
f 6858 7142 6874
f 6874 7142 7275
f 6874 7275 6887
f 6887 7275 7429
f 6887 7429 6917
f 7429 7071 6916
f 7429 6916 6917
f 7071 7143 7144
f 7071 7144 6916
f 7144 7143 7145
f 7144 7145 7146
f 7145 7147 7148
f 7145 7148 7146
f 7149 7478 7073
f 7149 7073 7150
f 6947 7073 7478
f 6947 7478 7271
f 7268 6956 6947
f 7268 6947 7271
f 6956 7268 7265
f 6956 7265 6965
f 6965 7265 7262
f 6965 7262 6964
f 7264 6969 6964
f 7264 6964 7262
f 6969 7264 7312
f 6969 7312 7258
f 6987 7075 7251
f 6987 7251 7256
f 6987 7256 7255
f 6987 7255 6985
f 6985 7255 7252
f 6985 7252 7001
f 7001 7252 7443
f 7001 7443 7010
f 7010 7443 7076
f 7010 7076 7009
f 7015 7009 7076
f 7015 7076 7077
f 7239 7225 7376
f 7239 7376 7373
f 7020 6310 7365
f 7020 7365 7019
f 7240 7356 7151
f 7240 7151 7110
f 7152 7223 7225
f 7152 7225 7239
f 7021 7022 7409
f 7021 7409 7080
f 7079 7082 6341
f 7079 6341 7349
f 7224 7348 7082
f 7224 7082 7079
f 7343 7241 7221
f 7343 7221 7345
f 7470 7471 7468
f 7471 7470 7370
f 7471 7370 7371
f 7371 7370 7340
f 7371 7340 7153
f 7153 7340 7402
f 7153 7402 7154
f 7154 7402 7339
f 7154 7339 7400
f 7400 7339 7155
f 7400 7155 7294
f 7294 7155 7156
f 7294 7156 7290
f 7290 7156 7364
f 7290 7364 7363
f 7363 7364 7590
f 7363 7590 7589
f 7589 7590 7301
f 7157 7158 7159
f 7158 7157 7160
f 7158 7160 7161
f 7161 7160 7162
f 7161 7162 7163
f 7406 7405 7398
f 7405 7406 7508
f 7405 7508 7543
f 7543 7508 7420
f 7543 7420 7164
f 7164 7420 7165
f 7164 7165 7166
f 7166 7165 7167
f 7453 7315 7476
f 7315 7453 7287
f 7287 7453 7288
f 7287 7288 7391
f 7287 7391 7168
f 7168 7391 7425
f 7168 7425 7169
f 7169 7425 7422
f 7169 7422 7331
f 7331 7422 7170
f 7331 7170 7328
f 7328 7170 7171
f 7328 7171 7336
f 7336 7171 7451
f 7336 7451 7452
f 7452 7451 7427
f 7452 7427 7428
f 7428 7427 7335
f 7467 7297 7296
f 7297 7467 7494
f 7494 7467 7482
f 7494 7482 7172
f 7172 7482 7173
f 7172 7173 7174
f 7174 7173 7504
f 7504 7173 7175
f 7504 7175 7502
f 7502 7175 7450
f 7502 7450 7329
f 7329 7450 7483
f 7483 7450 6602
f 7483 6602 6620
f 6620 6602 6601
f 7284 7479 7480
f 7479 7284 7231
f 7231 7284 7283
f 7231 7283 7293
f 7231 7293 7176
f 7176 7293 7332
f 7176 7332 7362
f 7176 7362 7177
f 7176 7177 6592
f 6592 7177 7178
f 6592 7178 7497
f 6592 7497 6593
f 6593 7497 6614
f 6593 6614 6605
f 6681 6660 6659
f 6660 6681 6689
f 6660 6689 7229
f 7229 6689 6688
f 7229 6688 7179
f 7179 6688 7180
f 7179 7180 7181
f 7179 7181 7182
f 6645 6673 6663
f 6673 6645 7505
f 6673 7505 6684
f 6684 7505 7059
f 7059 7505 7183
f 7059 7183 7518
f 7518 7183 7246
f 7518 7246 7490
f 7490 7246 6709
f 7490 6709 7524
f 7524 6709 6703
f 6779 6752 6765
f 6752 6779 6793
f 6752 6793 6732
f 6732 6793 6813
f 6732 6813 6733
f 6733 6813 6812
f 6733 6812 6717
f 6717 6812 6825
f 6717 6825 6719
f 6719 6825 7566
f 6719 7566 7272
f 7272 7566 6942
f 6942 7566 6835
f 6942 6835 6834
f 6942 6834 6929
f 6929 6834 6849
f 6929 6849 6930
f 6930 6849 6848
f 6930 6848 6907
f 6907 6848 6867
f 6907 6867 6894
f 6894 6867 6880
f 6758 6785 6771
f 6785 6758 6742
f 6785 6742 6799
f 6799 6742 6728
f 6799 6728 6809
f 6809 6728 6727
f 6809 6727 6821
f 6821 6727 6713
f 6821 6713 6822
f 6822 6713 7528
f 6822 7528 7568
f 7568 7528 6829
f 6829 7528 6939
f 6829 6939 6938
f 6829 6938 6843
f 6843 6938 6926
f 6843 6926 6844
f 6844 6926 6915
f 6844 6915 6857
f 6857 6915 6899
f 6857 6899 6873
f 6873 6899 6886
f 7184 7185 7186
f 7185 7184 7187
f 7185 7187 7188
f 7188 7187 7189
f 7189 7187 7190
f 7190 7187 7191
f 7190 7191 7192
f 7192 7191 7193
f 7192 7193 7194
f 7194 7193 7195
f 7195 7193 7196
f 7195 7196 7197
f 7197 7196 7198
f 7199 7200 7201
f 7200 7199 7202
f 7200 7202 7203
f 7203 7202 7204
f 7203 7204 7205
f 7203 7205 7206
f 7206 7205 7207
f 7206 7207 7208
f 7208 7207 7209
f 7208 7209 7210
f 7210 7209 7211
f 7210 7211 7212
f 7210 7212 7213
usemtl High_Gloss_Red_Plastic
f 7591 7592 7593
f 7594 7595 7596
f 7597 7598 7599
f 7600 7601 7602
f 7603 7604 7605
f 7606 7603 7605
f 7607 7608 7609
f 7610 7609 7608
f 7611 7612 7613
f 7614 7615 7616
f 7617 7614 7616
f 7618 7619 7620
f 7621 7613 7612
f 7622 7597 7599
f 7628 7626 7627
f 7626 7628 7625
f 7625 7628 7629
f 7625 7629 7624
f 7624 7629 7623
usemtl Hi_Gloss_Green_Plastic
f 7630 7631 7632
f 7633 7634 7635
f 7636 7637 7638
f 7639 7640 7641
f 7642 7643 7644
f 7645 7646 7647
f 7648 7645 7647
f 7632 7649 7630
f 7650 7651 7652
f 7653 7654 7655
f 7636 7656 7637
f 7639 7657 7640
f 7658 7659 7643
f 7661 7665 7660
f 7665 7661 7664
f 7664 7661 7662
f 7664 7662 7663
